block_id,neighborhood_source,lon,lat,area,st_north,st_east,st_south,st_west,dates_nonzero,mean_persons,max_persons,total_persons,persistence,in_panel_261,latest_individuals,latest_tents_structures,latest_vehicles,latest_persons_adj,donor_in_block,nearest_donor_m,donor_within_200m,donor_within_400m,donor_within_800m,shelter_in_block,nearest_shelter_m,shelter_within_200m,shelter_within_400m,shelter_within_800m,foodsite_in_block,nearest_foodsite_m,foodsite_within_200m,foodsite_within_400m,foodsite_within_800m,restaurant_within_200m,restaurant_within_400m,restaurant_within_800m,restaurant_in_block,nearest_restaurant_m,unserved_need,supply_within_400m
08TH_AV_DATE_ST,Cortez,-117.1579578,32.7224837,Cortez,DATE_ST,08TH_AV,CEDAR_ST,07TH_AV,2.0,0.2525,2.03,3.03,0.1666666666666666,True,0,0.0,0,0.0,0,714.3,0,0,1,0,398.5,0,1,2,0,309.1,0,3,4,0,0,0,0,,0.0,0
07TH_AV_CEDAR_ST,Cortez,-117.1588533,32.7214614,Cortez,CEDAR_ST,07TH_AV,BEECH_ST,06TH_AV,2.0,0.25,2.0,3.0,0.1666666666666666,True,2,0.0,0,2.0,0,588.8,0,0,4,0,270.0,0,1,3,0,253.2,0,2,4,0,0,0,0,,0.0,0
07TH_AV_I-5_SB,Cortez,-117.1588123,32.7224379,Cortez,I-5_SB,07TH_AV,CEDAR_ST,06TH_AV,6.0,0.9791666666666666,6.0,11.75,0.5,True,6,0.0,0,6.0,0,697.4,0,0,2,0,331.5,0,2,2,0,232.2,0,3,4,0,0,0,0,,0.0,0
02ND_AV_I-5_SB,Cortez,-117.1634219,32.7225051,Cortez,I-5_SB,02ND_AV,CEDAR_ST,01ST_AV,9.0,14.153333333333334,52.03,169.84,0.75,True,2,0.0,0,2.0,0,689.7,0,0,4,0,258.9,0,2,2,0,215.3,0,4,4,0,0,0,0,,0.0,0
03RD_AV_CEDAR_ST,Cortez,-117.1624937,32.7214529,Cortez,CEDAR_ST,03RD_AV,BEECH_ST,02ND_AV,6.0,1.375,4.75,16.5,0.5,True,3,1.0,0,4.75,0,639.1,0,0,7,0,141.1,1,2,2,0,105.9,1,3,4,0,0,0,0,,0.0,0
03RD_AV_I-5_SB,Cortez,-117.1625336,32.7223266,Cortez,I-5_SB,03RD_AV,CEDAR_ST,02ND_AV,7.0,10.1325,36.03,121.59,0.5833333333333334,True,0,0.0,0,0.0,0,715.0,0,0,5,0,225.2,0,2,2,0,145.7,2,4,4,0,0,0,0,,0.0,0
02ND_AV_CEDAR_ST,Cortez,-117.1634179,32.7214684,Cortez,CEDAR_ST,02ND_AV,BEECH_ST,01ST_AV,6.0,1.065,4.0,12.78,0.5,True,1,0.0,0,1.0,0,589.7,0,0,7,0,209.5,0,2,2,0,187.1,1,3,4,0,0,0,0,,0.0,0
06TH_AV_CEDAR_ST,Cortez,-117.1597531,32.7214606,Cortez,CEDAR_ST,06TH_AV,BEECH_ST,05TH_AV,5.0,1.9375,7.0,23.25,0.4166666666666667,True,2,0.0,0,2.0,0,586.1,0,0,5,0,195.5,1,2,3,0,171.5,1,3,4,0,0,0,0,,0.0,0
06TH_AV_I-5_SB,Cortez,-117.1597543,32.722368,Cortez,I-5_SB,06TH_AV,CEDAR_ST,05TH_AV,3.0,0.6716666666666665,4.029999999999999,8.059999999999999,0.25,True,2,0.0,1,4.029999999999999,0,687.0,0,0,3,0,264.5,0,2,2,0,152.6,1,3,4,0,0,0,0,,0.0,0
05TH_AV_CEDAR_ST,Cortez,-117.1606714,32.7214611,Cortez,CEDAR_ST,05TH_AV,BEECH_ST,04TH_AV,11.0,10.979166666666666,22.75,131.75,0.9166666666666666,True,13,0.0,0,13.0,0,595.9,0,0,6,0,132.2,1,2,3,0,93.0,2,3,4,0,0,0,0,,0.0,0
06TH_AV_BEECH_ST,Cortez,-117.1597464,32.7204162,Cortez,BEECH_ST,06TH_AV,ASH_ST,05TH_AV,2.0,0.25,2.0,3.0,0.1666666666666666,True,0,0.0,0,0.0,0,469.9,0,0,6,0,164.5,1,1,3,0,176.6,1,2,4,0,0,0,0,,0.0,0
05TH_AV_BEECH_ST,Cortez,-117.1606585,32.7204177,Cortez,BEECH_ST,05TH_AV,ASH_ST,04TH_AV,3.0,1.5208333333333333,16.25,18.25,0.25,True,0,0.0,0,0.0,0,481.9,0,0,7,0,79.3,1,1,3,0,102.0,1,2,4,0,0,0,0,,0.0,0
04TH_AV_CEDAR_ST,Cortez,-117.1615802,32.7214559,Cortez,CEDAR_ST,04TH_AV,BEECH_ST,03RD_AV,8.0,2.5883333333333334,8.03,31.06,0.6666666666666666,True,6,0.0,0,6.0,0,616.7,0,0,7,0,106.7,1,2,3,1,51.3,2,3,4,0,0,0,0,,0.0,0
04TH_AV_I-5_SB,Cortez,-117.1616025,32.7222703,Cortez,I-5_SB,04TH_AV,CEDAR_ST,03RD_AV,1.0,0.315,3.78,3.78,0.0833333333333333,True,0,0.0,0,0.0,0,703.9,0,0,4,0,197.3,1,2,2,0,89.6,2,4,4,0,0,0,0,,0.0,0
03RD_AV_BEECH_ST,Cortez,-117.1624858,32.7204129,Cortez,BEECH_ST,03RD_AV,ASH_ST,02ND_AV,5.0,0.5625,2.0,6.75,0.4166666666666667,True,0,0.0,0,0.0,0,546.0,0,0,7,0,92.8,1,1,3,0,113.1,1,2,4,0,0,0,0,,0.0,0
02ND_AV_BEECH_ST,Cortez,-117.1633936,32.7204076,Cortez,BEECH_ST,02ND_AV,ASH_ST,01ST_AV,8.0,0.8958333333333334,2.0,10.75,0.6666666666666666,True,0,0.0,0,0.0,0,495.7,0,0,7,0,177.7,1,1,3,0,189.2,1,2,4,0,0,0,0,,0.0,0
03RD_AV_ASH_ST,Cortez,-117.162472,32.7193651,Cortez,ASH_ST,03RD_AV,A_ST,02ND_AV,11.0,4.609166666666667,15.0,55.31,0.9166666666666666,True,3,0.0,0,3.0,0,446.5,0,0,7,0,155.7,1,1,3,0,203.5,0,1,4,0,0,0,0,,0.0,0
07TH_AV_BEECH_ST,Cortez,-117.1588194,32.7204099,Cortez,BEECH_ST,07TH_AV,ASH_ST,06TH_AV,4.0,0.4166666666666667,2.0,5.0,0.3333333333333333,True,0,0.0,0,0.0,0,473.0,0,0,5,0,251.3,0,1,3,0,259.5,0,2,4,0,0,0,0,,0.0,0
09TH_AV_DATE_ST,Cortez,-117.1570188,32.722482,Cortez,DATE_ST,09TH_AV,CEDAR_ST,08TH_AV,1.0,0.1666666666666666,2.0,2.0,0.0833333333333333,True,0,0.0,0,0.0,0,736.9,0,0,1,0,474.2,0,0,2,0,395.8,0,1,4,0,0,0,0,,0.0,0
01ST_AV_I-5_SB,Cortez,-117.1643142,32.7227731,Cortez,I-5_SB,01ST_AV,W_CEDAR_ST,FRONT_ST,2.0,1.5416666666666667,17.5,18.5,0.1666666666666666,True,0,0.0,0,0.0,0,683.5,0,0,2,0,289.7,0,2,2,0,292.8,0,4,4,0,0,0,0,,0.0,0
SR-163_NB_ON_RA_ASH_ST,Cortez,-117.1552592,32.7193915,Cortez,ASH_ST,SR-163_NB_ON_RA,A_ST,10TH_AV,2.0,0.5416666666666666,3.75,6.5,0.1666666666666666,True,1,1.0,0,2.75,0,532.9,0,0,4,0,594.5,0,0,2,0,611.3,0,0,4,0,0,0,0,,0.5416666666666666,0
10TH_AV_ASH_ST,Cortez,-117.156102,32.7193903,Cortez,ASH_ST,10TH_AV,A_ST,09TH_AV,2.0,0.4166666666666667,4.0,5.0,0.1666666666666666,True,0,0.0,0,0.0,0,476.9,0,0,4,0,520.5,0,0,3,0,536.4,0,0,5,0,0,0,0,,0.4166666666666667,0
05TH_AV_I-5_SB,Cortez,-117.1606357,32.7222727,Cortez,I-5_SB,05TH_AV,CEDAR_ST,04TH_AV,4.0,0.6458333333333334,4.0,7.75,0.3333333333333333,True,1,0.0,0,1.0,0,684.3,0,0,3,0,213.3,0,2,2,0,96.7,2,3,4,0,0,0,0,,0.0,0
02ND_AV_ASH_ST,Cortez,-117.1634028,32.7193655,Cortez,ASH_ST,02ND_AV,A_ST,01ST_AV,4.0,0.3333333333333333,1.0,4.0,0.3333333333333333,True,0,0.0,0,0.0,0,413.0,0,0,7,0,218.4,0,1,3,0,254.7,0,1,4,0,0,0,0,,0.0,0
01ST_AV_W_ASH_ST,Cortez,-117.1642985,32.7193598,Cortez,W_ASH_ST,01ST_AV,W_A_ST,FRONT_ST,2.0,0.1666666666666666,1.0,2.0,0.1666666666666666,True,0,0.0,0,0.0,0,352.0,0,1,8,0,291.2,0,1,3,0,319.4,0,1,4,0,0,0,0,,0.0,1
10TH_AV_DATE_ST,Cortez,-117.1561138,32.7224867,Cortez,DATE_ST,10TH_AV,CEDAR_ST,09TH_AV,2.0,0.2525,2.03,3.03,0.1666666666666666,True,0,0.0,0,0.0,0,768.4,0,0,1,0,550.8,0,0,2,0,479.8,0,0,4,0,0,0,0,,0.2525,0
10TH_AV_CEDAR_ST,Cortez,-117.1561651,32.7214876,Cortez,CEDAR_ST,10TH_AV,BEECH_ST,09TH_AV,2.0,0.2291666666666666,1.75,2.75,0.1666666666666666,True,0,0.0,0,0.0,0,666.4,0,0,2,0,511.6,0,0,3,0,500.7,0,0,4,0,0,0,0,,0.2291666666666666,0
09TH_AV_CEDAR_ST,Cortez,-117.1570136,32.7214682,Cortez,CEDAR_ST,09TH_AV,BEECH_ST,08TH_AV,0.0,0.0,0.0,0.0,0.0,True,0,0.0,0,0.0,0,631.0,0,0,3,0,433.8,0,0,3,0,423.4,0,0,4,0,0,0,0,,0.0,0
10TH_AV_BEECH_ST,Cortez,-117.1561276,32.7204857,Cortez,BEECH_ST,10TH_AV,SR-163_SB_OFF_RA,09TH_AV,1.0,0.0833333333333333,1.0,1.0,0.0833333333333333,True,0,0.0,0,0.0,0,572.2,0,0,4,0,503.2,0,0,3,0,506.4,0,0,3,0,0,0,0,,0.0833333333333333,0
04TH_AV_BEECH_ST,Cortez,-117.1615763,32.7204154,Cortez,BEECH_ST,04TH_AV,ASH_ST,03RD_AV,8.0,4.291666666666667,16.0,51.5,0.6666666666666666,True,0,0.0,0,0.0,0,508.0,0,0,7,1,11.8,1,1,3,0,65.5,1,2,4,0,0,0,0,,0.0,0
04TH_AV_ASH_ST,Cortez,-117.1615803,32.719375,Cortez,ASH_ST,04TH_AV,A_ST,03RD_AV,4.0,0.9791666666666666,6.0,11.75,0.3333333333333333,True,0,0.0,0,0.0,0,403.6,0,0,7,0,125.5,1,1,3,0,181.1,1,1,5,0,0,0,0,,0.0,0
07TH_AV_ASH_ST,Cortez,-117.158832,32.7193765,Cortez,ASH_ST,07TH_AV,A_ST,06TH_AV,5.0,1.4166666666666667,5.0,17.0,0.4166666666666667,True,0,0.0,0,0.0,0,359.1,0,1,6,0,279.4,0,1,3,0,308.4,0,1,6,0,0,0,0,,0.0,1
09TH_AV_BEECH_ST,Cortez,-117.1570225,32.7204252,Cortez,BEECH_ST,09TH_AV,ASH_ST,08TH_AV,1.0,0.0833333333333333,1.0,1.0,0.0833333333333333,True,0,0.0,0,0.0,0,524.5,0,0,4,0,419.5,0,0,3,0,424.2,0,0,5,0,0,0,0,,0.0833333333333333,0
08TH_AV_BEECH_ST,Cortez,-117.1579315,32.7204208,Cortez,BEECH_ST,08TH_AV,ASH_ST,07TH_AV,4.0,0.6666666666666666,3.0,8.0,0.3333333333333333,True,0,0.0,0,0.0,0,492.3,0,0,5,0,334.4,0,1,3,0,340.4,0,1,5,0,0,0,0,,0.0,0
PARK_BL_RUSS_BL,City Center,-117.1542576,32.7191273,City Center,RUSS_BL,PARK_BL,A_ST,11TH_AV,1.0,0.0833333333333333,1.0,1.0,0.0833333333333333,True,0,0.0,0,0.0,0,589.3,0,0,4,0,624.5,0,0,3,0,708.5,0,0,4,0,0,0,0,,0.0833333333333333,0
05TH_AV_ASH_ST,Cortez,-117.1606493,32.7193752,Cortez,ASH_ST,05TH_AV,A_ST,04TH_AV,10.0,3.2916666666666665,6.0,39.5,0.8333333333333334,True,0,0.0,0,0.0,0,369.5,0,1,7,0,148.4,1,1,3,0,197.6,1,1,5,0,0,0,0,,0.0,1
FRONT_ST_W_ASH_ST,Cortez,-117.1651687,32.7193522,Cortez,W_ASH_ST,FRONT_ST,W_A_ST,UNION_ST,7.0,3.6666666666666665,11.0,44.0,0.5833333333333334,True,1,0.0,0,1.0,0,303.2,0,2,7,0,366.6,0,1,2,0,389.5,0,1,4,0,0,0,0,,0.0,2
08TH_AV_CEDAR_ST,Cortez,-117.1579206,32.7214624,Cortez,CEDAR_ST,08TH_AV,BEECH_ST,07TH_AV,1.0,0.0833333333333333,1.0,1.0,0.0833333333333333,True,0,0.0,0,0.0,0,604.2,0,0,4,0,352.0,0,1,3,0,339.2,0,2,4,0,0,0,0,,0.0,0
08TH_AV_ASH_ST,Cortez,-117.1579077,32.7193799,Cortez,ASH_ST,08TH_AV,A_ST,07TH_AV,4.0,0.7291666666666666,5.0,8.75,0.3333333333333333,True,1,0.0,0,1.0,0,384.1,0,1,5,0,358.8,0,1,3,0,381.8,0,1,5,0,0,0,0,,0.0,1
01ST_AV_W_CEDAR_ST,Cortez,-117.1643624,32.7214641,Cortez,W_CEDAR_ST,01ST_AV,W_BEECH_ST,FRONT_ST,1.0,0.0833333333333333,1.0,1.0,0.0833333333333333,True,0,0.0,0,0.0,0,546.9,0,0,6,0,288.8,0,1,2,0,273.0,0,2,4,0,0,0,0,,0.0,0
06TH_AV_ASH_ST,Cortez,-117.159752,32.7193801,Cortez,ASH_ST,06TH_AV,A_ST,05TH_AV,6.0,1.0833333333333333,6.0,13.0,0.5,True,0,0.0,0,0.0,0,354.8,0,1,6,0,205.8,0,1,3,0,243.6,0,1,6,0,0,0,0,,0.0,1
01ST_AV_W_BEECH_ST,Cortez,-117.1643077,32.7204067,Cortez,W_BEECH_ST,01ST_AV,W_ASH_ST,FRONT_ST,3.0,1.1041666666666667,6.25,13.25,0.25,True,0,0.0,0,0.0,0,445.3,0,0,7,0,263.2,0,1,2,0,271.1,0,1,4,0,0,0,0,,0.0,0
09TH_AV_ASH_ST,Cortez,-117.1569963,32.7193836,Cortez,ASH_ST,09TH_AV,A_ST,08TH_AV,2.0,0.1666666666666666,1.0,2.0,0.1666666666666666,True,0,0.0,0,0.0,0,425.0,0,0,5,0,439.8,0,0,3,0,458.6,0,0,5,0,0,0,0,,0.1666666666666666,0
03RD_AV_J_ST,Marina,-117.1623282,32.7084097,Marina,J_ST,03RD_AV,HARBOR_DR,01ST_AV,9.0,4.19,13.0,50.28,0.75,True,0,0.0,0,0.0,0,184.2,1,6,12,0,796.6,0,0,1,0,719.8,0,0,2,0,0,0,0,,4.19,6
04TH_AV_J_ST,Marina,-117.1614727,32.7088488,Marina,J_ST,04TH_AV,K_ST,03RD_AV,7.0,1.055,3.66,12.66,0.5833333333333334,True,0,0.0,0,0.0,0,148.1,1,6,14,0,718.6,0,0,1,0,631.1,0,0,2,0,0,0,0,,1.055,6
05TH_AV_MARKET_ST,Gaslamp,-117.1605705,32.710951,Gaslamp,MARKET_ST,05TH_AV,ISLAND_AV,04TH_AV,11.0,2.8775,7.75,34.53,0.9166666666666666,True,3,0.0,0,3.0,0,252.3,0,5,14,0,470.3,0,0,1,0,402.8,0,0,2,0,0,0,0,,2.8775,5
04TH_AV_MARKET_ST,Marina,-117.1614943,32.7109505,Marina,MARKET_ST,04TH_AV,ISLAND_AV,03RD_AV,4.0,0.4166666666666667,2.0,5.0,0.3333333333333333,True,0,0.0,0,0.0,0,289.1,0,4,14,0,512.1,0,0,1,0,472.0,0,0,2,0,0,0,0,,0.4166666666666667,4
05TH_AV_ISLAND_AV,Gaslamp,-117.1605805,32.709901,Gaslamp,ISLAND_AV,05TH_AV,J_ST,04TH_AV,8.0,1.8333333333333333,7.0,22.0,0.6666666666666666,True,1,0.0,0,1.0,0,163.6,1,5,14,0,579.1,0,0,1,0,487.4,0,0,2,0,0,0,0,,1.8333333333333333,5
04TH_AV_ISLAND_AV,Marina,-117.1614691,32.7098934,Marina,ISLAND_AV,04TH_AV,J_ST,03RD_AV,4.0,0.5833333333333334,3.0,7.0,0.3333333333333333,True,2,0.0,0,2.0,0,234.7,0,6,15,0,612.9,0,0,1,0,544.3,0,0,2,0,0,0,0,,0.5833333333333334,6
06TH_AV_ISLAND_AV,Gaslamp,-117.1596516,32.7099052,Gaslamp,ISLAND_AV,06TH_AV,J_ST,05TH_AV,6.0,0.5833333333333334,2.0,7.0,0.5,True,0,0.0,0,0.0,0,109.3,2,6,14,0,555.5,0,0,3,0,437.0,0,0,2,0,0,0,0,,0.5833333333333334,6
05TH_AV_J_ST,Gaslamp,-117.160541,32.7088473,Gaslamp,J_ST,05TH_AV,K_ST,04TH_AV,6.0,0.8333333333333334,3.0,10.0,0.5,True,2,0.0,0,2.0,0,116.6,4,8,13,0,689.7,0,0,1,0,580.4,0,0,2,0,0,0,0,,0.8333333333333334,8
05TH_AV_G_ST,Gaslamp,-117.1605939,32.7120267,Gaslamp,G_ST,05TH_AV,MARKET_ST,04TH_AV,10.0,2.2291666666666665,6.75,26.75,0.8333333333333334,True,0,0.0,0,0.0,0,331.6,0,6,14,0,365.8,0,1,1,0,339.5,0,2,2,0,0,0,0,,0.0,6
04TH_AV_G_ST,Marina,-117.1615051,32.7120166,Marina,G_ST,04TH_AV,MARKET_ST,03RD_AV,11.0,3.9166666666666665,13.0,47.0,0.9166666666666666,True,3,0.0,0,3.0,0,253.2,0,4,16,0,418.6,0,0,1,0,419.0,0,0,2,0,0,0,0,,3.9166666666666665,4
05TH_AV_E_ST,Gaslamp,-117.1606053,32.7141324,Gaslamp,E_ST,05TH_AV,F_ST,04TH_AV,10.0,3.0625,7.0,36.75,0.8333333333333334,True,2,0.0,0,2.0,0,98.3,3,6,12,0,210.7,0,1,2,0,323.2,0,1,3,0,0,0,0,,0.0,6
04TH_AV_BROADWAY,City Center,-117.1624468,32.7140043,City Center,BROADWAY,04TH_AV,G_ST,01ST_AV,10.0,5.125,27.75,61.5,0.8333333333333334,True,3,0.0,0,3.0,1,189.9,1,6,12,0,380.1,0,1,2,0,488.4,0,0,3,0,0,0,0,,5.125,6
06TH_AV_J_ST,Gaslamp,-117.159649,32.7088562,Gaslamp,J_ST,06TH_AV,K_ST,05TH_AV,6.0,1.1666666666666667,5.0,14.0,0.5,True,2,0.0,0,2.0,1,45.0,4,7,12,0,670.4,0,0,3,0,528.9,0,0,2,0,0,0,0,,1.1666666666666667,7
05TH_AV_K_ST,Gaslamp,-117.1604955,32.7077649,Gaslamp,K_ST,05TH_AV,Map_Border,04TH_AV,7.0,0.75,2.0,9.0,0.5833333333333334,True,1,0.0,0,1.0,1,3.9,3,8,10,0,805.1,0,0,0,0,674.0,0,0,2,0,0,0,0,,0.75,8
06TH_AV_MARKET_ST,Gaslamp,-117.1596713,32.7109659,Gaslamp,MARKET_ST,06TH_AV,ISLAND_AV,05TH_AV,10.0,3.4166666666666665,12.0,41.0,0.8333333333333334,True,3,0.0,0,3.0,0,215.5,0,4,14,0,440.7,0,0,3,0,341.8,0,2,2,0,0,0,0,,0.0,4
06TH_AV_BROADWAY,Gaslamp,-117.1597059,32.7151784,Gaslamp,BROADWAY,06TH_AV,E_ST,05TH_AV,11.0,4.25,13.0,51.0,0.9166666666666666,True,8,0.0,0,8.0,0,49.3,4,4,10,0,120.5,1,1,2,0,307.4,0,1,3,0,0,0,0,,0.0,4
06TH_AV_C_ST,City Center,-117.1597014,32.7162296,City Center,C_ST,06TH_AV,BROADWAY,05TH_AV,10.0,4.335833333333333,16.0,52.03,0.8333333333333334,True,16,0.0,0,16.0,1,19.1,4,4,9,0,194.9,1,1,2,0,396.2,0,1,4,0,0,0,0,,0.0,4
07TH_AV_BROADWAY,City Center,-117.158807,32.7151884,City Center,BROADWAY,07TH_AV,E_ST,06TH_AV,5.0,2.6666666666666665,23.25,32.0,0.4166666666666667,True,3,0.0,0,3.0,1,38.8,3,4,9,1,51.9,1,1,2,0,253.2,0,2,3,0,0,0,0,,0.0,4
07TH_AV_C_ST,City Center,-117.1588143,32.7162388,City Center,C_ST,07TH_AV,BROADWAY,06TH_AV,8.0,1.6666666666666667,5.0,20.0,0.6666666666666666,True,0,0.0,0,0.0,0,64.4,2,4,8,0,162.9,1,1,2,0,356.6,0,1,4,0,0,0,0,,0.0,4
05TH_AV_BROADWAY,Gaslamp,-117.1606163,32.7151718,Gaslamp,BROADWAY,05TH_AV,E_ST,04TH_AV,12.0,8.708333333333334,20.0,104.5,1.0,True,6,0.0,0,6.0,1,25.7,4,5,10,0,202.5,0,1,2,0,374.0,0,1,3,0,0,0,0,,0.0,5
05TH_AV_C_ST,City Center,-117.1606236,32.7162302,City Center,C_ST,05TH_AV,BROADWAY,04TH_AV,10.0,1.9583333333333333,5.0,23.5,0.8333333333333334,True,1,0.0,0,1.0,0,97.6,4,5,9,0,254.8,0,1,2,0,450.9,0,0,4,0,0,0,0,,1.9583333333333333,5
06TH_AV_L_ST,Gaslamp,-117.1597181,32.7068019,Gaslamp,L_ST,06TH_AV,HARBOR_DR,05TH_AV,11.0,2.333333333333333,6.0,28.0,0.9166666666666666,True,2,0.0,0,2.0,0,77.7,4,8,10,0,788.2,0,0,2,0,732.6,0,0,2,0,0,0,0,,2.333333333333333,8
07TH_AV_ISLAND_AV,South East Village,-117.1587482,32.7099117,East Village,ISLAND_AV,07TH_AV,J_ST,06TH_AV,11.0,6.270833333333333,19.0,75.25,0.9166666666666666,True,2,2.0,0,5.5,0,72.0,2,6,14,0,544.7,0,0,3,0,384.3,0,1,2,0,0,0,0,,0.0,6
06TH_AV_K_ST,Gaslamp,-117.1596315,32.7077977,Gaslamp,K_ST,06TH_AV,L_ST,05TH_AV,11.0,3.6666666666666665,6.0,44.0,0.9166666666666666,True,2,0.0,0,2.0,1,33.8,5,8,9,0,750.0,0,0,3,0,629.4,0,0,2,0,0,0,0,,3.6666666666666665,8
TONY_GWYNN_DR_K_ST,South East Village,-117.1587374,32.7078133,East Village,K_ST,TONY_GWYNN_DR,L_ST,06TH_AV,3.0,0.25,1.0,3.0,0.25,True,0,0.0,0,0.0,0,96.7,6,8,9,0,667.9,0,0,3,0,593.4,0,0,2,0,0,0,0,,0.25,8
07TH_AV_J_ST,South East Village,-117.1587426,32.7088603,East Village,J_ST,07TH_AV,K_ST,06TH_AV,6.0,0.6666666666666666,2.0,8.0,0.5,True,0,0.0,0,0.0,1,45.6,3,6,12,0,651.4,0,0,3,0,486.3,0,0,2,0,0,0,0,,0.6666666666666666,6
06TH_AV_E_ST,Gaslamp,-117.1596919,32.7141385,Gaslamp,E_ST,06TH_AV,F_ST,05TH_AV,8.0,1.6666666666666667,7.0,20.0,0.6666666666666666,True,0,0.0,0,0.0,0,137.3,2,4,12,0,133.7,1,1,2,0,242.7,0,2,3,0,0,0,0,,0.0,4
07TH_AV_E_ST,East Village,-117.1587996,32.7141496,East Village,E_ST,07TH_AV,F_ST,06TH_AV,6.0,1.856666666666667,9.0,22.28,0.5,True,0,0.0,0,0.0,0,133.4,1,4,11,0,77.7,1,1,2,0,169.3,1,2,2,0,0,0,0,,0.0,4
TONY_GWYNN_DR_L_ST,South East Village,-117.1583317,32.7061663,East Village,L_ST,TONY_GWYNN_DR,PARK_BL,HARBOR_DR,0.0,0.0,0.0,0.0,0.0,True,0,0.0,0,0.0,1,72.3,2,8,8,0,698.8,0,0,2,0,758.1,0,0,2,0,0,0,0,,0.0,8
05TH_AV_F_ST,Gaslamp,-117.1605939,32.7130875,Gaslamp,F_ST,05TH_AV,G_ST,04TH_AV,12.0,3.0,6.0,36.0,1.0,True,2,0.0,0,2.0,0,213.8,0,5,15,0,273.5,0,1,1,0,309.4,0,2,2,0,0,0,0,,0.0,5
06TH_AV_F_ST,Gaslamp,-117.1596933,32.713099,Gaslamp,F_ST,06TH_AV,G_ST,05TH_AV,11.0,6.375,20.0,76.5,0.9166666666666666,True,4,0.0,0,4.0,0,235.6,0,4,14,0,219.9,0,1,1,0,225.3,0,2,2,0,0,0,0,,0.0,4
07TH_AV_MARKET_ST,South East Village,-117.1587475,32.7109631,East Village,MARKET_ST,07TH_AV,ISLAND_AV,06TH_AV,4.0,0.9583333333333334,6.5,11.5,0.3333333333333333,True,0,0.0,0,0.0,0,186.6,1,4,14,0,427.8,0,0,3,0,293.4,0,2,2,0,0,0,0,,0.0,4
06TH_AV_G_ST,Gaslamp,-117.1596875,32.7120348,Gaslamp,G_ST,06TH_AV,MARKET_ST,05TH_AV,12.0,2.9375,4.75,35.25,1.0,True,3,0.0,0,3.0,0,324.1,0,4,14,0,327.3,0,1,1,0,264.3,0,2,2,0,0,0,0,,0.0,4
07TH_AV_G_ST,East Village,-117.1587796,32.7120424,East Village,G_ST,07TH_AV,MARKET_ST,06TH_AV,8.0,1.5833333333333333,7.0,19.0,0.6666666666666666,True,0,0.0,0,0.0,0,306.4,0,4,14,0,308.1,0,1,3,0,197.0,1,2,2,0,0,0,0,,0.0,4
07TH_AV_F_ST,East Village,-117.1587686,32.7130998,East Village,F_ST,07TH_AV,G_ST,06TH_AV,5.0,1.1666666666666667,5.0,14.0,0.4166666666666667,True,4,0.0,0,4.0,0,248.2,0,4,12,0,190.9,1,1,3,0,139.3,1,2,2,0,0,0,0,,0.0,4
22ND_ST_E_ST,Golden Hill,-117.1444639,32.7142172,Outside Perimeter,E_ST,22ND_ST,F_ST,21ST_ST,,,,,,False,0,0.0,0,0.0,0,521.5,0,0,2,0,365.5,0,1,5,0,582.6,0,0,1,0,0,0,0,,0.0,0
21ST_ST_E_ST,Golden Hill,-117.1453569,32.7142517,Outside Perimeter,E_ST,21ST_ST,F_ST,20TH_ST,,,,,,False,0,0.0,0,0.0,0,458.5,0,0,2,0,370.4,0,2,5,0,545.8,0,0,1,0,0,0,0,,0.0,0
25TH_ST_SR-94_WB,Golden Hill,-117.1419995,32.713132,Outside Perimeter,SR-94_WB,25TH_ST,SR-94_EB,22ND_ST,,,,,,False,0,0.0,0,0.0,0,680.4,0,0,1,0,445.6,0,0,5,0,657.8,0,0,1,0,0,0,0,,0.0,0
22ND_ST_BROADWAY,Golden Hill,-117.1464733,32.7142189,Outside Perimeter,BROADWAY,22ND_ST,I-5_SB_OFF_RA,I-5_NB,,,,,,False,0,0.0,0,0.0,0,384.2,0,1,2,0,284.5,0,2,7,0,507.4,0,0,1,0,0,0,0,,0.0,1
23RD_ST_E_ST,Golden Hill,-117.1435701,32.7142204,Outside Perimeter,E_ST,23RD_ST,F_ST,22ND_ST,,,,,,False,0,0.0,0,0.0,0,591.9,0,0,2,0,375.3,0,1,5,0,631.7,0,0,1,0,0,0,0,,0.0,0
27TH_ST_B_ST,Golden Hill,-117.1371217,32.7173875,Outside Perimeter,B_ST,27TH_ST,C_ST,26TH_ST,,,,,,False,0,0.0,0,0.0,0,1291.3,0,0,0,0,691.2,0,0,1,0,1309.1,0,0,0,0,0,0,0,,0.0,0
27TH_ST_A_ST,Golden Hill,-117.1371302,32.7184356,Outside Perimeter,A_ST,27TH_ST,B_ST,26TH_ST,,,,,,False,0,0.0,0,0.0,0,1353.6,0,0,0,0,698.1,0,0,2,0,1386.7,0,0,0,0,0,0,0,,0.0,0
28TH_ST_B_ST,Golden Hill,-117.1349323,32.7173994,Outside Perimeter,B_ST,28TH_ST,C_ST,27TH_ST,,,,,,False,0,0.0,0,0.0,0,1472.2,0,0,0,0,896.2,0,0,0,0,1472.5,0,0,0,0,0,0,0,,0.0,0
28TH_ST_A_ST,Golden Hill,-117.1349655,32.7184471,Outside Perimeter,A_ST,28TH_ST,B_ST,27TH_ST,,,,,,False,0,0.0,0,0.0,0,1525.1,0,0,0,0,868.6,0,0,0,0,1540.0,0,0,0,0,0,0,0,,0.0,0
28TH_ST_RUSS_BL,Golden Hill,-117.134985,32.7192082,Outside Perimeter,RUSS_BL,28TH_ST,A_ST,27TH_ST,,,,,,False,0,0.0,0,0.0,0,1568.3,0,0,0,0,797.7,0,0,1,0,1593.0,0,0,0,0,0,0,0,,0.0,0
22ND_ST_B_ST,Golden Hill,-117.1444915,32.7173511,Outside Perimeter,B_ST,22ND_ST,C_ST,21ST_ST,,,,,,False,0,0.0,0,0.0,0,776.3,0,0,1,1,16.6,1,1,3,0,895.9,0,0,0,0,0,0,0,,0.0,0
21ST_ST_B_ST,Golden Hill,-117.1453824,32.7173432,Outside Perimeter,B_ST,21ST_ST,C_ST,20TH_ST,,,,,,False,0,0.0,0,0.0,0,733.4,0,0,1,0,84.5,1,1,3,0,869.7,0,0,0,0,0,0,0,,0.0,0
19TH_ST_I-5_SB_OFF_RA,Golden Hill,-117.1472282,32.7175296,Outside Perimeter,I-5_SB_OFF_RA,19TH_ST,BROADWAY,I-5_NB,,,,,,False,3,7.0,0,15.25,0,691.4,0,0,1,0,255.6,0,1,3,0,862.1,0,0,0,0,0,0,0,,0.0,0
21ST_ST_RUSS_BL,Golden Hill,-117.1452507,32.7187746,Outside Perimeter,RUSS_BL,21ST_ST,B_ST,I-5_NB_OFF_RA,,,,,,False,0,5.0,0,8.75,0,882.7,0,0,0,0,158.4,1,1,3,0,1027.2,0,0,0,0,0,0,0,,0.0,0
22ND_ST_C_ST,Golden Hill,-117.1444968,32.7163093,Outside Perimeter,C_ST,22ND_ST,BROADWAY,21ST_ST,,,,,,False,0,0.0,0,0.0,0,681.6,0,0,1,0,132.5,1,1,4,0,787.9,0,0,1,0,0,0,0,,0.0,0
21ST_ST_C_ST,Golden Hill,-117.1453954,32.7162995,Outside Perimeter,C_ST,21ST_ST,BROADWAY,20TH_ST,,,,,,False,0,0.0,0,0.0,0,632.0,0,0,2,0,157.8,1,1,5,0,757.8,0,0,1,0,0,0,0,,0.0,0
20TH_ST_C_ST,Golden Hill,-117.1462957,32.7162925,Outside Perimeter,C_ST,20TH_ST,BROADWAY,19TH_ST,,,,,,False,0,0.0,0,0.0,0,590.6,0,0,2,0,215.3,0,1,5,0,736.4,0,0,1,0,0,0,0,,0.0,0
20TH_ST_B_ST,Golden Hill,-117.1463063,32.7173415,Outside Perimeter,B_ST,20TH_ST,C_ST,19TH_ST,,,,,,False,0,0.0,0,0.0,0,697.5,0,0,1,0,170.1,1,1,3,0,851.1,0,0,0,0,0,0,0,,0.0,0
20TH_ST_BROADWAY,Golden Hill,-117.1462671,32.7152465,Outside Perimeter,BROADWAY,20TH_ST,E_ST,19TH_ST,,,,,,False,0,0.0,0,0.0,0,489.3,0,0,2,0,300.5,0,2,5,0,623.1,0,0,1,0,0,0,0,,0.0,0
24TH_ST_E_ST,Golden Hill,-117.1428047,32.7142245,Outside Perimeter,E_ST,24TH_ST,F_ST,23RD_ST,,,,,,False,0,0.0,0,0.0,0,654.8,0,0,2,0,397.7,0,1,5,0,679.3,0,0,1,0,0,0,0,,0.0,0
26TH_ST_E_ST,Golden Hill,-117.139224,32.7142467,Outside Perimeter,E_ST,26TH_ST,F_ST,25TH_ST,,,,,,False,0,0.0,0,0.0,0,965.4,0,0,0,0,612.7,0,0,2,0,943.5,0,0,0,0,0,0,0,,0.0,0
25TH_ST_E_ST,Golden Hill,-117.14136,32.7142315,Outside Perimeter,E_ST,25TH_ST,F_ST,24TH_ST,,,,,,False,0,0.0,0,0.0,0,777.5,0,0,1,0,467.8,0,0,4,0,779.2,0,0,1,0,0,0,0,,0.0,0
27TH_ST_E_ST,Golden Hill,-117.1370976,32.7142269,Outside Perimeter,E_ST,27TH_ST,F_ST,26TH_ST,,,,,,False,0,0.0,0,0.0,0,1155.4,0,0,0,0,783.2,0,0,1,0,1117.0,0,0,0,0,0,0,0,,0.0,0
27TH_ST_BROADWAY,Golden Hill,-117.1371187,32.7152998,Outside Perimeter,BROADWAY,27TH_ST,E_ST,26TH_ST,,,,,,False,0,0.0,0,0.0,0,1190.5,0,0,0,0,733.5,0,0,1,0,1172.9,0,0,0,0,0,0,0,,0.0,0
28TH_ST_E_ST,Golden Hill,-117.1349129,32.714698,Outside Perimeter,E_ST,28TH_ST,TREAT_ST,27TH_ST,,,,,,False,0,0.0,0,0.0,0,1366.6,0,0,0,0,950.6,0,0,0,0,1324.5,0,0,0,0,0,0,0,,0.0,0
26TH_ST_RUSS_BL,Golden Hill,-117.1392609,32.7192067,Outside Perimeter,RUSS_BL,26TH_ST,A_ST,25TH_ST,,,,,,False,0,0.0,0,0.0,0,1252.2,0,0,0,0,526.2,0,0,2,0,1317.7,0,0,0,0,0,0,0,,0.0,0
23RD_ST_C_ST,Golden Hill,-117.1435955,32.7163112,Outside Perimeter,C_ST,23RD_ST,BROADWAY,22ND_ST,,,,,,False,0,0.0,0,0.0,0,736.9,0,0,1,0,157.1,1,1,4,0,824.9,0,0,0,0,0,0,0,,0.0,0
24TH_ST_B_ST,Golden Hill,-117.142808,32.7173536,Outside Perimeter,B_ST,24TH_ST,C_ST,23RD_ST,,,,,,False,0,0.0,0,0.0,0,872.3,0,0,0,0,159.3,1,1,3,0,962.1,0,0,0,0,0,0,0,,0.0,0
24TH_ST_A_ST,Golden Hill,-117.1428447,32.7184077,Outside Perimeter,A_ST,24TH_ST,B_ST,23RD_ST,,,,,,False,0,0.0,0,0.0,0,961.1,0,0,0,0,185.1,1,1,2,0,1064.7,0,0,0,0,0,0,0,,0.0,0
25TH_ST_B_ST,Golden Hill,-117.1413911,32.7173685,Outside Perimeter,B_ST,25TH_ST,C_ST,24TH_ST,,,,,,False,0,0.0,0,0.0,0,966.8,0,0,0,0,291.6,0,1,1,0,1034.5,0,0,0,0,0,0,0,,0.0,0
24TH_ST_C_ST,Golden Hill,-117.1428216,32.7163136,Outside Perimeter,C_ST,24TH_ST,BROADWAY,23RD_ST,,,,,,False,0,0.0,0,0.0,0,788.7,0,0,1,0,205.3,0,1,4,0,862.1,0,0,0,0,0,0,0,,0.0,0
26TH_ST_B_ST,Golden Hill,-117.1392518,32.7173841,Outside Perimeter,B_ST,26TH_ST,C_ST,25TH_ST,,,,,,False,0,0.0,0,0.0,0,1123.7,0,0,0,0,491.7,0,0,1,0,1163.5,0,0,0,0,0,0,0,,0.0,0
28TH_ST_C_ST,Golden Hill,-117.1349234,32.7163562,Outside Perimeter,C_ST,28TH_ST,BROADWAY,27TH_ST,,,,,,False,0,0.0,0,0.0,0,1425.0,0,0,0,0,906.0,0,0,0,0,1409.7,0,0,0,0,0,0,0,,0.0,0
25TH_ST_RUSS_BL,Golden Hill,-117.1413996,32.7191888,Outside Perimeter,RUSS_BL,25TH_ST,A_ST,24TH_ST,,,,,,False,0,0.0,0,0.0,0,1113.3,0,0,0,0,345.9,0,1,2,0,1204.9,0,0,0,0,0,0,0,,0.0,0
23RD_ST_B_ST,Golden Hill,-117.143609,32.7173586,Outside Perimeter,B_ST,23RD_ST,C_ST,22ND_ST,,,,,,False,0,0.0,0,0.0,0,824.8,0,0,0,0,84.9,1,1,3,0,928.5,0,0,0,0,0,0,0,,0.0,0
23RD_ST_A_ST,Golden Hill,-117.1436063,32.7184017,Outside Perimeter,A_ST,23RD_ST,B_ST,22ND_ST,,,,,,False,0,0.0,0,0.0,0,919.5,0,0,0,0,130.7,1,1,1,0,1035.0,0,0,0,0,0,0,0,,0.0,0
22ND_ST_A_ST,Golden Hill,-117.1444777,32.7184044,Outside Perimeter,A_ST,22ND_ST,B_ST,21ST_ST,,,,,,False,0,0.0,0,0.0,0,877.6,0,0,0,0,100.7,1,1,3,0,1007.1,0,0,0,0,0,0,0,,0.0,0
25TH_ST_A_ST,Golden Hill,-117.1413938,32.7184121,Outside Perimeter,A_ST,25TH_ST,B_ST,24TH_ST,,,,,,False,0,0.0,0,0.0,0,1048.6,0,0,0,0,308.1,0,1,2,0,1131.0,0,0,0,0,0,0,0,,0.0,0
26TH_ST_A_ST,Golden Hill,-117.1392537,32.7184275,Outside Perimeter,A_ST,26TH_ST,B_ST,25TH_ST,,,,,,False,0,0.0,0,0.0,0,1195.0,0,0,0,0,502.1,0,0,2,0,1250.3,0,0,0,0,0,0,0,,0.0,0
25TH_ST_C_ST,Golden Hill,-117.1413835,32.7163238,Outside Perimeter,C_ST,25TH_ST,BROADWAY,24TH_ST,,,,,,False,0,0.0,0,0.0,0,892.9,0,0,0,0,319.9,0,1,2,0,942.7,0,0,0,0,0,0,0,,0.0,0
26TH_ST_BROADWAY,Golden Hill,-117.1392374,32.7152924,Outside Perimeter,BROADWAY,26TH_ST,E_ST,25TH_ST,,,,,,False,0,0.0,0,0.0,0,1007.2,0,0,0,0,550.8,0,0,2,0,1008.5,0,0,0,0,0,0,0,,0.0,0
26TH_ST_C_ST,Golden Hill,-117.1392365,32.7163365,Outside Perimeter,C_ST,26TH_ST,BROADWAY,25TH_ST,,,,,,False,0,0.0,0,0.0,0,1061.2,0,0,0,0,509.7,0,0,1,0,1083.0,0,0,0,0,0,0,0,,0.0,0
21ST_ST_BROADWAY,Golden Hill,-117.145393,32.715256,Outside Perimeter,BROADWAY,21ST_ST,E_ST,20TH_ST,,,,,,False,0,0.0,0,0.0,0,537.6,0,0,2,0,263.4,0,1,5,0,647.9,0,0,1,0,0,0,0,,0.0,0
28TH_ST_TREAT_ST,Golden Hill,-117.1349019,32.7138216,Outside Perimeter,TREAT_ST,28TH_ST,SR-94_WB,27TH_ST,,,,,,False,0,0.0,0,0.0,0,1345.5,0,0,0,0,978.6,0,0,0,0,1288.4,0,0,0,0,0,0,0,,0.0,0
27TH_ST_RUSS_BL,Golden Hill,-117.1371398,32.7192057,Outside Perimeter,RUSS_BL,27TH_ST,A_ST,26TH_ST,,,,,,False,0,0.0,0,0.0,0,1403.5,0,0,0,0,698.4,0,0,2,0,1446.8,0,0,0,0,0,0,0,,0.0,0
25TH_ST_BROADWAY,Golden Hill,-117.1413767,32.7152792,Outside Perimeter,BROADWAY,25TH_ST,E_ST,24TH_ST,,,,,,False,0,0.0,0,0.0,0,828.7,0,0,0,0,383.0,0,1,3,0,856.7,0,0,0,0,0,0,0,,0.0,0
24TH_ST_BROADWAY,Golden Hill,-117.1428252,32.7152716,Outside Perimeter,BROADWAY,24TH_ST,E_ST,23RD_ST,,,,,,False,0,0.0,0,0.0,0,714.7,0,0,1,0,293.5,0,1,5,0,766.9,0,0,1,0,0,0,0,,0.0,0
22ND_ST_BROADWAY__2,Golden Hill,-117.144457,32.7152563,Outside Perimeter,BROADWAY,22ND_ST,E_ST,21ST_ST,,,,,,False,0,0.0,0,0.0,0,596.6,0,0,2,0,249.8,0,1,5,0,683.4,0,0,1,0,0,0,0,,0.0,0
28TH_ST_BROADWAY,Golden Hill,-117.1349019,32.7154434,Outside Perimeter,BROADWAY,28TH_ST,E_ST,27TH_ST,,,,,,False,0,0.0,0,0.0,0,1391.5,0,0,0,0,927.7,0,0,0,0,1361.7,0,0,0,0,0,0,0,,0.0,0
27TH_ST_C_ST,Golden Hill,-117.1371181,32.7163436,Outside Perimeter,C_ST,27TH_ST,BROADWAY,26TH_ST,,,,,,False,0,0.0,0,0.0,0,1236.6,0,0,0,0,703.3,0,0,1,0,1237.6,0,0,0,0,0,0,0,,0.0,0
20TH_ST_E_ST,Golden Hill,-117.1462531,32.7144027,Outside Perimeter,E_ST,20TH_ST,SR-94_RA,19TH_ST,,,,,,False,0,0.0,0,0.0,0,413.0,0,0,2,0,313.1,0,3,7,0,532.5,0,0,1,0,0,0,0,,0.0,0
23RD_ST_BROADWAY,Golden Hill,-117.1435962,32.7152689,Outside Perimeter,BROADWAY,23RD_ST,E_ST,22ND_ST,,,,,,False,0,0.0,0,0.0,0,657.4,0,0,1,0,262.4,0,1,5,0,725.0,0,0,1,0,0,0,0,,0.0,0
I-5_SB_ON_RA_BROADWAY,East Village,-117.1481113,32.7148705,East Village,BROADWAY,I-5_SB_ON_RA,F_ST,17TH_ST,1.0,0.1458333333333333,1.75,1.75,0.0833333333333333,True,0,0.0,0,0.0,0,384.3,0,1,2,0,233.6,0,2,7,0,565.2,0,0,1,0,0,0,0,,0.1458333333333333,1
02ND_AV_G_ST,Marina,-117.1633075,32.7120049,Marina,G_ST,02ND_AV,MARKET_ST,01ST_AV,6.0,1.0,4.0,12.0,0.5,True,0,0.0,0,0.0,0,86.4,1,2,17,0,547.3,0,0,1,0,580.9,0,0,2,0,0,0,0,,1.0,2
01ST_AV_W_G_ST,Marina,-117.164258,32.7120086,Marina,W_G_ST,01ST_AV,W_MARKET_ST,FRONT_ST,0.0,0.0,0.0,0.0,0.0,True,0,0.0,0,0.0,1,22.0,1,2,16,0,622.4,0,0,1,0,667.4,0,0,2,0,0,0,0,,0.0,2
01ST_AV_W_E_ST,City Center,-117.1642743,32.7141304,City Center,W_E_ST,01ST_AV,W_F_ST,FRONT_ST,0.0,0.0,0.0,0.0,0.0,True,0,0.0,0,0.0,0,154.6,1,5,12,0,546.0,0,0,2,0,659.7,0,0,2,0,0,0,0,,0.0,5
FRONT_ST_W_E_ST,City Center,-117.1651413,32.7140973,City Center,W_E_ST,FRONT_ST,W_F_ST,UNION_ST,1.0,0.0833333333333333,1.0,1.0,0.0833333333333333,True,0,0.0,0,0.0,0,189.2,1,4,12,0,626.9,0,0,2,0,739.8,0,0,1,0,0,0,0,,0.0833333333333333,4
FRONT_ST_W_F_ST,Marina,-117.1651209,32.713051,Marina,W_F_ST,FRONT_ST,W_G_ST,UNION_ST,2.0,0.25,2.0,3.0,0.1666666666666666,True,1,0.0,0,1.0,0,128.1,1,2,16,0,650.0,0,0,1,0,733.1,0,0,1,0,0,0,0,,0.25,2
03RD_AV_G_ST,Marina,-117.1624121,32.7120133,Marina,G_ST,03RD_AV,MARKET_ST,02ND_AV,8.0,1.805,4.0,21.66,0.6666666666666666,True,0,0.0,0,0.0,0,168.7,1,2,17,0,480.1,0,0,1,0,499.8,0,0,2,0,0,0,0,,1.805,2
UNION_ST_W_E_ST,Marina,-117.1660529,32.7140915,Marina,W_E_ST,UNION_ST,W_F_ST,STATE_ST,0.0,0.0,0.0,0.0,0.0,True,0,0.0,0,0.0,0,248.1,0,4,11,0,711.8,0,0,1,0,824.5,0,0,0,0,0,0,0,,0.0,4
UNION_ST_W_F_ST,Marina,-117.1660505,32.7130574,Marina,W_F_ST,UNION_ST,W_G_ST,STATE_ST,2.0,0.2525,2.03,3.03,0.1666666666666666,True,0,0.0,0,0.0,0,197.9,1,2,13,0,733.3,0,0,1,0,820.0,0,0,0,0,0,0,0,,0.2525,2
STATE_ST_Map_Border,Marina,-117.1678267,32.7135653,Marina,Map_Border,STATE_ST,W_G_ST,KETTNER_BL,7.0,1.169166666666667,4.029999999999999,14.03,0.5833333333333334,True,2,0.0,0,2.0,0,360.1,0,4,9,0,884.3,0,0,0,0,986.4,0,0,0,0,0,0,0,,1.169166666666667,4
FRONT_ST_W_BROADWAY,City Center,-117.1651688,32.7151745,City Center,W_BROADWAY,FRONT_ST,W_E_ST,UNION_ST,3.0,0.25,1.0,3.0,0.25,True,0,0.0,0,0.0,0,115.3,1,5,11,0,626.0,0,0,2,0,733.9,0,0,2,0,0,0,0,,0.25,5
01ST_AV_W_F_ST,City Center,-117.164253,32.713081,City Center,W_F_ST,01ST_AV,W_G_ST,FRONT_ST,5.0,1.25,8.0,15.0,0.4166666666666667,True,0,0.0,0,0.0,0,98.2,1,4,14,0,571.8,0,0,1,0,651.7,0,0,2,0,0,0,0,,1.25,4
01ST_AV_W_BROADWAY,City Center,-117.1642381,32.7151717,City Center,W_BROADWAY,01ST_AV,W_E_ST,FRONT_ST,2.0,0.1666666666666666,1.0,2.0,0.1666666666666666,True,0,0.0,0,0.0,1,42.8,1,6,9,0,539.0,0,0,2,0,682.4,0,0,3,0,0,0,0,,0.1666666666666666,6
FRONT_ST_W_G_ST,Marina,-117.1651522,32.7120098,Marina,W_G_ST,FRONT_ST,W_MARKET_ST,UNION_ST,1.0,0.1666666666666666,2.0,2.0,0.0833333333333333,True,0,0.0,0,0.0,0,91.7,1,1,17,0,696.2,0,0,1,0,749.4,0,0,1,0,0,0,0,,0.1666666666666666,1
UNION_ST_W_G_ST,Marina,-117.1660415,32.7120019,Marina,W_G_ST,UNION_ST,W_MARKET_ST,STATE_ST,1.0,0.0833333333333333,1.0,1.0,0.0833333333333333,True,0,0.0,0,0.0,0,173.9,1,1,18,0,772.0,0,0,1,0,831.4,0,0,0,0,0,0,0,,0.0833333333333333,1
UNION_ST_W_BROADWAY,Columbia,-117.1660291,32.715158,Columbia,W_BROADWAY,UNION_ST,W_E_ST,STATE_ST,1.0,0.0833333333333333,1.0,1.0,0.0833333333333333,True,0,0.0,0,0.0,0,193.8,1,4,11,0,706.3,0,0,2,0,776.5,0,0,1,0,0,0,0,,0.0833333333333333,4
STATE_ST_W_BROADWAY,Columbia,-117.1678381,32.7151604,Columbia,W_BROADWAY,STATE_ST,Map_Border,KETTNER_BL,7.0,1.25,4.0,15.0,0.5833333333333334,True,1,0.0,0,1.0,0,182.6,1,3,10,0,840.1,0,0,0,0,880.3,0,0,0,0,0,0,0,,1.25,3
UNION_ST_W_C_ST,Columbia,-117.1660445,32.7162224,Columbia,W_C_ST,UNION_ST,W_BROADWAY,STATE_ST,8.0,8.770833333333334,30.75,105.25,0.6666666666666666,True,0,0.0,0,0.0,0,111.8,2,3,11,0,638.7,0,0,2,0,681.2,0,0,1,0,0,0,0,,8.770833333333334,3
STATE_ST_W_C_ST,Columbia,-117.1669388,32.7162225,Columbia,W_C_ST,STATE_ST,W_BROADWAY,COLUMBIA_ST,4.0,0.5833333333333334,3.0,7.0,0.3333333333333333,True,3,0.0,0,3.0,0,87.5,2,3,11,0,697.3,0,0,1,0,736.4,0,0,1,0,0,0,0,,0.5833333333333334,3
03RD_AV_C_ST,City Center,-117.162456,32.7162277,City Center,C_ST,03RD_AV,BROADWAY,02ND_AV,10.0,4.5,16.75,54.0,0.8333333333333334,True,2,0.0,0,2.0,0,142.8,2,5,8,0,403.2,0,0,2,0,538.7,0,0,4,0,0,0,0,,4.5,5
02ND_AV_C_ST,City Center,-117.163365,32.7162296,City Center,C_ST,02ND_AV,BROADWAY,01ST_AV,5.0,0.6666666666666666,3.0,8.0,0.4166666666666667,True,0,0.0,0,0.0,0,100.7,1,5,8,0,482.7,0,0,2,0,559.0,0,0,4,0,0,0,0,,0.6666666666666666,5
04TH_AV_C_ST,City Center,-117.1615429,32.7162311,City Center,C_ST,04TH_AV,BROADWAY,03RD_AV,6.0,2.625,17.5,31.5,0.5,True,0,0.0,0,0.0,0,87.5,3,5,8,0,326.5,0,1,2,0,514.2,0,0,4,0,0,0,0,,2.625,5
01ST_AV_W_C_ST,City Center,-117.1642716,32.7162294,City Center,W_C_ST,01ST_AV,W_BROADWAY,FRONT_ST,8.0,1.0,2.0,12.0,0.6666666666666666,True,0,0.0,0,0.0,0,85.1,1,5,8,0,541.7,0,0,2,0,591.1,0,0,2,0,0,0,0,,1.0,5
FRONT_ST_W_C_ST,City Center,-117.1651725,32.7162289,City Center,W_C_ST,FRONT_ST,W_BROADWAY,UNION_ST,4.0,1.3958333333333333,9.75,16.75,0.3333333333333333,True,0,0.0,0,0.0,0,136.5,2,4,9,0,586.8,0,0,2,0,632.8,0,0,1,0,0,0,0,,1.3958333333333333,4
Map_Border_BROADWAY,City Center,-117.1624423,32.7152117,City Center,BROADWAY,Map_Border,Map_Border,BROADWAY_CR,4.0,0.4166666666666667,2.0,5.0,0.3333333333333333,True,2,0.0,0,2.0,0,120.7,3,6,10,0,372.1,0,1,2,0,526.6,0,0,3,0,0,0,0,,0.4166666666666667,6
CESAR_E_CHAVEZ_PY_NATIONAL_AV,Barrio Logan,-117.1462929,32.7008405,Outside Perimeter,NATIONAL_AV,CESAR_E_CHAVEZ_PY,NEWTON_AV,BEARDSLEY_ST,,,,,,False,0,0.0,0,0.0,0,834.2,0,0,0,0,197.3,1,1,2,0,462.5,0,0,1,0,0,0,0,,0.0,0
DEWEY_ST_NATIONAL_AV,Barrio Logan,-117.1446388,32.6996946,Outside Perimeter,NATIONAL_AV,DEWEY_ST,NEWTON_AV,CESAR_E_CHAVEZ_PY,,,,,,False,0,0.0,0,0.0,0,689.7,0,0,1,0,256.7,0,1,2,0,661.1,0,0,1,0,0,0,0,,0.0,0
CESAR_E_CHAVEZ_PY_MAIN_ST,Barrio Logan,-117.1478554,32.6992415,Outside Perimeter,MAIN_ST,CESAR_E_CHAVEZ_PY,HARBOR_DR,BEARDSLEY_ST,,,,,,False,0,0.0,0,0.0,0,712.2,0,0,1,0,426.2,0,0,2,0,551.7,0,0,1,0,0,0,0,,0.0,0
SR-75_NB_MAIN_ST,Barrio Logan,-117.1462473,32.698123,Outside Perimeter,MAIN_ST,SR-75_NB,HARBOR_DR,CESAR_E_CHAVEZ_PY,,,,,,False,0,0.0,0,0.0,0,540.0,0,0,1,0,455.3,0,0,2,0,721.7,0,0,1,0,0,0,0,,0.0,0
CESAR_E_CHAVEZ_PY_NEWTON_AV,Barrio Logan,-117.1470844,32.7000337,Outside Perimeter,NEWTON_AV,CESAR_E_CHAVEZ_PY,MAIN_ST,BEARDSLEY_ST,,,,,,False,0,0.0,0,0.0,0,766.6,0,0,1,0,312.7,0,1,2,0,496.1,0,0,1,0,0,0,0,,0.0,0
SR-75_NB_NEWTON_AV,Barrio Logan,-117.145457,32.6989139,Outside Perimeter,NEWTON_AV,SR-75_NB,MAIN_ST,CESAR_E_CHAVEZ_PY,,,,,,False,0,0.0,0,0.0,0,609.3,0,0,1,0,350.8,0,1,2,0,681.1,0,0,1,0,0,0,0,,0.0,0
CESAR_E_CHAVEZ_PY_HARBOR_DR,Barrio Logan,-117.1499601,32.6986333,Outside Perimeter,HARBOR_DR,CESAR_E_CHAVEZ_PY,CROSBY_RD,Map_Border,,,,,,False,0,0.0,0,0.0,0,766.9,0,0,1,0,604.2,0,0,2,0,599.0,0,0,1,0,0,0,0,,0.0,0
SR-75_NB_HARBOR_DR,Barrio Logan,-117.1471959,32.6971758,Outside Perimeter,HARBOR_DR,SR-75_NB,BAY_FRONT_ST,CESAR_E_CHAVEZ_PY,,,,,,False,0,0.0,0,0.0,0,480.8,0,0,1,0,585.7,0,0,2,0,789.7,0,0,1,0,0,0,0,,0.0,0
CESAR_E_CHAVEZ_PY_I-5_SB,Barrio Logan,-117.1465217,32.7035033,Outside Perimeter,I-5_SB,CESAR_E_CHAVEZ_PY,LOGAN_AV,S_17TH_ST,,,,,,False,0,0.0,0,0.0,0,844.3,0,0,0,1,238.6,0,2,4,0,284.4,0,1,2,0,0,0,0,,0.0,0
S_EVANS_ST_I-5_SB,Barrio Logan,-117.1423963,32.7005212,Outside Perimeter,I-5_SB,S_EVANS_ST,LOGAN_AV,CESAR_E_CHAVEZ_PY,,,,,,False,0,0.0,0,0.0,0,806.1,0,0,0,0,271.4,0,1,2,0,769.9,0,0,1,0,0,0,0,,0.0,0
CESAR_E_CHAVEZ_PY_LOGAN_AV,Barrio Logan,-117.1455189,32.7016458,Outside Perimeter,LOGAN_AV,CESAR_E_CHAVEZ_PY,NATIONAL_AV,BEARDSLEY_ST,,,,,,False,0,0.0,0,0.0,0,911.8,0,0,0,0,86.2,1,1,2,0,455.8,0,0,1,0,0,0,0,,0.0,0
S_EVANS_ST_LOGAN_AV,Barrio Logan,-117.1430314,32.6999216,Outside Perimeter,LOGAN_AV,S_EVANS_ST,NATIONAL_AV,CESAR_E_CHAVEZ_PY,,,,,,False,0,0.0,0,0.0,0,728.0,0,0,1,0,279.2,0,1,2,0,757.1,0,0,1,0,0,0,0,,0.0,0
21ST_ST_L_ST,Sherman Heights,-117.1453186,32.7067905,Outside Perimeter,L_ST,21ST_ST,IMPERIAL_AV,20TH_ST,,,,,,False,0,0.0,0,0.0,0,602.3,0,0,2,0,325.9,0,2,7,0,407.7,0,0,2,0,0,0,0,,0.0,0
20TH_ST_L_ST,Sherman Heights,-117.1462508,32.7067948,Outside Perimeter,L_ST,20TH_ST,IMPERIAL_AV,19TH_ST,,,,,,False,0,0.0,0,0.0,0,541.7,0,0,2,0,330.3,0,2,7,0,364.7,0,1,2,0,0,0,0,,0.0,0
BEARDSLEY_ST_LOGAN_AV,Barrio Logan,-117.1471732,32.7027984,Outside Perimeter,LOGAN_AV,BEARDSLEY_ST,NATIONAL_AV,SIGSBEE_ST,,,,,,False,0,0.0,0,0.0,0,897.3,0,0,0,0,217.2,0,2,3,0,255.7,0,1,2,0,0,0,0,,0.0,0
BEARDSLEY_ST_NATIONAL_AV,Barrio Logan,-117.1479629,32.7019938,Outside Perimeter,NATIONAL_AV,BEARDSLEY_ST,NEWTON_AV,SIGSBEE_ST,,,,,,False,0,0.0,0,0.0,0,965.9,0,0,0,0,243.5,0,2,2,0,265.7,0,1,1,0,0,0,0,,0.0,0
24TH_ST_L_ST,Sherman Heights,-117.1431857,32.7067995,Outside Perimeter,L_ST,24TH_ST,IMPERIAL_AV,22ND_ST,,,,,,False,0,0.0,0,0.0,0,755.2,0,0,2,0,310.1,0,1,4,0,546.2,0,0,2,0,0,0,0,,0.0,0
22ND_ST_L_ST,Sherman Heights,-117.1444237,32.7067979,Outside Perimeter,L_ST,22ND_ST,IMPERIAL_AV,21ST_ST,,,,,,False,0,0.0,0,0.0,0,665.3,0,0,2,0,303.4,0,1,7,0,460.1,0,0,2,0,0,0,0,,0.0,0
25TH_ST_L_ST,Sherman Heights,-117.141315,32.7068596,Outside Perimeter,L_ST,25TH_ST,IMPERIAL_AV,24TH_ST,,,,,,False,0,0.0,0,0.0,0,886.0,0,0,0,0,386.8,0,1,4,0,690.0,0,0,1,0,0,0,0,,0.0,0
19TH_ST_J_ST,Sherman Heights,-117.1470956,32.707881,Outside Perimeter,J_ST,19TH_ST,IMPERIAL_AV,I-5_NB,,,,,,False,1,0.0,0,1.0,0,398.8,0,1,2,0,188.9,1,2,8,0,223.6,0,1,2,0,0,0,0,,0.0,1
Map_Border_BAY_FRONT_ST,Barrio Logan,-117.1484226,32.6960745,Outside Perimeter,BAY_FRONT_ST,Map_Border,Map_Border,CESAR_E_CHAVEZ_PY,,,,,,False,0,0.0,0,0.0,0,466.0,0,0,1,0,746.1,0,0,1,0,888.0,0,0,0,0,0,0,0,,0.0,0
Map_Border_HARBOR_DR,Barrio Logan,-117.1456167,32.6961166,Outside Perimeter,HARBOR_DR,Map_Border,BAY_FRONT_ST,SR-75_NB,,,,,,False,0,0.0,0,0.0,0,309.5,0,1,1,0,660.5,0,0,1,0,950.0,0,0,0,0,0,0,0,,0.0,1
SAMPSON_ST_LOGAN_AV,Barrio Logan,-117.1405284,32.6981952,Outside Perimeter,LOGAN_AV,SAMPSON_ST,NATIONAL_AV,S_EVANS_ST,,,,,,False,0,0.0,0,0.0,0,641.5,0,0,1,0,576.2,0,0,1,0,1060.0,0,0,0,0,0,0,0,,0.0,0
S_EVANS_ST_NATIONAL_AV,Barrio Logan,-117.1429736,32.6985376,Outside Perimeter,NATIONAL_AV,S_EVANS_ST,NEWTON_AV,DEWEY_ST,,,,,,False,0,0.0,0,0.0,0,578.7,0,0,1,0,418.0,0,0,1,0,862.2,0,0,0,0,0,0,0,,0.0,0
SAMPSON_ST_NATIONAL_AV,Barrio Logan,-117.1413145,32.6973907,Outside Perimeter,NATIONAL_AV,SAMPSON_ST,NEWTON_AV,S_EVANS_ST,,,,,,False,0,0.0,0,0.0,0,525.9,0,0,1,0,603.2,0,0,1,0,1062.6,0,0,0,0,0,0,0,,0.0,0
SAMPSON_ST_I-5_SB,Barrio Logan,-117.1399161,32.6988236,Outside Perimeter,I-5_SB,SAMPSON_ST,LOGAN_AV,S_EVANS_ST,,,,,,False,0,0.0,0,0.0,0,731.8,0,0,1,0,570.8,0,0,1,0,1066.7,0,0,0,0,0,0,0,,0.0,0
S_EVANS_ST_NEWTON_AV,Barrio Logan,-117.1438153,32.697763,Outside Perimeter,NEWTON_AV,S_EVANS_ST,MAIN_ST,SR-75_NB,,,,,,False,0,0.0,0,0.0,0,478.9,0,0,1,0,478.9,0,0,1,0,875.0,0,0,0,0,0,0,0,,0.0,0
SAMPSON_ST_NEWTON_AV,Barrio Logan,-117.1420955,32.6965799,Outside Perimeter,NEWTON_AV,SAMPSON_ST,MAIN_ST,S_EVANS_ST,,,,,,False,0,0.0,0,0.0,0,410.2,0,0,1,0,650.8,0,0,1,0,1078.6,0,0,0,0,0,0,0,,0.0,0
S_EVANS_ST_MAIN_ST,Barrio Logan,-117.1446167,32.6969947,Outside Perimeter,MAIN_ST,S_EVANS_ST,HARBOR_DR,SR-75_NB,,,,,,False,0,0.0,0,0.0,0,389.2,0,1,1,0,557.2,0,0,1,0,904.1,0,0,0,0,0,0,0,,0.0,1
SAMPSON_ST_MAIN_ST,Barrio Logan,-117.1429084,32.6958054,Outside Perimeter,MAIN_ST,SAMPSON_ST,HARBOR_DR,S_EVANS_ST,,,,,,False,0,0.0,0,0.0,0,296.8,0,1,1,0,709.7,0,0,1,0,1101.5,0,0,0,0,0,0,0,,0.0,1
21ST_ST_ISLAND_AV,Sherman Heights,-117.1453325,32.709933,Outside Perimeter,ISLAND_AV,21ST_ST,J_ST,20TH_ST,,,,,,False,0,0.0,0,0.0,0,385.3,0,1,2,0,133.8,1,2,7,0,231.6,0,1,2,0,0,0,0,,0.0,1
20TH_ST_ISLAND_AV,Sherman Heights,-117.1462789,32.7099376,Outside Perimeter,ISLAND_AV,20TH_ST,J_ST,19TH_ST,,,,,,False,0,0.0,0,0.0,0,308.6,0,2,2,0,141.7,1,2,7,0,143.3,1,1,2,0,0,0,0,,0.0,2
20TH_ST_J_ST,Sherman Heights,-117.1462467,32.7088883,Outside Perimeter,J_ST,20TH_ST,K_ST,19TH_ST,,,,,,False,0,0.0,0,0.0,0,388.6,0,2,2,0,152.2,1,2,8,0,177.4,1,1,2,0,0,0,0,,0.0,2
22ND_ST_MARKET_ST,Sherman Heights,-117.1444428,32.7110048,Outside Perimeter,MARKET_ST,22ND_ST,ISLAND_AV,21ST_ST,,,,,,False,0,0.0,0,0.0,0,430.4,0,0,2,0,172.6,1,2,7,0,341.9,0,1,1,0,0,0,0,,0.0,0
21ST_ST_MARKET_ST,Sherman Heights,-117.1453454,32.7109963,Outside Perimeter,MARKET_ST,21ST_ST,ISLAND_AV,20TH_ST,,,,,,False,0,0.0,0,0.0,0,346.9,0,1,2,0,208.9,0,3,7,0,265.7,0,1,1,0,0,0,0,,0.0,1
19TH_ST_ISLAND_AV,Sherman Heights,-117.147112,32.7099383,Outside Perimeter,ISLAND_AV,19TH_ST,J_ST,I-5_NB,,,,,,False,0,0.0,0,0.0,0,248.0,0,2,2,0,73.6,1,3,7,0,66.3,1,1,2,0,0,0,0,,0.0,2
25TH_ST_SR-94_EB,Sherman Heights,-117.1421398,32.7128513,Outside Perimeter,SR-94_EB,25TH_ST,G_ST,22ND_ST,,,,,,False,0,0.0,0,0.0,0,659.9,0,0,2,0,411.7,0,0,5,0,629.6,0,0,1,0,0,0,0,,0.0,0
22ND_ST_SR-94_EB_ON_RA,Sherman Heights,-117.1461263,32.7125135,Outside Perimeter,SR-94_EB_ON_RA,22ND_ST,MARKET_ST,I-5_NB_OFF_RA,,,,,,False,1,7.0,0,13.25,0,291.9,0,1,2,0,271.0,0,4,7,0,340.3,0,1,1,0,0,0,0,,0.0,1
24TH_ST_MARKET_ST,Sherman Heights,-117.1432164,32.7110029,Outside Perimeter,MARKET_ST,24TH_ST,ISLAND_AV,22ND_ST,,,,,,False,0,0.0,0,0.0,0,544.5,0,0,2,0,182.7,1,1,5,0,449.7,0,0,1,0,0,0,0,,0.0,0
24TH_ST_G_ST,Sherman Heights,-117.143221,32.7121115,Outside Perimeter,G_ST,24TH_ST,MARKET_ST,22ND_ST,,,,,,False,0,0.0,0,0.0,0,545.5,0,0,2,0,299.7,0,1,5,0,500.2,0,0,1,0,0,0,0,,0.0,0
21ST_ST_J_ST,Sherman Heights,-117.1453383,32.708886,Outside Perimeter,J_ST,21ST_ST,K_ST,20TH_ST,,,,,,False,0,0.0,0,0.0,0,449.8,0,0,2,0,142.8,1,2,8,0,252.0,0,1,2,0,0,0,0,,0.0,0
19TH_ST_MARKET_ST,Sherman Heights,-117.1471172,32.7109932,Outside Perimeter,MARKET_ST,19TH_ST,ISLAND_AV,I-5_NB,,,,,,False,1,5.0,4,17.869999999999997,0,185.2,1,2,2,0,175.0,1,4,8,0,147.4,1,1,1,0,0,0,0,,0.0,2
25TH_ST_G_ST,Sherman Heights,-117.1413559,32.7121302,Outside Perimeter,G_ST,25TH_ST,MARKET_ST,24TH_ST,,,,,,False,0,0.0,0,0.0,0,719.4,0,0,1,0,383.5,0,1,4,0,657.0,0,0,1,0,0,0,0,,0.0,0
25TH_ST_K_ST,Sherman Heights,-117.1413004,32.7078924,Outside Perimeter,K_ST,25TH_ST,L_ST,24TH_ST,,,,,,False,0,0.0,0,0.0,0,825.5,0,0,0,0,309.8,0,1,3,0,644.7,0,0,1,0,0,0,0,,0.0,0
24TH_ST_ISLAND_AV,Sherman Heights,-117.1432088,32.7094203,Outside Perimeter,ISLAND_AV,24TH_ST,K_ST,22ND_ST,,,,,,False,0,0.0,0,0.0,0,589.8,0,0,2,0,74.6,1,1,4,0,432.1,0,0,1,0,0,0,0,,0.0,0
22ND_ST_J_ST,Sherman Heights,-117.1444379,32.7088943,Outside Perimeter,J_ST,22ND_ST,K_ST,21ST_ST,,,,,,False,0,0.0,0,0.0,0,516.5,0,0,2,0,78.9,1,2,8,0,330.7,0,1,2,0,0,0,0,,0.0,0
24TH_ST_K_ST,Sherman Heights,-117.143186,32.7078535,Outside Perimeter,K_ST,24TH_ST,L_ST,22ND_ST,,,,,,False,0,0.0,0,0.0,0,679.2,0,0,2,0,198.5,1,1,5,0,483.4,0,0,2,0,0,0,0,,0.0,0
22ND_ST_K_ST,Sherman Heights,-117.1444354,32.7078447,Outside Perimeter,K_ST,22ND_ST,L_ST,21ST_ST,,,,,,False,0,0.0,0,0.0,0,590.2,0,0,2,0,188.7,1,2,7,0,383.0,0,1,2,0,0,0,0,,0.0,0
22ND_ST_G_ST,Sherman Heights,-117.1444422,32.7121,Outside Perimeter,G_ST,22ND_ST,MARKET_ST,21ST_ST,,,,,,False,0,0.0,0,0.0,0,432.1,0,0,2,0,292.4,0,1,7,0,405.5,0,0,1,0,0,0,0,,0.0,0
22ND_ST_ISLAND_AV,Sherman Heights,-117.1444268,32.7099351,Outside Perimeter,ISLAND_AV,22ND_ST,J_ST,21ST_ST,,,,,,False,0,0.0,0,0.0,0,462.4,0,0,2,1,62.8,1,2,7,0,316.3,0,1,1,0,0,0,0,,0.0,0
21ST_ST_K_ST,Sherman Heights,-117.1453286,32.7078362,Outside Perimeter,K_ST,21ST_ST,L_ST,20TH_ST,,,,,,False,0,0.0,0,0.0,0,528.6,0,0,2,0,223.1,0,2,8,0,318.4,0,1,2,0,0,0,0,,0.0,0
21ST_ST_G_ST,Sherman Heights,-117.145372,32.7120866,Outside Perimeter,G_ST,21ST_ST,MARKET_ST,20TH_ST,,,,,,False,0,0.0,0,0.0,0,346.0,0,1,2,0,315.3,0,3,7,0,341.3,0,1,1,0,0,0,0,,0.0,1
25TH_ST_MARKET_ST,Sherman Heights,-117.1413415,32.7110545,Outside Perimeter,MARKET_ST,25TH_ST,ISLAND_AV,24TH_ST,,,,,,False,0,0.0,0,0.0,0,719.0,0,0,1,0,303.2,0,1,4,0,620.8,0,0,1,0,0,0,0,,0.0,0
25TH_ST_ISLAND_AV,Sherman Heights,-117.1413337,32.7099983,Outside Perimeter,ISLAND_AV,25TH_ST,J_ST,24TH_ST,,,,,,False,0,0.0,0,0.0,0,737.3,0,0,1,0,255.8,0,1,3,0,606.1,0,0,1,0,0,0,0,,0.0,0
25TH_ST_J_ST,Sherman Heights,-117.1413245,32.7089464,Outside Perimeter,J_ST,25TH_ST,K_ST,24TH_ST,,,,,,False,0,0.0,0,0.0,0,773.1,0,0,1,0,258.1,0,1,2,0,613.9,0,0,1,0,0,0,0,,0.0,0
20TH_ST_MARKET_ST,Sherman Heights,-117.1462566,32.7109976,Outside Perimeter,MARKET_ST,20TH_ST,ISLAND_AV,19TH_ST,,,,,,False,0,0.0,0,0.0,0,263.0,0,2,2,0,214.6,0,3,7,0,196.6,1,1,1,0,0,0,0,,0.0,2
20TH_ST_K_ST,Sherman Heights,-117.1462333,32.7078318,Outside Perimeter,K_ST,20TH_ST,L_ST,19TH_ST,,,,,,False,0,0.0,0,0.0,0,461.2,0,0,2,0,231.0,0,2,8,0,263.7,0,1,2,0,0,0,0,,0.0,0
20TH_ST_G_ST,Sherman Heights,-117.1463384,32.7120933,Outside Perimeter,G_ST,20TH_ST,MARKET_ST,19TH_ST,,,,,,False,0,0.0,0,0.0,0,257.9,0,2,2,0,261.4,0,4,7,0,289.7,0,1,1,0,0,0,0,,0.0,2
KETTNER_BL_W_E_ST,Marina,-117.1701433,32.7140949,Marina,W_E_ST,KETTNER_BL,W_F_ST,PACIFIC_HY,8.0,5.458333333333333,19.25,65.5,0.6666666666666666,True,0,0.0,0,0.0,0,303.9,0,4,7,0,1078.8,0,0,0,0,1116.4,0,0,0,0,0,0,0,,5.458333333333333,4
KETTNER_BL_W_F_ST,Marina,-117.1701177,32.7130513,Marina,W_F_ST,KETTNER_BL,W_G_ST,PACIFIC_HY,4.0,1.2083333333333333,10.5,14.5,0.3333333333333333,True,0,0.0,0,0.0,0,209.2,0,3,8,0,1105.4,0,0,0,0,1197.7,0,0,0,0,0,0,0,,1.2083333333333333,3
KETTNER_BL_W_G_ST,Marina,-117.1701176,32.7120006,Marina,W_G_ST,KETTNER_BL,W_HARBOR_DR,PACIFIC_HY,3.0,0.5,4.0,6.0,0.25,True,4,0.0,0,4.0,0,96.1,1,3,9,0,1131.9,0,0,0,0,1209.2,0,0,0,0,0,0,0,,0.5,3
COLUMBIA_ST_W_G_ST,Marina,-117.1682576,32.7119064,Marina,W_G_ST,COLUMBIA_ST,W_HARBOR_DR,KETTNER_BL,9.0,1.2916666666666667,3.0,15.5,0.75,True,1,0.0,0,1.0,0,224.3,0,2,11,0,969.0,0,0,0,0,1038.0,0,0,0,0,0,0,0,,1.2916666666666667,2
STATE_ST_W_G_ST,Marina,-117.1669646,32.7120126,Marina,W_G_ST,STATE_ST,W_MARKET_ST,COLUMBIA_ST,5.0,0.4791666666666667,1.75,5.75,0.4166666666666667,True,0,0.0,0,0.0,0,259.8,0,2,13,0,851.4,0,0,0,0,916.5,0,0,0,0,0,0,0,,0.4791666666666667,2
CALIFORNIA_ST_W_BROADWAY,Columbia,-117.1705741,32.715156,Columbia,W_BROADWAY,CALIFORNIA_ST,W_E_ST,PACIFIC_HY,1.0,0.0833333333333333,1.0,1.0,0.0833333333333333,True,0,0.0,0,0.0,0,317.8,0,3,8,0,1037.4,0,0,0,0,1070.3,0,0,0,0,0,0,0,,0.0833333333333333,3
10TH_AV_MARKET_ST,South East Village,-117.1560318,32.7109825,East Village,MARKET_ST,10TH_AV,ISLAND_AV,09TH_AV,4.0,0.5025,3.03,6.029999999999999,0.3333333333333333,True,0,0.0,0,0.0,0,297.5,0,3,15,0,443.3,0,0,6,0,207.0,0,2,3,0,0,0,0,,0.0,3
10TH_AV_G_ST,East Village,-117.1560204,32.7120547,East Village,G_ST,10TH_AV,MARKET_ST,09TH_AV,9.0,4.5,18.25,54.0,0.75,True,1,0.0,0,1.0,0,384.7,0,1,13,0,383.8,0,1,5,0,94.3,2,2,2,0,0,0,0,,0.0,1
11TH_AV_MARKET_ST,South East Village,-117.155121,32.7109849,East Village,MARKET_ST,11TH_AV,ISLAND_AV,10TH_AV,5.0,1.0833333333333333,4.0,13.0,0.4166666666666667,True,0,0.0,0,0.0,0,367.9,0,1,12,0,369.1,0,2,6,0,239.8,0,2,3,0,0,0,0,,0.0,1
11TH_AV_G_ST,East Village,-117.1551275,32.7120633,East Village,G_ST,11TH_AV,MARKET_ST,10TH_AV,5.0,1.4583333333333333,10.75,17.5,0.4166666666666667,True,0,0.0,0,0.0,0,440.9,0,0,12,0,438.9,0,0,6,0,152.5,1,2,3,0,0,0,0,,0.0,0
KETTNER_BL_W_BROADWAY,Columbia,-117.169627,32.7151597,Columbia,W_BROADWAY,KETTNER_BL,W_E_ST,CALIFORNIA_ST,2.0,0.3125,2.0,3.75,0.1666666666666666,True,0,0.0,0,0.0,0,250.3,0,2,9,0,965.8,0,0,0,0,1001.1,0,0,0,0,0,0,0,,0.3125,2
11TH_AV_A_ST,City Center,-117.1551703,32.7183485,City Center,A_ST,11TH_AV,B_ST,10TH_AV,11.0,3.145833333333333,8.0,37.75,0.9166666666666666,True,3,1.0,0,4.75,0,470.8,0,0,4,0,503.3,0,0,3,0,596.3,0,0,4,0,0,0,0,,3.145833333333333,0
10TH_AV_A_ST,City Center,-117.1560903,32.7183488,City Center,A_ST,10TH_AV,B_ST,09TH_AV,4.0,0.6666666666666666,5.0,8.0,0.3333333333333333,True,0,0.0,0,0.0,0,399.0,0,1,4,0,455.0,0,0,3,0,573.3,0,0,4,0,0,0,0,,0.6666666666666666,1
PARK_BL_B_ST,City Center,-117.1542247,32.7172888,City Center,B_ST,PARK_BL,C_ST,11TH_AV,11.0,4.6875,11.75,56.25,0.9166666666666666,True,10,1.0,0,11.75,0,508.8,0,0,4,0,486.9,0,0,4,0,529.3,0,0,3,0,0,0,0,,4.6875,0
11TH_AV_B_ST,City Center,-117.1551753,32.7172964,City Center,B_ST,11TH_AV,C_ST,10TH_AV,11.0,5.270833333333333,22.75,63.25,0.9166666666666666,True,0,0.0,0,0.0,0,423.1,0,0,4,0,417.4,0,0,4,0,487.4,0,0,3,0,0,0,0,,5.270833333333333,0
01ST_AV_W_A_ST,City Center,-117.1642723,32.7182995,City Center,W_A_ST,01ST_AV,W_B_ST,FRONT_ST,2.0,0.3333333333333333,3.0,4.0,0.1666666666666666,True,3,0.0,0,3.0,0,277.5,0,3,8,0,357.0,0,1,3,0,397.2,0,1,3,0,0,0,0,,0.0,3
03RD_AV_A_ST,City Center,-117.1629391,32.7177955,City Center,A_ST,03RD_AV,C_ST,01ST_AV,10.0,21.39583333333333,65.25,256.75,0.8333333333333334,True,64,0.0,0,64.0,0,274.2,0,5,8,0,329.9,0,1,3,0,381.3,0,1,4,0,0,0,0,,0.0,5
01ST_AV_W_B_ST,City Center,-117.1642733,32.7172579,City Center,W_B_ST,01ST_AV,W_C_ST,FRONT_ST,3.0,1.2291666666666667,7.0,14.75,0.25,True,4,1.0,0,5.75,0,197.4,1,4,8,0,444.7,0,0,2,0,490.9,0,0,3,0,0,0,0,,1.2291666666666667,4
09TH_AV_B_ST,City Center,-117.1570047,32.7172966,City Center,B_ST,09TH_AV,C_ST,08TH_AV,6.0,1.596666666666667,7.0,19.16,0.5,True,0,0.0,0,0.0,0,263.7,0,2,5,0,311.2,0,1,3,0,445.8,0,0,4,0,0,0,0,,1.596666666666667,2
09TH_AV_A_ST,City Center,-117.1569918,32.7183434,City Center,A_ST,09TH_AV,B_ST,08TH_AV,2.0,0.7708333333333334,8.25,9.25,0.1666666666666666,True,0,0.0,0,0.0,0,334.8,0,2,5,0,419.0,0,0,2,0,515.5,0,0,5,0,0,0,0,,0.7708333333333334,2
UNION_ST_W_B_ST,Columbia,-117.1660315,32.7172451,Columbia,W_B_ST,UNION_ST,W_C_ST,STATE_ST,4.0,0.3333333333333333,1.0,4.0,0.3333333333333333,True,1,0.0,0,1.0,0,77.0,2,3,9,0,558.1,0,0,2,0,595.7,0,0,2,0,0,0,0,,0.3333333333333333,3
COLUMBIA_ST_W_ASH_ST,Columbia,-117.1678351,32.7193473,Columbia,W_ASH_ST,COLUMBIA_ST,W_A_ST,INDIA_ST,4.0,0.4166666666666667,2.0,5.0,0.3333333333333333,True,2,0.0,0,2.0,0,278.7,0,2,5,0,607.1,0,0,2,0,621.2,0,0,2,0,0,0,0,,0.4166666666666667,2
PARK_BL_A_ST,City Center,-117.1542312,32.7183468,City Center,A_ST,PARK_BL,B_ST,11TH_AV,9.0,4.671666666666667,15.03,56.06,0.75,True,1,0.0,0,1.0,0,548.3,0,0,4,0,561.9,0,0,4,0,631.1,0,0,3,0,0,0,0,,4.671666666666667,0
07TH_AV_A_ST,City Center,-117.158841,32.7183422,City Center,A_ST,07TH_AV,B_ST,06TH_AV,5.0,0.8333333333333334,3.0,10.0,0.4166666666666667,True,0,0.0,0,0.0,0,246.3,0,3,6,0,346.0,0,2,3,0,386.7,0,1,5,0,0,0,0,,0.0,3
06TH_AV_A_ST,City Center,-117.1597219,32.7183308,City Center,A_ST,06TH_AV,B_ST,05TH_AV,6.0,1.8958333333333333,9.75,22.75,0.5,True,1,0.0,0,1.0,0,238.1,0,4,7,0,293.3,0,1,3,0,340.6,0,1,5,0,0,0,0,,0.0,4
UNION_ST_W_A_ST,Columbia,-117.1660611,32.7182992,Columbia,W_A_ST,UNION_ST,W_B_ST,STATE_ST,12.0,8.270833333333334,25.75,99.25,1.0,True,1,0.0,0,1.0,0,160.3,1,3,8,0,492.5,0,0,2,0,522.4,0,0,3,0,0,0,0,,8.270833333333334,3
STATE_ST_W_A_ST,Columbia,-117.1669419,32.7182948,Columbia,W_A_ST,STATE_ST,W_B_ST,COLUMBIA_ST,2.0,0.4375,3.5,5.25,0.1666666666666666,True,0,0.0,0,0.0,0,144.7,2,2,9,0,565.7,0,0,1,0,592.0,0,0,2,0,0,0,0,,0.4375,2
FRONT_ST_W_B_ST,City Center,-117.1651867,32.7172606,City Center,W_B_ST,FRONT_ST,W_C_ST,UNION_ST,9.0,7.375,20.5,88.5,0.75,True,0,0.0,0,0.0,0,153.9,1,3,8,0,499.3,0,0,2,0,540.9,0,0,2,0,0,0,0,,7.375,3
FRONT_ST_W_A_ST,City Center,-117.165161,32.7182965,City Center,W_A_ST,FRONT_ST,W_B_ST,UNION_ST,9.0,5.979166666666667,12.25,71.75,0.75,True,1,0.0,0,1.0,0,210.7,0,3,8,0,421.6,0,0,3,0,456.2,0,0,3,0,0,0,0,,5.979166666666667,3
INDIA_ST_W_ASH_ST,Columbia,-117.1687367,32.7193441,Columbia,W_ASH_ST,INDIA_ST,W_A_ST,KETTNER_BL,7.0,0.875,2.75,10.5,0.5833333333333334,True,1,0.0,0,1.0,0,296.5,0,2,4,0,689.9,0,0,1,0,702.4,0,0,1,0,0,0,0,,0.875,2
INDIA_ST_W_A_ST,Columbia,-117.1687155,32.7182884,Columbia,W_A_ST,INDIA_ST,W_B_ST,KETTNER_BL,5.0,0.8958333333333334,5.0,10.75,0.4166666666666667,True,0,1.0,0,1.75,0,186.6,1,2,8,0,719.3,0,0,1,0,740.2,0,0,1,0,0,0,0,,0.8958333333333334,2
KETTNER_BL_W_ASH_ST,Columbia,-117.169622,32.7193394,Columbia,W_ASH_ST,KETTNER_BL,W_A_ST,CALIFORNIA_ST,2.0,0.2291666666666666,1.75,2.75,0.1666666666666666,True,0,0.0,0,0.0,0,330.2,0,2,5,0,771.6,0,0,1,0,782.9,0,0,1,0,0,0,0,,0.2291666666666666,2
KETTNER_BL_W_A_ST,Columbia,-117.1696087,32.7172597,Columbia,W_A_ST,KETTNER_BL,W_BROADWAY,Map_Border,10.0,4.270833333333333,7.75,51.25,0.8333333333333334,True,5,0.0,0,5.0,0,177.0,1,2,8,0,840.8,0,0,0,0,866.1,0,0,0,0,0,0,0,,4.270833333333333,2
CALIFORNIA_ST_W_ASH_ST,Columbia,-117.1705567,32.7177515,Columbia,W_ASH_ST,CALIFORNIA_ST,W_BROADWAY,PACIFIC_HY,8.0,0.7291666666666666,1.75,8.75,0.6666666666666666,True,1,0.0,0,1.0,0,279.1,0,2,7,0,901.8,0,0,0,0,922.1,0,0,0,0,0,0,0,,0.7291666666666666,2
STATE_ST_W_ASH_ST,Columbia,-117.1669349,32.7193487,Columbia,W_ASH_ST,STATE_ST,W_A_ST,COLUMBIA_ST,5.0,2.020833333333333,11.75,24.25,0.4166666666666667,True,0,0.0,0,0.0,0,261.8,0,2,7,0,524.9,0,0,2,0,541.2,0,0,4,0,0,0,0,,2.020833333333333,2
05TH_AV_B_ST,City Center,-117.160627,32.7172852,City Center,B_ST,05TH_AV,C_ST,04TH_AV,9.0,4.3125,28.0,51.75,0.75,True,2,0.0,0,2.0,0,160.4,1,5,8,0,340.9,0,2,2,0,421.5,0,0,5,0,0,0,0,,4.3125,5
PARK_BL_C_ST,City Center,-117.1542651,32.7162557,City Center,C_ST,PARK_BL,BROADWAY,11TH_AV,12.0,6.25,16.0,75.0,1.0,True,16,0.0,0,16.0,0,474.3,0,0,6,0,428.5,0,0,3,0,434.8,0,0,2,0,0,0,0,,6.25,0
11TH_AV_C_ST,City Center,-117.1551682,32.7162482,City Center,C_ST,11TH_AV,BROADWAY,10TH_AV,11.0,6.395833333333333,22.75,76.75,0.9166666666666666,True,5,1.0,0,6.75,0,392.1,0,1,5,0,351.2,0,1,4,0,384.2,0,1,3,0,0,0,0,,0.0,1
05TH_AV_A_ST,City Center,-117.1606385,32.7183298,City Center,A_ST,05TH_AV,B_ST,04TH_AV,3.0,0.7916666666666666,5.5,9.5,0.25,True,2,2.0,0,5.5,0,260.0,0,4,8,0,254.7,0,1,3,0,308.0,0,1,5,0,0,0,0,,0.0,4
08TH_AV_B_ST,City Center,-117.157879,32.7172848,City Center,B_ST,08TH_AV,C_ST,07TH_AV,6.0,0.75,3.0,9.0,0.5,True,3,0.0,0,3.0,0,194.0,1,4,5,0,282.7,0,1,2,0,446.9,0,0,4,0,0,0,0,,0.75,4
07TH_AV_B_ST,City Center,-117.1588132,32.7172886,City Center,B_ST,07TH_AV,C_ST,06TH_AV,7.0,1.5833333333333333,4.0,19.0,0.5833333333333334,True,3,0.0,0,3.0,0,137.2,1,4,7,0,278.6,0,1,2,0,466.1,0,0,4,0,0,0,0,,1.5833333333333333,4
STATE_ST_W_B_ST,Columbia,-117.1669394,32.7172463,Columbia,W_B_ST,STATE_ST,W_C_ST,COLUMBIA_ST,6.0,0.7291666666666666,2.0,8.75,0.5,True,2,0.0,0,2.0,1,30.4,2,3,12,0,625.1,0,0,1,0,658.9,0,0,1,0,0,0,0,,0.7291666666666666,3
COLUMBIA_ST_W_B_ST,Columbia,-117.167824,32.7172386,Columbia,W_B_ST,COLUMBIA_ST,W_C_ST,INDIA_ST,4.0,0.5833333333333334,3.0,7.0,0.3333333333333333,True,3,0.0,0,3.0,1,48.9,2,2,11,0,694.7,0,0,1,0,725.4,0,0,1,0,0,0,0,,0.5833333333333334,2
COLUMBIA_ST_W_C_ST,Columbia,-117.1678207,32.7162135,Columbia,W_C_ST,COLUMBIA_ST,W_BROADWAY,INDIA_ST,7.0,1.5,7.0,18.0,0.5833333333333334,True,2,0.0,0,2.0,0,65.3,2,3,11,0,760.4,0,0,1,0,796.5,0,0,1,0,0,0,0,,1.5,3
COLUMBIA_ST_W_A_ST,Columbia,-117.1678202,32.7182872,Columbia,W_A_ST,COLUMBIA_ST,W_B_ST,INDIA_ST,2.0,0.1666666666666666,1.0,2.0,0.1666666666666666,True,1,0.0,0,1.0,0,165.6,2,2,9,0,641.2,0,0,1,0,664.6,0,0,1,0,0,0,0,,0.1666666666666666,2
06TH_AV_B_ST,City Center,-117.1597396,32.7172918,City Center,B_ST,06TH_AV,C_ST,05TH_AV,6.0,1.6458333333333333,7.0,19.75,0.5,True,7,0.0,0,7.0,0,123.6,1,4,8,0,300.7,0,2,2,0,444.5,0,0,5,0,0,0,0,,1.6458333333333333,4
04TH_AV_B_ST,City Center,-117.1615558,32.7172806,City Center,B_ST,04TH_AV,C_ST,03RD_AV,8.0,11.625,47.75,139.5,0.6666666666666666,True,1,0.0,0,1.0,0,201.0,0,5,8,0,358.4,0,2,2,0,414.1,0,0,5,0,0,0,0,,11.625,5
UNION_ST_W_ASH_ST,Columbia,-117.1660488,32.7193532,Columbia,W_ASH_ST,UNION_ST,W_A_ST,STATE_ST,12.0,11.669166666666667,25.25,140.03,1.0,True,3,2.0,0,6.5,0,271.2,0,2,7,0,444.8,0,0,2,0,463.8,0,0,4,0,0,0,0,,11.669166666666667,2
08TH_AV_A_ST,City Center,-117.1579005,32.718341,City Center,A_ST,08TH_AV,B_ST,07TH_AV,1.0,0.0833333333333333,1.0,1.0,0.0833333333333333,True,0,0.0,0,0.0,0,281.5,0,2,5,0,398.2,0,1,3,0,448.6,0,0,5,0,0,0,0,,0.0833333333333333,2
10TH_AV_C_ST,City Center,-117.1560671,32.7162421,City Center,C_ST,10TH_AV,BROADWAY,09TH_AV,8.0,7.395833333333333,55.5,88.75,0.6666666666666666,True,5,0.0,0,5.0,0,311.6,0,2,5,0,278.7,0,1,4,0,347.3,0,2,3,0,0,0,0,,0.0,2
PARK_BL_BROADWAY,City Center,-117.1542276,32.7152116,City Center,BROADWAY,PARK_BL,E_ST,11TH_AV,9.0,1.7291666666666667,7.0,20.75,0.75,True,1,0.0,0,1.0,0,465.8,0,0,7,0,402.8,0,0,5,0,342.6,0,2,2,0,0,0,0,,0.0,0
04TH_AV_A_ST,City Center,-117.161562,32.7183232,City Center,A_ST,04TH_AV,B_ST,03RD_AV,10.0,3.3125,7.75,39.75,0.8333333333333334,True,2,0.0,0,2.0,0,305.2,0,4,8,0,242.4,0,1,3,0,298.0,0,1,5,0,0,0,0,,0.0,4
INDIA_ST_W_B_ST,Columbia,-117.1687224,32.7167409,Columbia,W_B_ST,INDIA_ST,W_BROADWAY,KETTNER_BL,9.0,4.7525,15.03,57.03,0.75,True,5,0.0,0,5.0,0,86.6,2,2,10,0,795.4,0,0,1,0,826.1,0,0,0,0,0,0,0,,4.7525,2
08TH_AV_BROADWAY,City Center,-117.1578757,32.7151887,City Center,BROADWAY,08TH_AV,E_ST,07TH_AV,4.0,5.5025,40.25,66.03,0.3333333333333333,True,0,0.0,0,0.0,0,124.7,2,4,8,0,72.7,1,1,3,0,217.1,0,2,3,0,0,0,0,,0.0,4
11TH_AV_BROADWAY,City Center,-117.1551477,32.715209,City Center,BROADWAY,11TH_AV,E_ST,10TH_AV,10.0,3.333333333333333,13.75,40.0,0.8333333333333334,True,1,0.0,0,1.0,0,379.7,0,1,8,0,317.3,0,1,5,0,292.9,0,2,2,0,0,0,0,,0.0,1
09TH_AV_C_ST,City Center,-117.1569898,32.7162425,City Center,C_ST,09TH_AV,BROADWAY,08TH_AV,9.0,6.75,24.0,81.0,0.75,True,0,0.0,0,0.0,0,232.1,0,3,6,0,214.0,0,1,3,0,328.8,0,2,3,0,0,0,0,,0.0,3
08TH_AV_C_ST,City Center,-117.1578665,32.7162322,City Center,C_ST,08TH_AV,BROADWAY,07TH_AV,4.0,0.5833333333333334,2.0,7.0,0.3333333333333333,True,2,0.0,0,2.0,0,153.0,2,4,7,0,170.1,1,1,3,0,330.7,0,1,3,0,0,0,0,,0.0,4
08TH_AV_E_ST,East Village,-117.1578739,32.7141511,East Village,E_ST,08TH_AV,F_ST,07TH_AV,12.0,27.3875,62.31,328.65,1.0,True,9,2.0,0,12.5,0,178.3,1,4,11,0,93.0,1,1,5,0,108.9,2,2,2,0,0,0,0,,0.0,4
09TH_AV_F_ST,East Village,-117.1569871,32.7131219,East Village,F_ST,09TH_AV,G_ST,08TH_AV,12.0,4.1925,11.5,50.31,1.0,True,2,0.0,1,4.029999999999999,0,319.0,0,1,14,0,234.5,0,1,5,2,35.4,2,2,2,0,0,0,0,,0.0,1
08TH_AV_F_ST,East Village,-117.1578741,32.7131096,East Village,F_ST,08TH_AV,G_ST,07TH_AV,7.0,1.5416666666666667,5.5,18.5,0.5833333333333334,True,0,0.0,0,0.0,0,273.6,0,3,13,0,197.1,1,1,4,0,57.8,2,2,2,0,0,0,0,,0.0,3
09TH_AV_E_ST,East Village,-117.15698,32.7141617,East Village,E_ST,09TH_AV,F_ST,08TH_AV,12.0,29.8175,60.25,357.81,1.0,True,5,3.0,0,10.25,0,243.5,0,3,12,0,159.1,1,1,5,0,100.5,2,2,2,0,0,0,0,,0.0,3
09TH_AV_BROADWAY,City Center,-117.156977,32.7151974,City Center,BROADWAY,09TH_AV,E_ST,08TH_AV,10.0,8.895833333333334,22.0,106.75,0.8333333333333334,True,0,0.0,0,0.0,0,208.5,0,4,8,0,149.4,1,1,4,0,213.4,0,2,3,0,0,0,0,,0.0,4
10TH_AV_E_ST,East Village,-117.1560379,32.7141601,East Village,E_ST,10TH_AV,F_ST,09TH_AV,6.0,2.25,11.5,27.0,0.5,True,4,0.0,0,4.0,0,322.2,0,2,11,0,241.4,0,1,5,0,152.1,2,2,2,0,0,0,0,,0.0,2
11TH_AV_F_ST,East Village,-117.1551366,32.7131258,East Village,F_ST,11TH_AV,G_ST,10TH_AV,2.0,0.3333333333333333,3.0,4.0,0.1666666666666666,True,0,0.0,0,0.0,0,451.0,0,0,12,0,366.0,0,1,5,0,132.8,1,2,3,0,0,0,0,,0.0,0
11TH_AV_E_ST,East Village,-117.1551235,32.7141652,East Village,E_ST,11TH_AV,F_ST,10TH_AV,6.0,0.9375,4.5,11.25,0.5,True,1,1.0,0,2.75,0,402.2,0,0,9,0,324.1,0,1,5,0,199.3,1,2,2,0,0,0,0,,0.0,0
09TH_AV_MARKET_ST,South East Village,-117.1569277,32.7109735,East Village,MARKET_ST,09TH_AV,ISLAND_AV,08TH_AV,1.0,0.0833333333333333,1.0,1.0,0.0833333333333333,True,0,0.0,0,0.0,0,237.5,0,3,15,0,450.7,0,0,5,0,207.2,0,2,2,0,0,0,0,,0.0,3
10TH_AV_BROADWAY,City Center,-117.1560569,32.7152016,City Center,BROADWAY,10TH_AV,E_ST,09TH_AV,6.0,1.7708333333333333,8.0,21.25,0.5,True,3,2.0,0,6.5,0,294.6,0,2,9,0,233.2,0,1,6,0,241.6,0,2,2,0,0,0,0,,0.0,2
PARK_BL_E_ST,East Village,-117.154232,32.7141746,East Village,E_ST,PARK_BL,F_ST,11TH_AV,7.0,1.6875,5.0,20.25,0.5833333333333334,True,4,0.0,0,4.0,0,481.9,0,0,9,0,403.4,0,0,5,0,261.8,0,2,3,0,0,0,0,,0.0,0
08TH_AV_MARKET_ST,South East Village,-117.1578318,32.7109649,East Village,MARKET_ST,08TH_AV,ISLAND_AV,07TH_AV,10.0,4.8125,11.5,57.75,0.8333333333333334,True,4,0.0,0,4.0,0,195.6,1,3,15,0,431.5,0,0,4,0,239.4,0,2,2,0,0,0,0,,0.0,3
10TH_AV_F_ST,East Village,-117.1560443,32.7131208,East Village,F_ST,10TH_AV,G_ST,09TH_AV,5.0,0.9583333333333334,6.5,11.5,0.4166666666666667,True,2,0.0,0,2.0,0,382.4,0,1,14,0,296.4,0,1,5,0,55.7,2,2,2,0,0,0,0,,0.0,1
09TH_AV_G_ST,East Village,-117.156925,32.7120459,East Village,G_ST,09TH_AV,MARKET_ST,08TH_AV,6.0,1.4375,6.25,17.25,0.5,True,2,0.0,0,2.0,0,339.4,0,1,14,0,340.2,0,1,5,0,92.9,2,2,2,0,0,0,0,,0.0,1
08TH_AV_G_ST,East Village,-117.1578632,32.7120448,East Village,G_ST,08TH_AV,MARKET_ST,07TH_AV,6.0,1.0625,3.75,12.75,0.5,True,0,0.0,0,0.0,0,311.3,0,3,15,0,312.5,0,1,4,0,149.4,2,2,2,0,0,0,0,,0.0,3
10TH_AV_B_ST,City Center,-117.1560639,32.7172883,City Center,B_ST,10TH_AV,C_ST,09TH_AV,12.0,9.229166666666666,37.0,110.75,1.0,True,3,0.0,0,3.0,0,343.9,0,2,5,0,358.9,0,1,3,0,458.8,0,0,4,0,0,0,0,,9.229166666666666,2
I-5_SB_ISLAND_AV,South East Village,-117.1481553,32.7099349,East Village,ISLAND_AV,I-5_SB,J_ST,17TH_ST,4.0,0.4716666666666667,2.66,5.66,0.3333333333333333,True,0,0.0,0,0.0,0,183.9,2,2,2,0,64.5,1,5,7,1,36.5,1,1,2,0,0,0,0,,0.0,2
I-5_SB_MARKET_ST,South East Village,-117.1481409,32.7109953,East Village,MARKET_ST,I-5_SB,ISLAND_AV,17TH_ST,6.0,0.9325,2.75,11.19,0.5,True,0,0.0,0,0.0,0,98.1,2,2,2,0,171.5,1,5,7,0,136.8,1,1,2,0,0,0,0,,0.0,2
I-5_SB_OFF_RA_J_ST,South East Village,-117.1481715,32.7089424,East Village,J_ST,I-5_SB_OFF_RA,Map_Border,I-5_SB_ON_RA,9.0,10.44,31.25,125.28,0.75,True,5,15.0,0,31.25,0,243.7,0,2,2,0,76.2,1,4,7,0,101.6,1,1,2,0,0,0,0,,0.0,2
PARK_BL_ISLAND_AV,South East Village,-117.1541784,32.7099239,East Village,ISLAND_AV,PARK_BL,J_ST,11TH_AV,3.0,0.3333333333333333,2.0,4.0,0.25,True,0,0.0,0,0.0,0,369.8,0,2,10,0,236.9,0,2,6,0,387.0,0,1,4,0,0,0,0,,0.0,2
11TH_AV_ISLAND_AV,South East Village,-117.1551035,32.7099236,East Village,ISLAND_AV,11TH_AV,J_ST,10TH_AV,5.0,0.6666666666666666,2.0,8.0,0.4166666666666667,True,1,0.0,0,1.0,0,313.8,0,3,12,0,319.7,0,2,6,0,345.9,0,1,3,0,0,0,0,,0.0,3
PARK_BL_MARKET_ST,South East Village,-117.1541961,32.7109863,East Village,MARKET_ST,PARK_BL,ISLAND_AV,11TH_AV,10.0,1.6666666666666667,4.0,20.0,0.8333333333333334,True,1,0.0,0,1.0,0,396.7,0,1,11,0,299.8,0,2,6,0,295.5,0,2,3,0,0,0,0,,0.0,1
10TH_AV_ISLAND_AV,South East Village,-117.1559891,32.7099117,East Village,ISLAND_AV,10TH_AV,J_ST,09TH_AV,6.0,1.0,3.0,12.0,0.5,True,1,0.0,0,1.0,0,244.8,0,3,14,0,400.3,0,0,6,0,325.1,0,2,3,0,0,0,0,,0.0,3
PARK_BL_G_ST,East Village,-117.1541965,32.712061,East Village,G_ST,PARK_BL,MARKET_ST,11TH_AV,3.0,0.5,3.0,6.0,0.25,True,0,0.0,0,0.0,0,429.8,0,0,12,0,389.6,0,2,6,0,230.9,0,2,3,0,0,0,0,,0.0,0
17TH_ST_J_ST,South East Village,-117.1489996,32.708891,East Village,J_ST,17TH_ST,K_ST,16TH_ST,12.0,12.231666666666667,19.75,146.78,1.0,True,10,0.0,0,10.0,0,202.1,0,2,3,0,139.3,1,3,7,0,151.2,1,1,2,0,0,0,0,,0.0,2
I-5_SB_ON_RA_Map_Border,South East Village,-117.148167,32.706935,East Village,Map_Border,I-5_SB_ON_RA,IMPERIAL_AV,I-5_SB_OFF_RA,4.0,1.3125,9.5,15.75,0.3333333333333333,True,6,2.0,0,9.5,0,432.4,0,0,2,0,288.9,0,2,8,0,320.8,0,2,2,0,0,0,0,,0.0,0
17TH_ST_ISLAND_AV,South East Village,-117.1489889,32.7099281,East Village,ISLAND_AV,17TH_ST,J_ST,16TH_ST,12.0,17.515833333333333,39.0,210.19,1.0,True,5,0.0,0,5.0,0,114.1,2,2,3,0,129.8,1,4,7,0,112.3,1,1,3,0,0,0,0,,0.0,2
I-5_SB_ON_RA_C_ST,East Village,-117.1483469,32.7162533,East Village,C_ST,I-5_SB_ON_RA,BROADWAY,17TH_ST,8.0,3.645,21.0,43.74,0.6666666666666666,True,0,12.0,0,21.0,0,532.7,0,0,2,0,343.4,0,3,4,0,720.2,0,0,1,0,0,0,0,,3.645,0
17TH_ST_C_ST,East Village,-117.1490392,32.7162877,East Village,C_ST,17TH_ST,BROADWAY,16TH_ST,5.0,2.5908333333333333,24.0,31.09,0.4166666666666667,True,3,12.0,0,24.0,0,533.0,0,0,2,0,323.1,0,2,4,0,731.5,0,0,2,0,0,0,0,,2.5908333333333333,0
15TH_ST_C_ST,East Village,-117.1511898,32.7162738,East Village,C_ST,15TH_ST,BROADWAY,14TH_ST,3.0,0.4166666666666667,3.0,5.0,0.25,True,0,0.0,0,0.0,0,569.6,0,0,4,0,328.3,0,1,6,0,630.0,0,0,3,0,0,0,0,,0.4166666666666667,0
14TH_ST_C_ST,East Village,-117.1523968,32.7162585,East Village,C_ST,14TH_ST,BROADWAY,13TH_ST,8.0,1.4508333333333334,5.25,17.41,0.6666666666666666,True,0,0.0,0,0.0,0,617.9,0,0,5,0,380.4,0,1,6,0,544.0,0,0,2,0,0,0,0,,1.4508333333333334,0
13TH_ST_C_ST,East Village,-117.1533446,32.716262,East Village,C_ST,13TH_ST,BROADWAY,PARK_BL,2.0,0.25,2.0,3.0,0.1666666666666666,True,0,0.0,0,0.0,0,558.8,0,0,6,0,438.9,0,0,5,0,485.7,0,0,2,0,0,0,0,,0.25,0
16TH_ST_C_ST,East Village,-117.1499595,32.7162861,East Village,C_ST,16TH_ST,BROADWAY,15TH_ST,0.0,0.0,0.0,0.0,0.0,True,0,0.0,0,0.0,0,540.3,0,0,2,0,310.2,0,2,4,0,725.2,0,0,3,0,0,0,0,,0.0,0
17TH_ST_BROADWAY,East Village,-117.1490277,32.7152345,East Village,BROADWAY,17TH_ST,E_ST,16TH_ST,2.0,0.2916666666666667,1.75,3.5,0.1666666666666666,True,0,0.0,0,0.0,0,415.7,0,0,2,0,213.5,0,2,7,0,615.8,0,0,2,0,0,0,0,,0.2916666666666667,0
16TH_ST_BROADWAY,East Village,-117.149933,32.7152315,East Village,BROADWAY,16TH_ST,E_ST,15TH_ST,5.0,2.020833333333333,7.0,24.25,0.4166666666666667,True,1,0.0,0,1.0,0,424.5,0,0,2,0,192.9,1,2,6,0,636.8,0,0,3,0,0,0,0,,2.020833333333333,0
13TH_ST_BROADWAY,East Village,-117.1533262,32.7152197,East Village,BROADWAY,13TH_ST,E_ST,PARK_BL,11.0,8.7475,30.75,104.97,0.9166666666666666,True,3,0.0,0,3.0,0,550.2,0,0,6,0,365.7,0,1,5,0,401.2,0,0,3,0,0,0,0,,8.7475,0
14TH_ST_BROADWAY,East Village,-117.1524186,32.7152244,East Village,BROADWAY,14TH_ST,E_ST,13TH_ST,3.0,1.4791666666666667,13.75,17.75,0.25,True,0,0.0,0,0.0,0,523.9,0,0,5,0,296.9,0,1,7,0,467.9,0,0,3,0,0,0,0,,1.4791666666666667,0
15TH_ST_BROADWAY,East Village,-117.151185,32.7152297,East Village,BROADWAY,15TH_ST,E_ST,14TH_ST,4.0,0.4791666666666667,2.0,5.75,0.3333333333333333,True,0,0.0,0,0.0,0,462.9,0,0,4,0,222.2,0,2,7,0,566.6,0,0,3,0,0,0,0,,0.4791666666666667,0
I-5_SB_IMPERIAL_AV,South East Village,-117.1479977,32.7057081,East Village,IMPERIAL_AV,I-5_SB,COMMERCIAL_ST,17TH_ST,8.0,4.411666666666666,14.28,52.94,0.6666666666666666,True,0,0.0,0,0.0,0,565.4,0,0,2,0,212.1,0,1,7,0,236.5,0,1,2,0,0,0,0,,0.0,0
I-5_SB_OFF_RA_Map_Border,South East Village,-117.1484631,32.7080044,East Village,Map_Border,I-5_SB_OFF_RA,Map_Border,17TH_ST,10.0,6.780833333333334,15.75,81.37,0.8333333333333334,True,0,9.0,0,15.75,0,312.9,0,2,2,0,181.2,1,3,8,0,209.3,0,1,2,0,0,0,0,,0.0,2
I-5_SB_ON_RA_G_ST,East Village,-117.1481739,32.7120816,East Village,G_ST,I-5_SB_ON_RA,MARKET_ST,17TH_ST,4.0,2.395833333333333,24.0,28.75,0.3333333333333333,True,1,0.0,0,1.0,0,100.9,1,2,2,0,111.3,1,3,7,0,256.4,0,1,2,0,0,0,0,,0.0,2
I-5_SB_ON_RA_E_ST,East Village,-117.1484371,32.7141444,East Village,E_ST,I-5_SB_ON_RA,F_ST,17TH_ST,1.0,0.2916666666666667,3.5,3.5,0.0833333333333333,True,0,2.0,0,3.5,0,299.1,0,1,2,0,158.7,2,2,7,0,487.3,0,0,2,0,0,0,0,,0.2916666666666667,1
17TH_ST_E_ST,East Village,-117.1489562,32.7141842,East Village,E_ST,17TH_ST,F_ST,16TH_ST,6.0,1.13,4.5,13.56,0.5,True,1,0.0,1,3.03,0,298.8,0,1,2,0,123.9,2,2,7,0,499.9,0,0,3,0,0,0,0,,1.13,1
S_17TH_ST_COMMERCIAL_ST,Barrio Logan,-117.1488823,32.7049507,Outside Perimeter,COMMERCIAL_ST,S_17TH_ST,LOGAN_AV,Map_Border,,,,,,False,0,1.0,0,1.75,0,626.6,0,0,2,0,106.4,1,1,6,0,120.6,1,1,2,0,0,0,0,,0.0,0
17TH_ST_IMPERIAL_AV,South East Village,-117.148974,32.7057471,East Village,IMPERIAL_AV,17TH_ST,COMMERCIAL_ST,16TH_ST,12.0,5.480833333333333,8.12,65.77,1.0,True,5,0.0,0,5.0,0,537.7,0,0,3,0,194.5,1,1,7,0,200.6,0,1,2,0,0,0,0,,0.0,0
16TH_ST_F_ST,East Village,-117.1499278,32.7131519,East Village,F_ST,16TH_ST,G_ST,15TH_ST,9.0,5.710833333333333,14.0,68.53,0.75,True,1,2.0,0,4.5,0,203.4,0,2,2,1,39.3,2,2,7,0,423.0,0,0,3,0,0,0,0,,5.710833333333333,2
15TH_ST_F_ST,East Village,-117.1511605,32.7131435,East Village,F_ST,15TH_ST,G_ST,14TH_ST,7.0,2.44,17.25,29.28,0.5833333333333334,True,0,0.0,0,0.0,0,272.8,0,2,3,0,115.7,1,2,8,0,487.4,0,0,3,0,0,0,0,,2.44,2
17TH_ST_F_ST,East Village,-117.1490065,32.7131541,East Village,F_ST,17TH_ST,G_ST,16TH_ST,11.0,4.1825,23.75,50.19,0.9166666666666666,True,0,1.0,0,1.75,0,184.1,1,2,2,1,39.4,2,2,7,0,390.1,0,1,3,0,0,0,0,,0.0,2
14TH_ST_E_ST,East Village,-117.1524186,32.7141857,East Village,E_ST,14TH_ST,F_ST,13TH_ST,4.0,0.7291666666666666,4.0,8.75,0.3333333333333333,True,1,0.0,0,1.0,0,438.1,0,0,6,0,239.0,0,2,6,0,412.2,0,0,3,0,0,0,0,,0.7291666666666666,0
13TH_ST_E_ST,East Village,-117.1533283,32.7141815,East Village,E_ST,13TH_ST,F_ST,PARK_BL,4.0,0.7008333333333333,3.41,8.41,0.3333333333333333,True,0,0.0,0,0.0,0,503.4,0,0,8,0,320.8,0,1,6,0,334.5,0,2,3,0,0,0,0,,0.0,0
PARK_BL_F_ST,East Village,-117.1542287,32.7131312,East Village,F_ST,PARK_BL,G_ST,11TH_AV,2.0,0.1666666666666666,1.0,2.0,0.1666666666666666,True,0,0.0,0,0.0,0,492.6,0,0,9,0,398.2,0,1,6,0,215.9,0,2,3,0,0,0,0,,0.0,0
17TH_ST_K_ST,South East Village,-117.1489822,32.7073124,East Village,K_ST,17TH_ST,IMPERIAL_AV,16TH_ST,12.0,74.82000000000001,162.0,897.84,1.0,True,36,25.0,0,79.75,0,367.4,0,1,3,0,271.5,0,4,8,0,298.2,0,2,2,0,0,0,0,,0.0,1
16TH_ST_MARKET_ST,South East Village,-117.1499028,32.7109864,East Village,MARKET_ST,16TH_ST,ISLAND_AV,15TH_ST,12.0,22.9525,43.5,275.43,1.0,True,7,5.0,0,15.75,1,54.9,2,2,3,0,218.9,0,5,7,0,237.1,0,1,4,0,0,0,0,,0.0,2
16TH_ST_G_ST,East Village,-117.1499191,32.7120806,East Village,G_ST,16TH_ST,MARKET_ST,15TH_ST,11.0,10.044166666666667,16.75,120.53,0.9166666666666666,True,5,3.0,0,10.25,0,107.6,2,2,2,0,117.6,2,5,7,0,322.3,0,1,3,0,0,0,0,,0.0,2
15TH_ST_G_ST,East Village,-117.1511433,32.7120768,East Village,G_ST,15TH_ST,MARKET_ST,14TH_ST,3.0,0.75,4.0,9.0,0.25,True,0,0.0,0,0.0,0,205.6,0,2,4,0,191.2,1,4,7,0,402.9,0,0,3,0,0,0,0,,0.75,2
14TH_ST_G_ST,East Village,-117.1524006,32.7120823,East Village,G_ST,14TH_ST,MARKET_ST,13TH_ST,3.0,0.75,5.0,9.0,0.25,True,0,0.0,0,0.0,0,285.6,0,2,6,0,274.7,0,4,6,0,392.2,0,1,3,0,0,0,0,,0.0,2
15TH_ST_MARKET_ST,South East Village,-117.1511361,32.7109935,East Village,MARKET_ST,15TH_ST,ISLAND_AV,14TH_ST,11.0,6.388333333333333,14.91,76.66,0.9166666666666666,True,3,0.0,0,3.0,0,119.8,1,2,5,0,209.1,0,5,6,0,339.5,0,1,4,0,0,0,0,,0.0,2
09TH_AV_ISLAND_AV,South East Village,-117.156932,32.7099196,East Village,ISLAND_AV,09TH_AV,J_ST,08TH_AV,6.0,0.9166666666666666,3.0,11.0,0.5,True,0,0.0,0,0.0,0,162.3,1,5,15,0,487.3,0,0,4,0,323.2,0,2,2,0,0,0,0,,0.0,5
NEWTON_AV_PARK_BL,Barrio Logan,-117.1539584,32.7039294,Outside Perimeter,PARK_BL,NEWTON_AV,Map_Border,HARBOR_DR,,,,,,False,0,0.0,0,0.0,0,498.1,0,0,7,0,464.5,0,0,3,0,417.7,0,0,1,0,0,0,0,,0.0,0
Map_Border_IMPERIAL_AV,South East Village,-117.1556292,32.7058874,East Village,IMPERIAL_AV,Map_Border,Map_Border,PARK_BL,7.0,0.9791666666666666,2.0,11.75,0.5833333333333334,True,0,0.0,0,0.0,0,229.9,0,2,9,0,514.4,0,0,3,0,611.3,0,0,2,0,0,0,0,,0.9791666666666666,2
NATIONAL_AV_IMPERIAL_AV,South East Village,-117.1537259,32.7057792,East Village,IMPERIAL_AV,NATIONAL_AV,Map_Border,Map_Border,2.0,0.1666666666666666,1.0,2.0,0.1666666666666666,True,0,0.0,0,0.0,0,367.6,0,1,9,0,421.4,0,0,4,0,442.6,0,0,2,0,0,0,0,,0.1666666666666666,1
S_16TH_ST_NATIONAL_AV,Barrio Logan,-117.1514994,32.7044166,Outside Perimeter,NATIONAL_AV,S_16TH_ST,NEWTON_AV,Map_Border,,,,,,False,2,8.0,0,16.0,0,625.3,0,0,3,0,238.7,0,1,5,0,192.9,1,1,2,0,0,0,0,,0.0,0
Map_Border_NATIONAL_AV,South East Village,-117.1524081,32.7055029,East Village,NATIONAL_AV,Map_Border,COMMERCIAL_ST,13TH_ST,9.0,12.416666666666666,57.25,149.0,0.75,True,3,1.0,0,4.75,0,489.4,0,0,9,0,360.4,0,1,4,0,319.7,0,1,2,0,0,0,0,,0.0,0
16TH_ST_K_ST,South East Village,-117.1506552,32.7073213,East Village,K_ST,16TH_ST,IMPERIAL_AV,14TH_ST,11.0,4.5441666666666665,10.03,54.53,0.9166666666666666,True,8,0.0,1,10.03,0,359.1,0,1,5,0,235.0,0,3,7,0,384.3,0,2,2,0,0,0,0,,0.0,1
14TH_ST_K_ST,South East Village,-117.1523339,32.7078495,East Village,K_ST,14TH_ST,L_ST,13TH_ST,11.0,12.905833333333334,58.59,154.87,0.9166666666666666,True,3,0.0,0,3.0,0,367.2,0,1,8,0,158.4,2,2,6,0,477.0,0,0,4,0,0,0,0,,12.905833333333334,1
13TH_ST_IMPERIAL_AV,South East Village,-117.1529333,32.7061363,East Village,IMPERIAL_AV,13TH_ST,Map_Border,NATIONAL_AV,3.0,3.6666666666666665,29.0,44.0,0.25,True,10,0.0,0,10.0,0,414.3,0,0,9,0,357.2,0,2,4,0,400.0,0,1,2,0,0,0,0,,0.0,0
13TH_ST_L_ST,South East Village,-117.1532624,32.7068048,East Village,L_ST,13TH_ST,IMPERIAL_AV,12TH_AV,10.0,3.3541666666666665,8.0,40.25,0.8333333333333334,True,2,0.0,0,2.0,0,361.1,0,1,9,0,299.8,0,2,5,0,470.8,0,0,3,0,0,0,0,,3.3541666666666665,1
14TH_ST_IMPERIAL_AV,South East Village,-117.1522731,32.705974,East Village,IMPERIAL_AV,14TH_ST,NATIONAL_AV,13TH_ST,8.0,10.416666666666666,38.25,125.0,0.6666666666666666,True,0,0.0,0,0.0,0,478.3,0,0,9,0,361.8,0,3,4,0,340.2,0,1,2,0,0,0,0,,0.0,0
12TH_AV_PARK_BL,South East Village,-117.1545023,32.7069832,East Village,PARK_BL,12TH_AV,Map_Border,IMPERIAL_AV,8.0,3.125,16.5,37.5,0.6666666666666666,True,1,0.0,0,1.0,0,243.8,0,2,10,0,353.5,0,2,4,0,574.3,0,0,4,0,0,0,0,,3.125,2
PARK_BL_J_ST,South East Village,-117.1540298,32.7087234,East Village,J_ST,PARK_BL,Map_Border,11TH_AV,11.0,23.229166666666668,58.25,278.75,0.9166666666666666,True,23,2.0,0,26.5,0,305.0,0,1,9,0,215.5,0,2,7,0,509.4,0,0,4,0,0,0,0,,23.229166666666668,1
17TH_ST_G_ST,East Village,-117.1490078,32.7120842,East Village,G_ST,17TH_ST,MARKET_ST,16TH_ST,9.0,1.7083333333333333,5.5,20.5,0.75,True,2,2.0,0,5.5,0,65.0,2,2,2,0,79.7,2,3,7,0,278.3,0,1,3,0,0,0,0,,0.0,2
I-5_SB_ON_RA_F_ST,East Village,-117.1482564,32.7131625,East Village,F_ST,I-5_SB_ON_RA,G_ST,17TH_ST,5.0,1.1616666666666666,4.779999999999999,13.94,0.4166666666666667,True,1,0.0,0,1.0,0,197.7,1,2,2,0,80.5,2,2,7,0,376.7,0,1,2,0,0,0,0,,0.0,2
16TH_ST_E_ST,East Village,-117.149932,32.7141937,East Village,E_ST,16TH_ST,F_ST,15TH_ST,7.0,0.9166666666666666,3.0,11.0,0.5833333333333334,True,2,0.0,0,2.0,0,312.3,0,1,2,0,77.5,2,2,7,0,528.3,0,0,3,0,0,0,0,,0.9166666666666666,1
13TH_ST_F_ST,East Village,-117.1532985,32.7131305,East Village,F_ST,13TH_ST,G_ST,PARK_BL,7.0,1.9791666666666667,8.5,23.75,0.5833333333333334,True,1,0.0,0,1.0,0,425.7,0,0,9,0,311.7,0,1,6,0,302.1,0,2,3,0,0,0,0,,0.0,0
14TH_ST_F_ST,East Village,-117.1523916,32.713136,East Village,F_ST,14TH_ST,G_ST,13TH_ST,8.0,5.270833333333333,15.75,63.25,0.6666666666666666,True,0,0.0,0,0.0,0,366.2,0,2,7,0,227.6,0,2,6,0,386.6,0,1,3,0,0,0,0,,0.0,2
17TH_ST_MARKET_ST,South East Village,-117.1490019,32.7109934,East Village,MARKET_ST,17TH_ST,ISLAND_AV,16TH_ST,11.0,12.591666666666669,30.0,151.1,0.9166666666666666,True,6,0.0,0,6.0,1,56.4,2,2,2,0,201.1,0,5,7,0,174.1,1,1,3,0,0,0,0,,0.0,2
14TH_ST_J_ST,South East Village,-117.1523555,32.7089017,East Village,J_ST,14TH_ST,K_ST,13TH_ST,3.0,0.8333333333333334,7.0,10.0,0.25,True,0,0.0,0,0.0,0,283.4,0,1,8,0,61.7,2,2,7,0,438.2,0,0,4,0,0,0,0,,0.8333333333333334,1
14TH_ST_ISLAND_AV,South East Village,-117.1523586,32.7099402,East Village,ISLAND_AV,14TH_ST,J_ST,13TH_ST,10.0,7.4325,25.41,89.19,0.8333333333333334,True,2,0.0,0,2.0,0,229.5,0,2,8,0,97.6,2,2,8,0,427.3,0,0,4,0,0,0,0,,7.4325,2
14TH_ST_MARKET_ST,South East Village,-117.1523631,32.7109961,East Village,MARKET_ST,14TH_ST,ISLAND_AV,13TH_ST,9.0,4.6875,11.5,56.25,0.75,True,0,0.0,0,0.0,0,228.1,0,2,8,0,206.8,0,4,6,0,436.4,0,0,3,0,0,0,0,,4.6875,2
S_16TH_ST_COMMERCIAL_ST,Barrio Logan,-117.1502989,32.7048412,Outside Perimeter,COMMERCIAL_ST,S_16TH_ST,NATIONAL_AV,Map_Border,,,,,,False,3,2.0,2,10.559999999999999,0,630.6,0,0,4,0,153.5,1,1,6,0,119.9,1,1,2,0,0,0,0,,0.0,0
16TH_ST_IMPERIAL_AV,South East Village,-117.1498956,32.7057509,East Village,IMPERIAL_AV,16TH_ST,COMMERCIAL_ST,15TH_ST,11.0,5.9191666666666665,12.06,71.03,0.9166666666666666,True,3,0.0,0,3.0,0,528.8,0,0,3,0,212.2,0,1,7,0,198.4,1,1,2,0,0,0,0,,0.0,0
15TH_ST_IMPERIAL_AV,South East Village,-117.1511004,32.7057566,East Village,IMPERIAL_AV,15TH_ST,COMMERCIAL_ST,14TH_ST,12.0,28.419166666666666,62.03,341.03,1.0,True,17,0.0,1,19.03,0,538.0,0,0,5,0,277.4,0,3,6,0,246.4,0,1,2,0,0,0,0,,0.0,0
14TH_ST_L_ST,South East Village,-117.1523303,32.7068041,East Village,L_ST,14TH_ST,IMPERIAL_AV,13TH_ST,12.0,8.661666666666667,18.5,103.94,1.0,True,6,0.0,0,6.0,0,446.3,0,0,8,0,271.3,0,2,6,0,409.5,0,0,3,0,0,0,0,,8.661666666666667,0
10TH_AV_J_ST,South East Village,-117.1568893,32.707721,East Village,J_ST,10TH_AV,PARK_BL,TONY_GWYNN_DR,6.0,1.4166666666666667,6.0,17.0,0.5,True,1,0.0,0,1.0,1,17.0,2,6,9,0,504.3,0,0,2,0,566.6,0,0,2,0,0,0,0,,1.4166666666666667,6
11TH_AV_K_ST,South East Village,-117.1551208,32.7080323,East Village,K_ST,11TH_AV,PARK_BL,10TH_AV,6.0,0.6666666666666666,3.0,8.0,0.5,True,1,0.0,0,1.0,0,182.5,1,4,10,0,337.1,0,2,6,0,546.2,0,0,4,0,0,0,0,,0.6666666666666666,4
11TH_AV_J_ST,South East Village,-117.1551036,32.7088789,East Village,J_ST,11TH_AV,K_ST,10TH_AV,3.0,0.3333333333333333,2.0,4.0,0.25,True,0,0.0,0,0.0,0,227.6,0,4,10,0,311.5,0,2,7,0,455.7,0,0,4,0,0,0,0,,0.3333333333333333,4
SIGSBEE_ST_LOGAN_AV,Barrio Logan,-117.1488413,32.7039621,Outside Perimeter,LOGAN_AV,SIGSBEE_ST,NATIONAL_AV,S_16TH_ST,,,,,,False,0,0.0,0,0.0,0,735.8,0,0,1,1,15.5,1,1,6,1,61.8,1,1,2,0,0,0,0,,0.0,0
15TH_ST_E_ST,East Village,-117.151182,32.7141905,East Village,E_ST,15TH_ST,F_ST,14TH_ST,5.0,1.3125,6.5,15.75,0.4166666666666667,True,0,0.0,0,0.0,0,362.6,0,1,3,0,134.8,1,2,7,0,521.6,0,0,3,0,0,0,0,,1.3125,1
16TH_ST_ISLAND_AV,South East Village,-117.1499034,32.7099323,East Village,ISLAND_AV,16TH_ST,J_ST,15TH_ST,5.0,0.75,3.0,9.0,0.4166666666666667,True,2,0.0,0,2.0,0,63.8,2,2,3,0,195.5,2,5,7,0,197.6,1,1,4,0,0,0,0,,0.0,2
13TH_ST_G_ST,East Village,-117.1533019,32.7120729,East Village,G_ST,13TH_ST,MARKET_ST,PARK_BL,7.0,2.9166666666666665,10.0,35.0,0.5833333333333334,True,0,0.0,0,0.0,0,355.4,0,1,10,0,347.7,0,3,6,0,310.3,0,2,3,0,0,0,0,,0.0,1
16TH_ST_J_ST,South East Village,-117.1498877,32.7088871,East Village,J_ST,16TH_ST,K_ST,15TH_ST,12.0,13.270833333333334,22.0,159.25,1.0,True,5,3.0,0,10.25,0,179.9,1,2,3,0,182.5,2,3,7,0,220.4,0,1,3,0,0,0,0,,0.0,2
13TH_ST_K_ST,South East Village,-117.1532529,32.7078497,East Village,K_ST,13TH_ST,L_ST,12TH_AV,8.0,9.958333333333334,35.5,119.5,0.6666666666666666,True,0,0.0,0,0.0,0,352.1,0,1,9,0,202.8,0,2,6,0,554.3,0,0,4,0,0,0,0,,9.958333333333334,1
08TH_AV_ISLAND_AV,South East Village,-117.1578277,32.7099063,East Village,ISLAND_AV,08TH_AV,J_ST,07TH_AV,2.0,0.1666666666666666,1.0,2.0,0.1666666666666666,True,1,0.0,0,1.0,0,92.3,2,6,14,0,548.4,0,0,3,0,345.3,0,2,2,0,0,0,0,,0.0,6
13TH_ST_MARKET_ST,South East Village,-117.1532832,32.7109913,East Village,MARKET_ST,13TH_ST,ISLAND_AV,PARK_BL,11.0,5.005,8.03,60.06,0.9166666666666666,True,5,0.0,0,5.0,0,312.3,0,1,9,0,243.0,0,2,6,0,362.4,0,1,3,0,0,0,0,,0.0,1
13TH_ST_ISLAND_AV,South East Village,-117.1532643,32.709928,East Village,ISLAND_AV,13TH_ST,J_ST,PARK_BL,10.0,4.854166666666667,20.25,58.25,0.8333333333333334,True,0,0.0,0,0.0,0,312.3,0,1,8,0,159.3,2,2,7,0,440.5,0,0,4,0,0,0,0,,4.854166666666667,1
13TH_ST_J_ST,South East Village,-117.1532612,32.7088911,East Village,J_ST,13TH_ST,K_ST,PARK_BL,5.0,3.9375,15.75,47.25,0.4166666666666667,True,0,0.0,0,0.0,0,354.1,0,2,8,0,141.1,2,2,6,0,521.4,0,0,4,0,0,0,0,,3.9375,2
15TH_ST_ISLAND_AV,South East Village,-117.1511399,32.7099405,East Village,ISLAND_AV,15TH_ST,J_ST,14TH_ST,5.0,1.9383333333333328,7.979999999999999,23.26,0.4166666666666667,True,2,0.0,0,2.0,0,123.6,1,2,6,0,103.0,2,4,7,0,313.2,0,1,4,0,0,0,0,,0.0,2
15TH_ST_J_ST,South East Village,-117.1511125,32.7088926,East Village,J_ST,15TH_ST,K_ST,14TH_ST,11.0,10.825833333333334,46.0,129.91,0.9166666666666666,True,2,0.0,0,2.0,0,207.1,0,2,6,2,72.9,2,3,7,0,326.3,0,1,4,0,0,0,0,,0.0,2
CESAR_E_CHAVEZ_PY_CROSBY_RD,Barrio Logan,-117.1502346,32.6968752,Outside Perimeter,CROSBY_RD,CESAR_E_CHAVEZ_PY,WATER_ST,Map_Border,,,,,,False,0,0.0,0,0.0,0,655.5,0,0,1,0,770.8,0,0,1,0,796.1,0,0,1,0,0,0,0,,0.0,0
BEARDSLEY_ST_NEWTON_AV,Barrio Logan,-117.148737,32.7011838,Outside Perimeter,NEWTON_AV,BEARDSLEY_ST,MAIN_ST,SIGSBEE_ST,,,,,,False,0,0.0,0,0.0,0,942.9,0,0,0,0,314.5,0,2,2,0,321.5,0,1,1,0,0,0,0,,0.0,0
NEWTON_AV_Map_Border,Barrio Logan,-117.150364,32.7023431,Outside Perimeter,Map_Border,NEWTON_AV,SIGSBEE_ST,Map_Border,,,,,,False,0,0.0,0,0.0,0,853.7,0,0,0,0,224.4,0,1,4,0,201.4,0,1,1,0,0,0,0,,0.0,0
Map_Border_Map_Border,Barrio Logan,-117.1511516,32.7015111,Outside Perimeter,Map_Border,Map_Border,SIGSBEE_ST,HARBOR_DR,,,,,,False,0,0.0,0,0.0,0,871.5,0,0,0,0,342.6,0,1,2,0,317.3,0,1,1,0,0,0,0,,0.0,0
BEARDSLEY_ST_MAIN_ST,Barrio Logan,-117.1495408,32.7003924,Outside Perimeter,MAIN_ST,BEARDSLEY_ST,HARBOR_DR,SIGSBEE_ST,,,,,,False,0,0.0,0,0.0,0,900.9,0,0,0,0,404.8,0,0,2,0,401.6,0,0,1,0,0,0,0,,0.0,0
SIGSBEE_ST_NATIONAL_AV,Barrio Logan,-117.1496165,32.7031432,Outside Perimeter,NATIONAL_AV,SIGSBEE_ST,NEWTON_AV,S_16TH_ST,,,,,,False,0,0.0,0,0.0,0,819.7,0,0,0,0,111.5,1,1,5,0,96.0,1,1,2,0,0,0,0,,0.0,0
02ND_AV_MARKET_ST,Marina,-117.1633132,32.7109377,Marina,MARKET_ST,02ND_AV,ISLAND_AV,01ST_AV,2.0,0.1666666666666666,1.0,2.0,0.1666666666666666,True,1,0.0,0,1.0,0,163.2,1,1,18,0,623.0,0,0,1,0,621.6,0,0,2,0,0,0,0,,0.1666666666666666,1
03RD_AV_MARKET_ST,Marina,-117.1623893,32.7109401,Marina,MARKET_ST,03RD_AV,ISLAND_AV,02ND_AV,6.0,1.0,4.0,12.0,0.5,True,1,0.0,0,1.0,0,220.1,0,3,17,0,563.3,0,0,1,0,544.3,0,0,2,0,0,0,0,,1.0,3
02ND_AV_ISLAND_AV,Marina,-117.1633191,32.7098806,Marina,ISLAND_AV,02ND_AV,J_ST,01ST_AV,7.0,2.7758333333333334,13.25,33.31,0.5833333333333334,True,0,0.0,0,0.0,0,271.1,0,4,16,0,709.7,0,0,1,0,680.2,0,0,2,0,0,0,0,,2.7758333333333334,4
01ST_AV_W_MARKET_ST,Marina,-117.164209,32.7109322,Marina,W_MARKET_ST,01ST_AV,W_ISLAND_AV,FRONT_ST,0.0,0.0,0.0,0.0,0.0,True,0,0.0,0,0.0,0,141.1,1,1,18,0,686.5,0,0,1,0,698.7,0,0,2,0,0,0,0,,0.0,1
01ST_AV_W_ISLAND_AV,Marina,-117.1643067,32.7097153,Marina,W_ISLAND_AV,01ST_AV,W_HARBOR_DR,FRONT_ST,7.0,1.1041666666666667,4.5,13.25,0.5833333333333334,True,1,0.0,0,1.0,0,276.8,0,2,16,0,785.0,0,0,1,0,768.1,0,0,1,0,0,0,0,,1.1041666666666667,2
FRONT_ST_W_MARKET_ST,Marina,-117.1662764,32.7106324,Marina,W_MARKET_ST,FRONT_ST,W_HARBOR_DR,Map_Border,3.0,0.3333333333333333,2.0,4.0,0.25,True,1,0.0,0,1.0,0,261.3,0,1,17,0,863.6,0,0,0,0,891.7,0,0,0,0,0,0,0,,0.3333333333333333,1
03RD_AV_ISLAND_AV,Marina,-117.1623956,32.7098903,Marina,ISLAND_AV,03RD_AV,J_ST,02ND_AV,5.0,0.7216666666666667,3.0,8.66,0.4166666666666667,True,0,0.0,0,0.0,0,292.7,0,6,16,0,657.2,0,0,1,0,609.8,0,0,2,0,0,0,0,,0.7216666666666667,6
FRONT_ST_W_MARKET_ST__2,Marina,-117.1651491,32.7109428,Marina,W_MARKET_ST,FRONT_ST,W_ISLAND_AV,UNION_ST,0.0,0.0,0.0,0.0,0.0,True,0,0.0,0,0.0,0,165.8,1,1,20,0,756.5,0,0,1,0,780.6,0,0,1,0,0,0,0,,0.0,1
