donation_id,business_id,agency_id,hotspot_block_id,meals_allocated,agency_to_supplier_miles,supplier_to_hotspot_miles,route_total_miles,route_duration_minutes,transport_cost,distance_method
synthetic_001,biz_scripps_mercy_hospital_san_diego,agency_catholic_charities_diocese_of_san_diego,04TH_AV_CEDAR_ST,2.59,5.751287481110315,1.9430277181261433,7.694315199236458,14.131666666666668,10.028297606975265,osrm_openstreetmap_driving
synthetic_001,biz_scripps_mercy_hospital_san_diego,agency_catholic_charities_diocese_of_san_diego,03RD_AV_I-5_SB,10.13,5.751287481110315,2.058727034120735,7.81001451523105,14.84,10.325777698242264,osrm_openstreetmap_driving
synthetic_001,biz_scripps_mercy_hospital_san_diego,agency_catholic_charities_diocese_of_san_diego,03RD_AV_CEDAR_ST,1.38,5.751287481110315,2.0676126421697285,7.818900123280043,14.543333333333331,10.24476687147061,osrm_openstreetmap_driving
synthetic_001,biz_scripps_mercy_hospital_san_diego,agency_catholic_charities_diocese_of_san_diego,02ND_AV_I-5_SB,14.15,5.751287481110315,2.1117299968185796,7.863017477928894,15.051666666666666,10.42867800544818,osrm_openstreetmap_driving
synthetic_001,biz_scripps_mercy_hospital_san_diego,agency_catholic_charities_diocese_of_san_diego,05TH_AV_ASH_ST,3.29,5.751287481110315,2.1214855245367055,7.87277300564702,14.736666666666666,10.342904706513957,osrm_openstreetmap_driving
synthetic_001,biz_scripps_mercy_hospital_san_diego,agency_catholic_charities_diocese_of_san_diego,04TH_AV_BEECH_ST,4.29,5.751287481110315,2.174053527399984,7.925341008510299,15.103333333333332,10.491328610912271,osrm_openstreetmap_driving
synthetic_001,biz_scripps_mercy_hospital_san_diego,agency_catholic_charities_diocese_of_san_diego,04TH_AV_A_ST,3.31,5.751287481110315,2.1839954664757815,7.935282947586096,14.815,10.413585873498766,osrm_openstreetmap_driving
synthetic_001,biz_scripps_mercy_hospital_san_diego,agency_catholic_charities_diocese_of_san_diego,02ND_AV_CEDAR_ST,1.06,5.751287481110315,2.2042521673427187,7.955539648453033,15.018333333333334,10.489133743935417,osrm_openstreetmap_driving
synthetic_001,biz_scripps_mercy_hospital_san_diego,agency_catholic_charities_diocese_of_san_diego,03RD_AV_ASH_ST,4.61,5.751287481110315,2.2280506840054084,7.979338165115723,15.575,10.671901172154616,osrm_openstreetmap_driving
synthetic_001,biz_scripps_mercy_hospital_san_diego,agency_catholic_charities_diocese_of_san_diego,01ST_AV_W_BEECH_ST,1.1,5.751287481110315,2.275585580211564,8.02687306132188,15.358333333333334,10.643930471049073,osrm_openstreetmap_driving
synthetic_001,biz_scripps_mercy_hospital_san_diego,agency_catholic_charities_diocese_of_san_diego,11TH_AV_A_ST,3.15,5.751287481110315,2.3023666785969934,8.053654159707309,13.963333333333336,10.251596605822,osrm_openstreetmap_driving
synthetic_001,biz_scripps_mercy_hospital_san_diego,agency_catholic_charities_diocese_of_san_diego,10TH_AV_B_ST,9.23,5.751287481110315,2.3571094806331025,8.108396961743416,13.858333333333334,10.26213863536944,osrm_openstreetmap_driving
synthetic_001,biz_scripps_mercy_hospital_san_diego,agency_catholic_charities_diocese_of_san_diego,FRONT_ST_W_ASH_ST,3.67,5.751287481110315,2.368666984808717,8.119954465919031,15.705,10.817227894098462,osrm_openstreetmap_driving
synthetic_001,biz_scripps_mercy_hospital_san_diego,agency_catholic_charities_diocese_of_san_diego,FRONT_ST_W_A_ST,5.98,5.751287481110315,2.370406824146982,8.121694305257297,15.566666666666666,10.777626560884435,osrm_openstreetmap_driving
synthetic_001,biz_scripps_mercy_hospital_san_diego,agency_catholic_charities_diocese_of_san_diego,11TH_AV_B_ST,5.27,5.751287481110315,2.3751292452079853,8.1264167263183,14.133333333333333,10.35718782311302,osrm_openstreetmap_driving
synthetic_001,biz_scripps_mercy_hospital_san_diego,agency_catholic_charities_diocese_of_san_diego,UNION_ST_W_ASH_ST,11.67,5.751287481110315,2.4034637715740077,8.154751252684322,15.925,10.90875678537342,osrm_openstreetmap_driving
synthetic_001,biz_scripps_mercy_hospital_san_diego,agency_catholic_charities_diocese_of_san_diego,07TH_AV_ASH_ST,1.42,5.751287481110315,2.426019545852223,8.177307026962538,14.553333333333333,10.520114451602641,osrm_openstreetmap_driving
synthetic_001,biz_scripps_mercy_hospital_san_diego,agency_catholic_charities_diocese_of_san_diego,PARK_BL_A_ST,4.67,5.751287481110315,2.4373285015509425,8.188615982661258,14.386666666666668,10.47940370237811,osrm_openstreetmap_driving
synthetic_001,biz_scripps_mercy_hospital_san_diego,agency_catholic_charities_diocese_of_san_diego,01ST_AV_W_B_ST,1.23,5.751287481110315,2.442361608208065,8.193649089318379,15.813333333333333,10.90528441899308,osrm_openstreetmap_driving
synthetic_001,biz_scripps_mercy_hospital_san_diego,agency_catholic_charities_diocese_of_san_diego,FRONT_ST_W_B_ST,7.38,5.751287481110315,2.443728624830987,8.195016105941303,15.906666666666666,10.933934462737612,osrm_openstreetmap_driving
synthetic_001,biz_scripps_mercy_hospital_san_diego,agency_catholic_charities_diocese_of_san_diego,09TH_AV_B_ST,1.6,5.751287481110315,2.462121212121212,8.213408693231527,14.266666666666666,10.462746162411516,osrm_openstreetmap_driving
synthetic_001,biz_scripps_mercy_hospital_san_diego,agency_catholic_charities_diocese_of_san_diego,UNION_ST_W_A_ST,6.319999999999972,5.751287481110315,2.4747971844428536,8.226084665553168,16.07,11.005866012487076,osrm_openstreetmap_driving
synthetic_002,biz_northgate_gonzalez_market,agency_feeding_san_diego_south_bay,S_17TH_ST_COMMERCIAL_ST,1.75,2.9896653543307083,1.2009241032370954,4.190589457567803,8.799999999999999,5.788181321084863,osrm_openstreetmap_driving
synthetic_002,biz_northgate_gonzalez_market,agency_feeding_san_diego_south_bay,16TH_ST_IMPERIAL_AV,5.92,2.9896653543307083,1.2787197765052096,4.268385130835918,9.008333333333333,5.908937977213076,osrm_openstreetmap_driving
synthetic_002,biz_northgate_gonzalez_market,agency_feeding_san_diego_south_bay,S_16TH_ST_COMMERCIAL_ST,10.56,2.9896653543307083,1.331784876322278,4.321450230652986,9.028333333333332,5.955184119740713,osrm_openstreetmap_driving
synthetic_002,biz_northgate_gonzalez_market,agency_feeding_san_diego_south_bay,19TH_ST_J_ST,1.0,2.9896653543307083,1.391374373657838,4.381039727988546,9.533333333333331,6.149867971049073,osrm_openstreetmap_driving
synthetic_002,biz_northgate_gonzalez_market,agency_feeding_san_diego_south_bay,17TH_ST_IMPERIAL_AV,5.48,2.9896653543307083,1.4022483695219914,4.391913723852699,9.375,6.1112919301280515,osrm_openstreetmap_driving
synthetic_002,biz_northgate_gonzalez_market,agency_feeding_san_diego_south_bay,14TH_ST_IMPERIAL_AV,10.42,2.9896653543307083,1.402807603595005,4.392472957925714,9.34,6.101362781356876,osrm_openstreetmap_driving
synthetic_002,biz_northgate_gonzalez_market,agency_feeding_san_diego_south_bay,Map_Border_NATIONAL_AV,12.42,2.9896653543307083,1.4300857989342242,4.419751153264933,9.475,6.162031709814682,osrm_openstreetmap_driving
synthetic_002,biz_northgate_gonzalez_market,agency_feeding_san_diego_south_bay,14TH_ST_L_ST,8.66,2.9896653543307083,1.456866897319653,4.446532251650361,9.67,6.240072844587608,osrm_openstreetmap_driving
synthetic_002,biz_northgate_gonzalez_market,agency_feeding_san_diego_south_bay,13TH_ST_L_ST,3.35,2.9896653543307083,1.4598494790423924,4.449514833373101,9.686666666666667,6.247270162252446,osrm_openstreetmap_driving
synthetic_002,biz_northgate_gonzalez_market,agency_feeding_san_diego_south_bay,06TH_AV_L_ST,2.33,2.9896653543307083,1.4847043267318858,4.474369681062594,9.038333333333334,6.07436123538535,osrm_openstreetmap_driving
synthetic_002,biz_northgate_gonzalez_market,agency_feeding_san_diego_south_bay,16TH_ST_J_ST,13.27,2.9896653543307083,1.4946462658076831,4.484311620138391,9.455,6.205180997971844,osrm_openstreetmap_driving
synthetic_002,biz_northgate_gonzalez_market,agency_feeding_san_diego_south_bay,15TH_ST_IMPERIAL_AV,28.42,2.9896653543307083,1.5107397796866302,4.500405134017338,9.563333333333333,6.249460679630955,osrm_openstreetmap_driving
synthetic_002,biz_northgate_gonzalez_market,agency_feeding_san_diego_south_bay,16TH_ST_K_ST,4.54,2.9896653543307083,1.522670106577587,4.512335460908295,9.833333333333332,6.338402728068081,osrm_openstreetmap_driving
synthetic_002,biz_northgate_gonzalez_market,agency_feeding_san_diego_south_bay,I-5_SB_OFF_RA_Map_Border,6.78,2.9896653543307083,1.5353460788992286,4.5250114332299365,9.626666666666663,6.286897578143639,osrm_openstreetmap_driving
synthetic_002,biz_northgate_gonzalez_market,agency_feeding_san_diego_south_bay,12TH_AV_PARK_BL,3.12,2.9896653543307083,1.5411869681062595,4.530852322436968,9.658333333333331,6.300704709496539,osrm_openstreetmap_driving
synthetic_002,biz_northgate_gonzalez_market,agency_feeding_san_diego_south_bay,17TH_ST_K_ST,74.82,2.9896653543307083,1.5829431122246085,4.572608466555317,9.71,6.3477241012487085,osrm_openstreetmap_driving
synthetic_002,biz_northgate_gonzalez_market,agency_feeding_san_diego_south_bay,15TH_ST_ISLAND_AV,1.94,2.9896653543307083,1.6014599737532809,4.591125328083989,9.406666666666666,6.272060804899388,osrm_openstreetmap_driving
synthetic_002,biz_northgate_gonzalez_market,agency_feeding_san_diego_south_bay,13TH_ST_K_ST,9.96,2.9896653543307083,1.6025163047800843,4.592181659110793,9.935,6.429162227590869,osrm_openstreetmap_driving
synthetic_002,biz_northgate_gonzalez_market,agency_feeding_san_diego_south_bay,19TH_ST_MARKET_ST,17.87,2.9896653543307083,1.6031376759723217,4.592803030303029,9.976666666666668,6.441960858585858,osrm_openstreetmap_driving
synthetic_002,biz_northgate_gonzalez_market,agency_feeding_san_diego_south_bay,14TH_ST_K_ST,12.91,2.9896653543307083,1.6040697327606777,4.593735087091386,9.971666666666668,6.4411900550783425,osrm_openstreetmap_driving
synthetic_002,biz_northgate_gonzalez_market,agency_feeding_san_diego_south_bay,14TH_ST_ISLAND_AV,7.43,2.9896653543307083,1.6074872743179829,4.597152628648692,9.563333333333333,6.322988775550783,osrm_openstreetmap_driving
synthetic_002,biz_northgate_gonzalez_market,agency_feeding_san_diego_south_bay,17TH_ST_J_ST,12.23,2.9896653543307083,1.6205982064741906,4.610263560804899,9.778333333333332,6.396557250656167,osrm_openstreetmap_driving
synthetic_002,biz_northgate_gonzalez_market,agency_feeding_san_diego_south_bay,16TH_ST_MARKET_ST,21.486666666666704,2.9896653543307083,1.639177205122087,4.628842559452796,9.708333333333332,6.3899689562952355,osrm_openstreetmap_driving
synthetic_003,biz_springhill_suites_san_diego_downtown_bayfront,agency_feeding_san_diego_south_bay,KETTNER_BL_W_F_ST,1.21,5.025215242980991,0.2686809035234231,5.293896146504414,10.39,7.097069404676688,osrm_openstreetmap_driving
synthetic_003,biz_springhill_suites_san_diego_downtown_bayfront,agency_feeding_san_diego_south_bay,COLUMBIA_ST_W_G_ST,1.29,5.025215242980991,0.2933493398552453,5.3185645828362365,9.941666666666665,6.983185471844429,osrm_openstreetmap_driving
synthetic_003,biz_springhill_suites_san_diego_downtown_bayfront,agency_feeding_san_diego_south_bay,STATE_ST_Map_Border,1.17,5.025215242980991,0.3060874492961107,5.331302692277101,10.065,7.029352546130596,osrm_openstreetmap_driving
synthetic_003,biz_springhill_suites_san_diego_downtown_bayfront,agency_feeding_san_diego_south_bay,KETTNER_BL_W_E_ST,5.46,5.025215242980991,0.3340491529467908,5.359264395927782,10.303333333333333,7.121110385349558,osrm_openstreetmap_driving
synthetic_003,biz_springhill_suites_san_diego_downtown_bayfront,agency_feeding_san_diego_south_bay,STATE_ST_W_BROADWAY,1.25,5.025215242980991,0.5044291338582677,5.529644376839259,10.526666666666666,7.316668615286725,osrm_openstreetmap_driving
synthetic_003,biz_springhill_suites_san_diego_downtown_bayfront,agency_feeding_san_diego_south_bay,INDIA_ST_W_B_ST,4.75,5.025215242980991,0.5474901574803149,5.572705400461306,10.643333333333333,7.38390888212837,osrm_openstreetmap_driving
synthetic_003,biz_springhill_suites_san_diego_downtown_bayfront,agency_feeding_san_diego_south_bay,01ST_AV_W_F_ST,1.25,5.025215242980991,0.5772538375884833,5.602469080569474,10.651666666666666,7.408994556788356,osrm_openstreetmap_driving
synthetic_003,biz_springhill_suites_san_diego_downtown_bayfront,agency_feeding_san_diego_south_bay,KETTNER_BL_W_A_ST,4.27,5.025215242980991,0.6214333293565577,5.646648572337549,10.786666666666664,7.482508470532092,osrm_openstreetmap_driving
synthetic_003,biz_springhill_suites_san_diego_downtown_bayfront,agency_feeding_san_diego_south_bay,01ST_AV_W_ISLAND_AV,1.1,5.025215242980991,0.6534339457567804,5.678649188737771,10.866666666666664,7.530495605662927,osrm_openstreetmap_driving
synthetic_003,biz_springhill_suites_san_diego_downtown_bayfront,agency_feeding_san_diego_south_bay,03RD_AV_G_ST,1.8,5.025215242980991,0.6694031853972798,5.694618428378271,10.726666666666665,7.5012155611230416,osrm_openstreetmap_driving
synthetic_003,biz_springhill_suites_san_diego_downtown_bayfront,agency_feeding_san_diego_south_bay,04TH_AV_G_ST,3.92,5.025215242980991,0.6694031853972798,5.694618428378271,10.726666666666665,7.5012155611230416,osrm_openstreetmap_driving
synthetic_003,biz_springhill_suites_san_diego_downtown_bayfront,agency_feeding_san_diego_south_bay,FRONT_ST_W_C_ST,1.4,5.025215242980991,0.6761761313926669,5.701391374373658,10.741666666666664,7.510800500079535,osrm_openstreetmap_driving
synthetic_003,biz_springhill_suites_san_diego_downtown_bayfront,agency_feeding_san_diego_south_bay,02ND_AV_G_ST,1.0,5.025215242980991,0.6902812574564543,5.715496500437445,10.963333333333331,7.587096784776902,osrm_openstreetmap_driving
synthetic_003,biz_springhill_suites_san_diego_downtown_bayfront,agency_feeding_san_diego_south_bay,UNION_ST_W_C_ST,8.77,5.025215242980991,0.7237731647180465,5.748988407699038,11.056666666666665,7.640161745406823,osrm_openstreetmap_driving
synthetic_003,biz_springhill_suites_san_diego_downtown_bayfront,agency_feeding_san_diego_south_bay,04TH_AV_BROADWAY,3.0266666666666673,5.025215242980991,0.7475716813807364,5.772786924361728,10.995,7.640005562514913,osrm_openstreetmap_driving
synthetic_004,biz_manchester_grand_hyatt_san_diego,agency_feeding_san_diego_south_bay,02ND_AV_ISLAND_AV,2.78,5.054730374612264,0.8691740237015827,5.923904398313847,12.693333333333335,8.257278453829635,osrm_openstreetmap_driving
synthetic_004,biz_manchester_grand_hyatt_san_diego,agency_feeding_san_diego_south_bay,03RD_AV_MARKET_ST,1.0,5.054730374612264,0.9345422731249504,5.989272647737215,12.513333333333334,8.253708323391395,osrm_openstreetmap_driving
synthetic_004,biz_manchester_grand_hyatt_san_diego,agency_feeding_san_diego_south_bay,05TH_AV_G_ST,2.23,5.054730374612264,0.9741236180704684,6.028853992682732,12.553333333333336,8.295623478883321,osrm_openstreetmap_driving
synthetic_004,biz_manchester_grand_hyatt_san_diego,agency_feeding_san_diego_south_bay,04TH_AV_BROADWAY,2.093333333333333,5.054730374612264,1.0071805654974946,6.061910940109758,12.66,8.352302314483417,osrm_openstreetmap_driving
synthetic_004,biz_manchester_grand_hyatt_san_diego,agency_feeding_san_diego_south_bay,05TH_AV_F_ST,3.0,5.054730374612264,1.0319732760677642,6.086703650680028,12.668333333333337,8.3736100522946,osrm_openstreetmap_driving
synthetic_004,biz_manchester_grand_hyatt_san_diego,agency_feeding_san_diego_south_bay,COLUMBIA_ST_W_C_ST,1.5,5.054730374612264,1.0439657400779447,6.098696114690209,12.626666666666669,8.370397936053449,osrm_openstreetmap_driving
synthetic_004,biz_manchester_grand_hyatt_san_diego,agency_feeding_san_diego_south_bay,03RD_AV_J_ST,4.19,5.054730374612264,1.044649248389406,6.09937962300167,12.688333333333334,8.389160457925714,osrm_openstreetmap_driving
synthetic_004,biz_manchester_grand_hyatt_san_diego,agency_feeding_san_diego_south_bay,05TH_AV_MARKET_ST,2.88,5.054730374612264,1.0473211445160264,6.10205151912829,12.79,8.421267487870834,osrm_openstreetmap_driving
synthetic_004,biz_manchester_grand_hyatt_san_diego,agency_feeding_san_diego_south_bay,06TH_AV_MARKET_ST,3.42,5.054730374612264,1.0549640101805455,6.109694384792809,12.86,8.447784399109203,osrm_openstreetmap_driving
synthetic_004,biz_manchester_grand_hyatt_san_diego,agency_feeding_san_diego_south_bay,04TH_AV_J_ST,1.06,5.054730374612264,1.067142885548397,6.121873260160662,12.606666666666667,8.382095899944325,osrm_openstreetmap_driving
synthetic_004,biz_manchester_grand_hyatt_san_diego,agency_feeding_san_diego_south_bay,06TH_AV_G_ST,2.94,5.054730374612264,1.086094706911636,6.1408250815239,12.766666666666667,8.44383261751372,osrm_openstreetmap_driving
synthetic_004,biz_manchester_grand_hyatt_san_diego,agency_feeding_san_diego_south_bay,07TH_AV_G_ST,1.58,5.054730374612264,1.086591803865426,6.14132217847769,12.766666666666667,8.4442104111986,osrm_openstreetmap_driving
synthetic_004,biz_manchester_grand_hyatt_san_diego,agency_feeding_san_diego_south_bay,08TH_AV_G_ST,1.06,5.054730374612264,1.0888287401574803,6.143559114769745,13.010000000000002,8.517896593891674,osrm_openstreetmap_driving
synthetic_004,biz_manchester_grand_hyatt_san_diego,agency_feeding_san_diego_south_bay,03RD_AV_C_ST,4.5,5.054730374612264,1.0952910005567489,6.150021375169013,12.74,8.442932911795117,osrm_openstreetmap_driving
synthetic_004,biz_manchester_grand_hyatt_san_diego,agency_feeding_san_diego_south_bay,UNION_ST_W_A_ST,1.9500000000000277,5.054730374612264,1.101256164002227,6.155986538614491,13.098333333333334,8.553473380458126,osrm_openstreetmap_driving
synthetic_004,biz_manchester_grand_hyatt_san_diego,agency_feeding_san_diego_south_bay,05TH_AV_E_ST,3.06,5.054730374612264,1.1039280601288477,6.1586584347411115,12.826666666666668,8.4751359659588,osrm_openstreetmap_driving
synthetic_004,biz_manchester_grand_hyatt_san_diego,agency_feeding_san_diego_south_bay,STATE_ST_W_ASH_ST,2.02,5.054730374612264,1.1116330629125903,6.166363437524854,12.938333333333334,8.514026490296667,osrm_openstreetmap_driving
synthetic_004,biz_manchester_grand_hyatt_san_diego,agency_feeding_san_diego_south_bay,10TH_AV_J_ST,1.42,5.054730374612264,1.161839855245367,6.216570229857631,12.861666666666668,8.529503096914022,osrm_openstreetmap_driving
synthetic_004,biz_manchester_grand_hyatt_san_diego,agency_feeding_san_diego_south_bay,07TH_AV_F_ST,1.17,5.054730374612264,1.1635796945836314,6.218310069195896,13.211666666666668,8.63436704147777,osrm_openstreetmap_driving
synthetic_004,biz_manchester_grand_hyatt_san_diego,agency_feeding_san_diego_south_bay,08TH_AV_F_ST,1.54,5.054730374612264,1.1665622763063708,6.221292650918635,13.195,8.631703248031496,osrm_openstreetmap_driving
synthetic_004,biz_manchester_grand_hyatt_san_diego,agency_feeding_san_diego_south_bay,04TH_AV_C_ST,2.62,5.054730374612264,1.1679292929292928,6.222659667541556,12.888333333333334,8.542019958442694,osrm_openstreetmap_driving
synthetic_004,biz_manchester_grand_hyatt_san_diego,agency_feeding_san_diego_south_bay,08TH_AV_MARKET_ST,4.81,5.054730374612264,1.1694205837906626,6.224150958402927,13.351666666666668,8.68022278394178,osrm_openstreetmap_driving
synthetic_004,biz_manchester_grand_hyatt_san_diego,agency_feeding_san_diego_south_bay,05TH_AV_BROADWAY,8.71,5.054730374612264,1.1756964328322594,6.230426807444523,12.985,8.576520206991171,osrm_openstreetmap_driving
synthetic_004,biz_manchester_grand_hyatt_san_diego,agency_feeding_san_diego_south_bay,06TH_AV_K_ST,3.67,5.054730374612264,1.182593653066094,6.237324027678358,12.838333333333336,8.538373205479997,osrm_openstreetmap_driving
synthetic_004,biz_manchester_grand_hyatt_san_diego,agency_feeding_san_diego_south_bay,01ST_AV_W_C_ST,1.0,5.054730374612264,1.196574504891434,6.251304879503698,13.19,8.653033375089477,osrm_openstreetmap_driving
synthetic_004,biz_manchester_grand_hyatt_san_diego,agency_feeding_san_diego_south_bay,05TH_AV_ISLAND_AV,1.83,5.054730374612264,1.2024775312176887,6.257207905829953,12.750000000000002,8.527353008430765,osrm_openstreetmap_driving
synthetic_004,biz_manchester_grand_hyatt_san_diego,agency_feeding_san_diego_south_bay,09TH_AV_G_ST,1.44,5.054730374612264,1.2086291060208385,6.2633594806331025,13.233333333333334,8.67501431639227,osrm_openstreetmap_driving
synthetic_004,biz_manchester_grand_hyatt_san_diego,agency_feeding_san_diego_south_bay,04TH_AV_B_ST,11.62,5.054730374612264,1.2388277459635728,6.293558120575836,13.131666666666668,8.667888893859857,osrm_openstreetmap_driving
synthetic_004,biz_manchester_grand_hyatt_san_diego,agency_feeding_san_diego_south_bay,11TH_AV_MARKET_ST,1.08,5.054730374612264,1.2407539966595085,6.2954843712717725,13.250000000000002,8.704359788833214,osrm_openstreetmap_driving
synthetic_004,biz_manchester_grand_hyatt_san_diego,agency_feeding_san_diego_south_bay,06TH_AV_E_ST,1.67,5.054730374612264,1.2467812972242105,6.301511671836474,13.413333333333334,8.757259981706833,osrm_openstreetmap_driving
synthetic_004,biz_manchester_grand_hyatt_san_diego,agency_feeding_san_diego_south_bay,05TH_AV_C_ST,1.96,5.054730374612264,1.2486454108009226,6.303375785413187,13.146666666666668,8.679787819136244,osrm_openstreetmap_driving
synthetic_004,biz_manchester_grand_hyatt_san_diego,agency_feeding_san_diego_south_bay,06TH_AV_J_ST,1.17,5.054730374612264,1.258835898353615,6.313566272965879,12.941666666666668,8.626886756342957,osrm_openstreetmap_driving
synthetic_004,biz_manchester_grand_hyatt_san_diego,agency_feeding_san_diego_south_bay,07TH_AV_E_ST,1.86,5.054730374612264,1.2591465839497336,6.313876958561997,13.456666666666669,8.779477044062675,osrm_openstreetmap_driving
synthetic_004,biz_manchester_grand_hyatt_san_diego,agency_feeding_san_diego_south_bay,09TH_AV_F_ST,4.19,5.054730374612264,1.275364372067128,6.330094746679392,13.458333333333334,8.792295618587449,osrm_openstreetmap_driving
synthetic_004,biz_manchester_grand_hyatt_san_diego,agency_feeding_san_diego_south_bay,07TH_AV_BROADWAY,2.67,5.054730374612264,1.2824480036586337,6.337178378270898,13.358333333333334,8.76809584526366,osrm_openstreetmap_driving
synthetic_004,biz_manchester_grand_hyatt_san_diego,agency_feeding_san_diego_south_bay,10TH_AV_G_ST,4.5,5.054730374612264,1.298665791776028,6.353396166388292,13.238333333333332,8.744921364232878,osrm_openstreetmap_driving
synthetic_004,biz_manchester_grand_hyatt_san_diego,agency_feeding_san_diego_south_bay,06TH_AV_F_ST,6.38,5.054730374612264,1.2997842599220553,6.354514634534319,13.443333333333335,8.806417233357195,osrm_openstreetmap_driving
synthetic_004,biz_manchester_grand_hyatt_san_diego,agency_feeding_san_diego_south_bay,08TH_AV_BROADWAY,5.5,5.054730374612264,1.3068678915135608,6.361598266125824,13.561666666666667,8.846807737811183,osrm_openstreetmap_driving
synthetic_004,biz_manchester_grand_hyatt_san_diego,agency_feeding_san_diego_south_bay,07TH_AV_ISLAND_AV,6.27,5.054730374612264,1.3084834566133778,6.363213831225642,13.080000000000002,8.705542511731489,osrm_openstreetmap_driving
synthetic_004,biz_manchester_grand_hyatt_san_diego,agency_feeding_san_diego_south_bay,11TH_AV_G_ST,1.46,5.054730374612264,1.3107203929054323,6.365450767517697,13.445,8.815221749980116,osrm_openstreetmap_driving
synthetic_004,biz_manchester_grand_hyatt_san_diego,agency_feeding_san_diego_south_bay,10TH_AV_ISLAND_AV,1.0,5.054730374612264,1.313827248866619,6.368557623478883,13.191666666666668,8.742638516066172,osrm_openstreetmap_driving
synthetic_004,biz_manchester_grand_hyatt_san_diego,agency_feeding_san_diego_south_bay,05TH_AV_B_ST,4.31,5.054730374612264,1.320848743338901,6.3755791179511645,13.273333333333332,8.772134574087328,osrm_openstreetmap_driving
synthetic_004,biz_manchester_grand_hyatt_san_diego,agency_feeding_san_diego_south_bay,06TH_AV_BROADWAY,4.25,5.054730374612264,1.3283673347649727,6.383097709377237,13.273333333333332,8.777848703571145,osrm_openstreetmap_driving
synthetic_004,biz_manchester_grand_hyatt_san_diego,agency_feeding_san_diego_south_bay,03RD_AV_A_ST,21.4,5.054730374612264,1.3412297184442854,6.39596009305655,13.961666666666668,8.991256059611867,osrm_openstreetmap_driving
synthetic_004,biz_manchester_grand_hyatt_san_diego,agency_feeding_san_diego_south_bay,PARK_BL_MARKET_ST,1.67,5.054730374612264,1.3939841326652351,6.448714507277499,13.525000000000002,8.902168858864233,osrm_openstreetmap_driving
synthetic_004,biz_manchester_grand_hyatt_san_diego,agency_feeding_san_diego_south_bay,07TH_AV_B_ST,1.58,5.054730374612264,1.4274139028076034,6.482144277419867,13.773333333333332,9.001040761950211,osrm_openstreetmap_driving
synthetic_004,biz_manchester_grand_hyatt_san_diego,agency_feeding_san_diego_south_bay,13TH_ST_ISLAND_AV,4.85,5.054730374612264,1.436858744929611,6.491589119541875,13.54,8.93919106418516,osrm_openstreetmap_driving
synthetic_004,biz_manchester_grand_hyatt_san_diego,agency_feeding_san_diego_south_bay,09TH_AV_BROADWAY,8.9,5.054730374612264,1.437045156287282,6.491775530899546,13.706666666666669,8.988638292372546,osrm_openstreetmap_driving
synthetic_004,biz_manchester_grand_hyatt_san_diego,agency_feeding_san_diego_south_bay,14TH_ST_F_ST,5.27,5.054730374612264,1.4582339139425755,6.51296428855484,13.68,8.99685285930168,osrm_openstreetmap_driving
synthetic_004,biz_manchester_grand_hyatt_san_diego,agency_feeding_san_diego_south_bay,13TH_ST_F_ST,1.98,5.054730374612264,1.458296051061799,6.513026425674063,13.68,8.996900083512287,osrm_openstreetmap_driving
synthetic_004,biz_manchester_grand_hyatt_san_diego,agency_feeding_san_diego_south_bay,13TH_ST_G_ST,2.92,5.054730374612264,1.4593523820886023,6.514082756700867,13.628333333333334,8.982418172870435,osrm_openstreetmap_driving
synthetic_004,biz_manchester_grand_hyatt_san_diego,agency_feeding_san_diego_south_bay,06TH_AV_ASH_ST,1.08,5.054730374612264,1.4660631909647657,6.52079356557703,13.591666666666669,8.976671165394098,osrm_openstreetmap_driving
synthetic_004,biz_manchester_grand_hyatt_san_diego,agency_feeding_san_diego_south_bay,09TH_AV_E_ST,29.82,5.054730374612264,1.4808518253400142,6.5355821999522785,13.49,8.957834138630398,osrm_openstreetmap_driving
synthetic_004,biz_manchester_grand_hyatt_san_diego,agency_feeding_san_diego_south_bay,08TH_AV_E_ST,27.39,5.054730374612264,1.4812246480553568,6.535955022667621,13.491666666666667,8.958610539449614,osrm_openstreetmap_driving
synthetic_004,biz_manchester_grand_hyatt_san_diego,agency_feeding_san_diego_south_bay,13TH_ST_MARKET_ST,3.776666666666678,5.054730374612264,1.4853256979241232,6.540056072536387,13.77,9.044067615127656,osrm_openstreetmap_driving
synthetic_005,biz_albertsons_14th_market,agency_feeding_san_diego_south_bay,16TH_ST_MARKET_ST,1.4633333333332956,3.795086693708741,0.0667352660462896,3.861821959755031,6.581666666666667,4.882061078302712,osrm_openstreetmap_driving
synthetic_005,biz_albertsons_14th_market,agency_feeding_san_diego_south_bay,15TH_ST_MARKET_ST,6.39,3.795086693708741,0.1022155611230414,3.8973022548317826,6.916666666666667,5.008130269227711,osrm_openstreetmap_driving
synthetic_005,biz_albertsons_14th_market,agency_feeding_san_diego_south_bay,17TH_ST_ISLAND_AV,17.52,3.795086693708741,0.1211052453670563,3.9161919390757975,6.62,4.934722540364273,osrm_openstreetmap_driving
synthetic_005,biz_albertsons_14th_market,agency_feeding_san_diego_south_bay,16TH_ST_G_ST,10.04,3.795086693708741,0.1467057384872345,3.9417924321959754,6.973333333333334,5.058706692913386,osrm_openstreetmap_driving
synthetic_005,biz_albertsons_14th_market,agency_feeding_san_diego_south_bay,14TH_ST_MARKET_ST,4.69,3.795086693708741,0.1470785612025769,3.942165254911318,6.666666666666667,4.968267815954825,osrm_openstreetmap_driving
synthetic_005,biz_albertsons_14th_market,agency_feeding_san_diego_south_bay,17TH_ST_G_ST,1.71,3.795086693708741,0.1572690487552692,3.95235574246401,6.956666666666667,5.061804253161537,osrm_openstreetmap_driving
synthetic_005,biz_albertsons_14th_market,agency_feeding_san_diego_south_bay,15TH_ST_J_ST,10.83,3.795086693708741,0.1750402648532569,3.9701269585619983,7.085,5.113275655173785,osrm_openstreetmap_driving
synthetic_005,biz_albertsons_14th_market,agency_feeding_san_diego_south_bay,17TH_ST_MARKET_ST,12.59,3.795086693708741,0.1947377316471804,3.9898244253559216,6.886666666666667,5.069572118826056,osrm_openstreetmap_driving
synthetic_005,biz_albertsons_14th_market,agency_feeding_san_diego_south_bay,13TH_ST_MARKET_ST,1.223333333333322,3.795086693708741,0.2131303189374055,4.0082170126461465,6.971666666666667,5.108696318499961,osrm_openstreetmap_driving
synthetic_005,biz_albertsons_14th_market,agency_feeding_san_diego_south_bay,17TH_ST_F_ST,4.18,3.795086693708741,0.2309015350353933,4.025988228744135,7.01,5.133542720512209,osrm_openstreetmap_driving
synthetic_005,biz_albertsons_14th_market,agency_feeding_san_diego_south_bay,16TH_ST_F_ST,5.71,3.795086693708741,0.2783121570031018,4.073398850711843,7.408333333333333,5.287415070985445,osrm_openstreetmap_driving
synthetic_005,biz_albertsons_14th_market,agency_feeding_san_diego_south_bay,13TH_ST_J_ST,3.94,3.795086693708741,0.2802384076990376,4.0753251014077785,7.201666666666666,5.227740132625467,osrm_openstreetmap_driving
synthetic_005,biz_albertsons_14th_market,agency_feeding_san_diego_south_bay,15TH_ST_F_ST,2.44,3.795086693708741,0.3137924520798536,4.1088791457885945,7.53,5.3503731507993315,osrm_openstreetmap_driving
synthetic_005,biz_albertsons_14th_market,agency_feeding_san_diego_south_bay,16TH_ST_BROADWAY,2.02,3.795086693708741,0.3595253718285214,4.154612065537263,7.23,5.2963801698083195,osrm_openstreetmap_driving
synthetic_005,biz_albertsons_14th_market,agency_feeding_san_diego_south_bay,22ND_ST_SR-94_EB_ON_RA,13.25,3.795086693708741,0.3720770699117155,4.167163763620456,7.216666666666667,5.301975015907102,osrm_openstreetmap_driving
synthetic_005,biz_albertsons_14th_market,agency_feeding_san_diego_south_bay,I-5_SB_IMPERIAL_AV,4.41,3.795086693708741,0.4173750298258172,4.212461723534559,7.1883333333333335,5.328019520997376,osrm_openstreetmap_driving
synthetic_005,biz_albertsons_14th_market,agency_feeding_san_diego_south_bay,15TH_ST_E_ST,1.31,3.795086693708741,0.4234023303905193,4.21848902409926,7.496666666666666,5.423815547204327,osrm_openstreetmap_driving
synthetic_005,biz_albertsons_14th_market,agency_feeding_san_diego_south_bay,17TH_ST_C_ST,2.59,3.795086693708741,0.432101527081842,4.227188220790583,7.39,5.398871381134176,osrm_openstreetmap_driving
synthetic_005,biz_albertsons_14th_market,agency_feeding_san_diego_south_bay,14TH_ST_BROADWAY,1.48,3.795086693708741,0.4918774357750736,4.286964129483815,7.623333333333333,5.51332884951881,osrm_openstreetmap_driving
synthetic_005,biz_albertsons_14th_market,agency_feeding_san_diego_south_bay,13TH_ST_BROADWAY,8.75,3.795086693708741,0.492001710013521,4.287088403722262,7.625,5.513916353495585,osrm_openstreetmap_driving
synthetic_005,biz_albertsons_14th_market,agency_feeding_san_diego_south_bay,I-5_SB_ON_RA_F_ST,1.16,3.795086693708741,0.4941765091863516,4.289263202895093,7.561666666666667,5.496833089755826,osrm_openstreetmap_driving
synthetic_005,biz_albertsons_14th_market,agency_feeding_san_diego_south_bay,PARK_BL_J_ST,23.23,3.795086693708741,0.5033106657122405,4.2983973594209814,7.818333333333333,5.579705604271057,osrm_openstreetmap_driving
synthetic_005,biz_albertsons_14th_market,agency_feeding_san_diego_south_bay,17TH_ST_E_ST,1.13,3.795086693708741,0.5569971367215462,4.352083830430288,7.893333333333333,5.64269482223813,osrm_openstreetmap_driving
synthetic_005,biz_albertsons_14th_market,agency_feeding_san_diego_south_bay,I-5_SB_ON_RA_G_ST,2.4,3.795086693708741,0.5645778652668416,4.359664558975583,7.713333333333333,5.595206175932554,osrm_openstreetmap_driving
synthetic_005,biz_albertsons_14th_market,agency_feeding_san_diego_south_bay,14TH_ST_C_ST,1.45,3.795086693708741,0.5755139982502188,4.37060069195896,7.781666666666666,5.623732914777699,osrm_openstreetmap_driving
synthetic_005,biz_albertsons_14th_market,agency_feeding_san_diego_south_bay,PARK_BL_E_ST,1.69,3.795086693708741,0.6488979360534478,4.4439846297621886,7.796666666666667,5.683942207508153,osrm_openstreetmap_driving
synthetic_005,biz_albertsons_14th_market,agency_feeding_san_diego_south_bay,PARK_BL_C_ST,6.25,3.795086693708741,0.6716401216893343,4.466726815398076,7.68,5.666712379702538,osrm_openstreetmap_driving
synthetic_005,biz_albertsons_14th_market,agency_feeding_san_diego_south_bay,11TH_AV_C_ST,6.4,3.795086693708741,0.6904055316949017,4.485492225403643,7.93,5.754932424640102,osrm_openstreetmap_driving
synthetic_005,biz_albertsons_14th_market,agency_feeding_san_diego_south_bay,11TH_AV_BROADWAY,3.33,3.795086693708741,0.6930774278215224,4.4881641215302635,8.133333333333333,5.817115843474111,osrm_openstreetmap_driving
synthetic_005,biz_albertsons_14th_market,agency_feeding_san_diego_south_bay,PARK_BL_BROADWAY,1.73,3.795086693708741,0.7210391314722023,4.516125825180944,7.893333333333333,5.7673667382486276,osrm_openstreetmap_driving
synthetic_005,biz_albertsons_14th_market,agency_feeding_san_diego_south_bay,13TH_ST_IMPERIAL_AV,3.67,3.795086693708741,0.7451483337310109,4.540235027439752,8.225,5.883807787520878,osrm_openstreetmap_driving
synthetic_005,biz_albertsons_14th_market,agency_feeding_san_diego_south_bay,PARK_BL_B_ST,4.69,3.795086693708741,0.7549659985683608,4.550052692277102,7.946666666666666,5.808928935019487,osrm_openstreetmap_driving
synthetic_005,biz_albertsons_14th_market,agency_feeding_san_diego_south_bay,10TH_AV_E_ST,2.25,3.795086693708741,0.7606826135369442,4.5557693072456855,8.34,5.929634673506721,osrm_openstreetmap_driving
synthetic_005,biz_albertsons_14th_market,agency_feeding_san_diego_south_bay,I-5_SB_OFF_RA_J_ST,10.44,3.795086693708741,0.7913162133142447,4.586402907022986,8.081666666666667,5.876492598226358,osrm_openstreetmap_driving
synthetic_005,biz_albertsons_14th_market,agency_feeding_san_diego_south_bay,10TH_AV_C_ST,7.4,3.795086693708741,0.828101387894695,4.623188081603436,8.328333333333333,5.977421553129722,osrm_openstreetmap_driving
synthetic_005,biz_albertsons_14th_market,agency_feeding_san_diego_south_bay,10TH_AV_BROADWAY,1.77,3.795086693708741,0.8314567923327765,4.626543486041518,8.493333333333332,6.028784160502665,osrm_openstreetmap_driving
synthetic_005,biz_albertsons_14th_market,agency_feeding_san_diego_south_bay,21ST_ST_RUSS_BL,8.75,3.795086693708741,0.8372976815398075,4.632384375248549,8.651666666666667,6.080063514077786,osrm_openstreetmap_driving
synthetic_005,biz_albertsons_14th_market,agency_feeding_san_diego_south_bay,S_16TH_ST_NATIONAL_AV,16.0,3.795086693708741,0.8942152827487472,4.689301976457489,8.911666666666667,6.200237557663247,osrm_openstreetmap_driving
synthetic_005,biz_albertsons_14th_market,agency_feeding_san_diego_south_bay,I-5_SB_ON_RA_Map_Border,1.31,3.795086693708741,0.9287013839179192,4.7237880776266605,8.378333333333334,6.06866921677404,osrm_openstreetmap_driving
synthetic_005,biz_albertsons_14th_market,agency_feeding_san_diego_south_bay,06TH_AV_B_ST,0.08000000000001828,3.795086693708741,1.080067406346934,4.875154100055675,8.961666666666666,6.356276838264535,osrm_openstreetmap_driving
synthetic_008,biz_smart_final,agency_feeding_san_diego_south_bay,06TH_AV_B_ST,1.5699999999999816,3.811242344706912,1.0647816750178951,4.876024019724808,8.921666666666667,6.3451046438797425,osrm_openstreetmap_driving
synthetic_008,biz_smart_final,agency_feeding_san_diego_south_bay,09TH_AV_C_ST,6.75,3.811242344706912,1.1061028593016782,4.9173452040085905,9.458333333333332,6.535272632824306,osrm_openstreetmap_driving
synthetic_008,biz_smart_final,agency_feeding_san_diego_south_bay,07TH_AV_C_ST,1.67,3.811242344706912,1.1400297263978367,4.951272071104748,9.068333333333332,6.445682051817386,osrm_openstreetmap_driving
synthetic_008,biz_smart_final,agency_feeding_san_diego_south_bay,06TH_AV_C_ST,4.34,3.811242344706912,1.1410239203054162,4.952266265012328,9.068333333333332,6.446437639187147,osrm_openstreetmap_driving
synthetic_008,biz_smart_final,agency_feeding_san_diego_south_bay,06TH_AV_A_ST,1.9,3.811242344706912,1.2446064980513798,5.055848842758292,9.15,6.5493201204963025,osrm_openstreetmap_driving
synthetic_008,biz_smart_final,agency_feeding_san_diego_south_bay,19TH_ST_I-5_SB_OFF_RA,15.25,3.811242344706912,1.2780984053129725,5.089340750019884,9.08,6.554065636681779,osrm_openstreetmap_driving
synthetic_008,biz_smart_final,agency_feeding_san_diego_south_bay,05TH_AV_BEECH_ST,1.52,3.811242344706912,1.2859898194543864,5.097232164161298,9.466666666666669,6.6744520003181425,osrm_openstreetmap_driving
synthetic_008,biz_smart_final,agency_feeding_san_diego_south_bay,05TH_AV_CEDAR_ST,10.98,3.811242344706912,1.3565775868925474,5.1678199315994595,9.526666666666667,6.745848703571145,osrm_openstreetmap_driving
synthetic_008,biz_smart_final,agency_feeding_san_diego_south_bay,06TH_AV_CEDAR_ST,1.94,3.811242344706912,1.3686943251411754,5.179936669848088,9.653333333333332,6.792529646862324,osrm_openstreetmap_driving
synthetic_008,biz_smart_final,agency_feeding_san_diego_south_bay,I-5_SB_ON_RA_C_ST,3.64,3.811242344706912,2.5356915612821127,6.346933905989024,11.568333333333332,8.24596837966277,osrm_openstreetmap_driving
synthetic_008,biz_smart_final,agency_feeding_san_diego_south_bay,01ST_AV_I-5_SB,1.54,3.811242344706912,3.8135414181181897,7.624783762825102,13.878333333333334,9.900509270858189,osrm_openstreetmap_driving
