demand_rank,block_id,area,lat,lon,individuals,tents,vehicles,demand,count_date,method,individual_multiplier,tent_multiplier,vehicle_multiplier
1,17TH_ST_K_ST,East Village,32.7073124,-117.1489822,36,25,0,79.75,2025-01-31,POST2020,1,1.75,2.03
2,03RD_AV_A_ST,City Center,32.7177955,-117.1629391,64,0,0,64,2025-01-31,POST2020,1,1.75,2.03
3,I-5_SB_OFF_RA_J_ST,East Village,32.7089424,-117.1481715,5,15,0,31.25,2025-01-31,POST2020,1,1.75,2.03
4,PARK_BL_J_ST,East Village,32.7087234,-117.1540298,23,2,0,26.5,2025-01-31,POST2020,1,1.75,2.03
5,17TH_ST_C_ST,East Village,32.7162877,-117.1490392,3,12,0,24,2025-01-31,POST2020,1,1.75,2.03
6,I-5_SB_ON_RA_C_ST,East Village,32.7162533,-117.1483469,0,12,0,21,2025-01-31,POST2020,1,1.75,2.03
7,15TH_ST_IMPERIAL_AV,East Village,32.7057566,-117.1511004,17,0,1,19.03,2025-01-31,POST2020,1,1.75,2.03
8,19TH_ST_MARKET_ST,Outside Perimeter,32.7109932,-117.1471172,1,5,4,17.87,2025-01-31,POST2020,1,1.75,2.03
9,06TH_AV_C_ST,City Center,32.7162296,-117.1597014,16,0,0,16,2025-01-31,POST2020,1,1.75,2.03
10,PARK_BL_C_ST,City Center,32.7162557,-117.1542651,16,0,0,16,2025-01-31,POST2020,1,1.75,2.03
11,S_16TH_ST_NATIONAL_AV,Outside Perimeter,32.7044166,-117.1514994,2,8,0,16,2025-01-31,POST2020,1,1.75,2.03
12,16TH_ST_MARKET_ST,East Village,32.7109864,-117.1499028,7,5,0,15.75,2025-01-31,POST2020,1,1.75,2.03
13,I-5_SB_OFF_RA_Map_Border,East Village,32.7080044,-117.1484631,0,9,0,15.75,2025-01-31,POST2020,1,1.75,2.03
14,19TH_ST_I-5_SB_OFF_RA,Outside Perimeter,32.7175296,-117.1472282,3,7,0,15.25,2025-01-31,POST2020,1,1.75,2.03
15,22ND_ST_SR-94_EB_ON_RA,Outside Perimeter,32.7125135,-117.1461263,1,7,0,13.25,2025-01-31,POST2020,1,1.75,2.03
16,05TH_AV_CEDAR_ST,Cortez,32.7214611,-117.1606714,13,0,0,13,2025-01-31,POST2020,1,1.75,2.03
17,08TH_AV_E_ST,East Village,32.7141511,-117.1578739,9,2,0,12.5,2025-01-31,POST2020,1,1.75,2.03
18,PARK_BL_B_ST,City Center,32.7172888,-117.1542247,10,1,0,11.75,2025-01-31,POST2020,1,1.75,2.03
19,S_16TH_ST_COMMERCIAL_ST,Outside Perimeter,32.7048412,-117.1502989,3,2,2,10.56,2025-01-31,POST2020,1,1.75,2.03
20,09TH_AV_E_ST,East Village,32.7141617,-117.15698,5,3,0,10.25,2025-01-31,POST2020,1,1.75,2.03
21,16TH_ST_G_ST,East Village,32.7120806,-117.1499191,5,3,0,10.25,2025-01-31,POST2020,1,1.75,2.03
22,16TH_ST_J_ST,East Village,32.7088871,-117.1498877,5,3,0,10.25,2025-01-31,POST2020,1,1.75,2.03
23,16TH_ST_K_ST,East Village,32.7073213,-117.1506552,8,0,1,10.03,2025-01-31,POST2020,1,1.75,2.03
24,13TH_ST_IMPERIAL_AV,East Village,32.7061363,-117.1529333,10,0,0,10,2025-01-31,POST2020,1,1.75,2.03
25,17TH_ST_J_ST,East Village,32.708891,-117.1489996,10,0,0,10,2025-01-31,POST2020,1,1.75,2.03
26,I-5_SB_ON_RA_Map_Border,East Village,32.706935,-117.148167,6,2,0,9.5,2025-01-31,POST2020,1,1.75,2.03
27,21ST_ST_RUSS_BL,Outside Perimeter,32.7187746,-117.1452507,0,5,0,8.75,2025-01-31,POST2020,1,1.75,2.03
28,06TH_AV_BROADWAY,Gaslamp,32.7151784,-117.1597059,8,0,0,8,2025-01-31,POST2020,1,1.75,2.03
29,06TH_AV_B_ST,City Center,32.7172918,-117.1597396,7,0,0,7,2025-01-31,POST2020,1,1.75,2.03
30,11TH_AV_C_ST,City Center,32.7162482,-117.1551682,5,1,0,6.75,2025-01-31,POST2020,1,1.75,2.03
31,10TH_AV_BROADWAY,City Center,32.7152016,-117.1560569,3,2,0,6.5,2025-01-31,POST2020,1,1.75,2.03
32,UNION_ST_W_ASH_ST,Columbia,32.7193532,-117.1660488,3,2,0,6.5,2025-01-31,POST2020,1,1.75,2.03
33,04TH_AV_CEDAR_ST,Cortez,32.7214559,-117.1615802,6,0,0,6,2025-01-31,POST2020,1,1.75,2.03
34,05TH_AV_BROADWAY,Gaslamp,32.7151718,-117.1606163,6,0,0,6,2025-01-31,POST2020,1,1.75,2.03
35,07TH_AV_I-5_SB,Cortez,32.7224379,-117.1588123,6,0,0,6,2025-01-31,POST2020,1,1.75,2.03
36,14TH_ST_L_ST,East Village,32.7068041,-117.1523303,6,0,0,6,2025-01-31,POST2020,1,1.75,2.03
37,17TH_ST_MARKET_ST,East Village,32.7109934,-117.1490019,6,0,0,6,2025-01-31,POST2020,1,1.75,2.03
38,01ST_AV_W_B_ST,City Center,32.7172579,-117.1642733,4,1,0,5.75,2025-01-31,POST2020,1,1.75,2.03
39,05TH_AV_A_ST,City Center,32.7183298,-117.1606385,2,2,0,5.5,2025-01-31,POST2020,1,1.75,2.03
40,07TH_AV_ISLAND_AV,East Village,32.7099117,-117.1587482,2,2,0,5.5,2025-01-31,POST2020,1,1.75,2.03
41,17TH_ST_G_ST,East Village,32.7120842,-117.1490078,2,2,0,5.5,2025-01-31,POST2020,1,1.75,2.03
42,10TH_AV_C_ST,City Center,32.7162421,-117.1560671,5,0,0,5,2025-01-31,POST2020,1,1.75,2.03
43,13TH_ST_MARKET_ST,East Village,32.7109913,-117.1532832,5,0,0,5,2025-01-31,POST2020,1,1.75,2.03
44,17TH_ST_IMPERIAL_AV,East Village,32.7057471,-117.148974,5,0,0,5,2025-01-31,POST2020,1,1.75,2.03
45,17TH_ST_ISLAND_AV,East Village,32.7099281,-117.1489889,5,0,0,5,2025-01-31,POST2020,1,1.75,2.03
46,INDIA_ST_W_B_ST,Columbia,32.7167409,-117.1687224,5,0,0,5,2025-01-31,POST2020,1,1.75,2.03
47,KETTNER_BL_W_A_ST,Columbia,32.7172597,-117.1696087,5,0,0,5,2025-01-31,POST2020,1,1.75,2.03
48,03RD_AV_CEDAR_ST,Cortez,32.7214529,-117.1624937,3,1,0,4.75,2025-01-31,POST2020,1,1.75,2.03
49,11TH_AV_A_ST,City Center,32.7183485,-117.1551703,3,1,0,4.75,2025-01-31,POST2020,1,1.75,2.03
50,Map_Border_NATIONAL_AV,East Village,32.7055029,-117.1524081,3,1,0,4.75,2025-01-31,POST2020,1,1.75,2.03
51,16TH_ST_F_ST,East Village,32.7131519,-117.1499278,1,2,0,4.5,2025-01-31,POST2020,1,1.75,2.03
52,06TH_AV_I-5_SB,Cortez,32.722368,-117.1597543,2,0,1,4.03,2025-01-31,POST2020,1,1.75,2.03
53,09TH_AV_F_ST,East Village,32.7131219,-117.1569871,2,0,1,4.03,2025-01-31,POST2020,1,1.75,2.03
54,06TH_AV_F_ST,Gaslamp,32.713099,-117.1596933,4,0,0,4,2025-01-31,POST2020,1,1.75,2.03
55,07TH_AV_F_ST,East Village,32.7130998,-117.1587686,4,0,0,4,2025-01-31,POST2020,1,1.75,2.03
56,08TH_AV_MARKET_ST,East Village,32.7109649,-117.1578318,4,0,0,4,2025-01-31,POST2020,1,1.75,2.03
57,10TH_AV_E_ST,East Village,32.7141601,-117.1560379,4,0,0,4,2025-01-31,POST2020,1,1.75,2.03
58,KETTNER_BL_W_G_ST,Marina,32.7120006,-117.1701176,4,0,0,4,2025-01-31,POST2020,1,1.75,2.03
59,PARK_BL_E_ST,East Village,32.7141746,-117.154232,4,0,0,4,2025-01-31,POST2020,1,1.75,2.03
60,I-5_SB_ON_RA_E_ST,East Village,32.7141444,-117.1484371,0,2,0,3.5,2025-01-31,POST2020,1,1.75,2.03
61,17TH_ST_E_ST,East Village,32.7141842,-117.1489562,1,0,1,3.03,2025-01-31,POST2020,1,1.75,2.03
62,01ST_AV_W_A_ST,City Center,32.7182995,-117.1642723,3,0,0,3,2025-01-31,POST2020,1,1.75,2.03
63,03RD_AV_ASH_ST,Cortez,32.7193651,-117.162472,3,0,0,3,2025-01-31,POST2020,1,1.75,2.03
64,04TH_AV_BROADWAY,City Center,32.7140043,-117.1624468,3,0,0,3,2025-01-31,POST2020,1,1.75,2.03
65,04TH_AV_G_ST,Marina,32.7120166,-117.1615051,3,0,0,3,2025-01-31,POST2020,1,1.75,2.03
66,05TH_AV_MARKET_ST,Gaslamp,32.710951,-117.1605705,3,0,0,3,2025-01-31,POST2020,1,1.75,2.03
67,06TH_AV_G_ST,Gaslamp,32.7120348,-117.1596875,3,0,0,3,2025-01-31,POST2020,1,1.75,2.03
68,06TH_AV_MARKET_ST,Gaslamp,32.7109659,-117.1596713,3,0,0,3,2025-01-31,POST2020,1,1.75,2.03
69,07TH_AV_BROADWAY,City Center,32.7151884,-117.158807,3,0,0,3,2025-01-31,POST2020,1,1.75,2.03
70,07TH_AV_B_ST,City Center,32.7172886,-117.1588132,3,0,0,3,2025-01-31,POST2020,1,1.75,2.03
71,08TH_AV_B_ST,City Center,32.7172848,-117.157879,3,0,0,3,2025-01-31,POST2020,1,1.75,2.03
72,10TH_AV_B_ST,City Center,32.7172883,-117.1560639,3,0,0,3,2025-01-31,POST2020,1,1.75,2.03
73,13TH_ST_BROADWAY,East Village,32.7152197,-117.1533262,3,0,0,3,2025-01-31,POST2020,1,1.75,2.03
74,14TH_ST_K_ST,East Village,32.7078495,-117.1523339,3,0,0,3,2025-01-31,POST2020,1,1.75,2.03
75,15TH_ST_MARKET_ST,East Village,32.7109935,-117.1511361,3,0,0,3,2025-01-31,POST2020,1,1.75,2.03
76,16TH_ST_IMPERIAL_AV,East Village,32.7057509,-117.1498956,3,0,0,3,2025-01-31,POST2020,1,1.75,2.03
77,COLUMBIA_ST_W_B_ST,Columbia,32.7172386,-117.167824,3,0,0,3,2025-01-31,POST2020,1,1.75,2.03
78,STATE_ST_W_C_ST,Columbia,32.7162225,-117.1669388,3,0,0,3,2025-01-31,POST2020,1,1.75,2.03
79,11TH_AV_E_ST,East Village,32.7141652,-117.1551235,1,1,0,2.75,2025-01-31,POST2020,1,1.75,2.03
80,SR-163_NB_ON_RA_ASH_ST,Cortez,32.7193915,-117.1552592,1,1,0,2.75,2025-01-31,POST2020,1,1.75,2.03
81,02ND_AV_I-5_SB,Cortez,32.7225051,-117.1634219,2,0,0,2,2025-01-31,POST2020,1,1.75,2.03
82,03RD_AV_C_ST,City Center,32.7162277,-117.162456,2,0,0,2,2025-01-31,POST2020,1,1.75,2.03
83,04TH_AV_A_ST,City Center,32.7183232,-117.161562,2,0,0,2,2025-01-31,POST2020,1,1.75,2.03
84,04TH_AV_ISLAND_AV,Marina,32.7098934,-117.1614691,2,0,0,2,2025-01-31,POST2020,1,1.75,2.03
85,05TH_AV_B_ST,City Center,32.7172852,-117.160627,2,0,0,2,2025-01-31,POST2020,1,1.75,2.03
86,05TH_AV_E_ST,Gaslamp,32.7141324,-117.1606053,2,0,0,2,2025-01-31,POST2020,1,1.75,2.03
87,05TH_AV_F_ST,Gaslamp,32.7130875,-117.1605939,2,0,0,2,2025-01-31,POST2020,1,1.75,2.03
88,05TH_AV_J_ST,Gaslamp,32.7088473,-117.160541,2,0,0,2,2025-01-31,POST2020,1,1.75,2.03
89,06TH_AV_CEDAR_ST,Cortez,32.7214606,-117.1597531,2,0,0,2,2025-01-31,POST2020,1,1.75,2.03
90,06TH_AV_J_ST,Gaslamp,32.7088562,-117.159649,2,0,0,2,2025-01-31,POST2020,1,1.75,2.03
91,06TH_AV_K_ST,Gaslamp,32.7077977,-117.1596315,2,0,0,2,2025-01-31,POST2020,1,1.75,2.03
92,06TH_AV_L_ST,Gaslamp,32.7068019,-117.1597181,2,0,0,2,2025-01-31,POST2020,1,1.75,2.03
93,07TH_AV_CEDAR_ST,Cortez,32.7214614,-117.1588533,2,0,0,2,2025-01-31,POST2020,1,1.75,2.03
94,08TH_AV_C_ST,City Center,32.7162322,-117.1578665,2,0,0,2,2025-01-31,POST2020,1,1.75,2.03
95,09TH_AV_G_ST,East Village,32.7120459,-117.156925,2,0,0,2,2025-01-31,POST2020,1,1.75,2.03
96,10TH_AV_F_ST,East Village,32.7131208,-117.1560443,2,0,0,2,2025-01-31,POST2020,1,1.75,2.03
97,13TH_ST_L_ST,East Village,32.7068048,-117.1532624,2,0,0,2,2025-01-31,POST2020,1,1.75,2.03
98,14TH_ST_ISLAND_AV,East Village,32.7099402,-117.1523586,2,0,0,2,2025-01-31,POST2020,1,1.75,2.03
99,15TH_ST_ISLAND_AV,East Village,32.7099405,-117.1511399,2,0,0,2,2025-01-31,POST2020,1,1.75,2.03
100,15TH_ST_J_ST,East Village,32.7088926,-117.1511125,2,0,0,2,2025-01-31,POST2020,1,1.75,2.03
101,16TH_ST_E_ST,East Village,32.7141937,-117.149932,2,0,0,2,2025-01-31,POST2020,1,1.75,2.03
102,16TH_ST_ISLAND_AV,East Village,32.7099323,-117.1499034,2,0,0,2,2025-01-31,POST2020,1,1.75,2.03
103,COLUMBIA_ST_W_ASH_ST,Columbia,32.7193473,-117.1678351,2,0,0,2,2025-01-31,POST2020,1,1.75,2.03
104,COLUMBIA_ST_W_C_ST,Columbia,32.7162135,-117.1678207,2,0,0,2,2025-01-31,POST2020,1,1.75,2.03
105,Map_Border_BROADWAY,City Center,32.7152117,-117.1624423,2,0,0,2,2025-01-31,POST2020,1,1.75,2.03
106,STATE_ST_Map_Border,Marina,32.7135653,-117.1678267,2,0,0,2,2025-01-31,POST2020,1,1.75,2.03
107,STATE_ST_W_B_ST,Columbia,32.7172463,-117.1669394,2,0,0,2,2025-01-31,POST2020,1,1.75,2.03
108,17TH_ST_F_ST,East Village,32.7131541,-117.1490065,0,1,0,1.75,2025-01-31,POST2020,1,1.75,2.03
109,INDIA_ST_W_A_ST,Columbia,32.7182884,-117.1687155,0,1,0,1.75,2025-01-31,POST2020,1,1.75,2.03
110,S_17TH_ST_COMMERCIAL_ST,Outside Perimeter,32.7049507,-117.1488823,0,1,0,1.75,2025-01-31,POST2020,1,1.75,2.03
111,01ST_AV_W_ISLAND_AV,Marina,32.7097153,-117.1643067,1,0,0,1,2025-01-31,POST2020,1,1.75,2.03
112,02ND_AV_CEDAR_ST,Cortez,32.7214684,-117.1634179,1,0,0,1,2025-01-31,POST2020,1,1.75,2.03
113,02ND_AV_MARKET_ST,Marina,32.7109377,-117.1633132,1,0,0,1,2025-01-31,POST2020,1,1.75,2.03
114,03RD_AV_MARKET_ST,Marina,32.7109401,-117.1623893,1,0,0,1,2025-01-31,POST2020,1,1.75,2.03
115,04TH_AV_B_ST,City Center,32.7172806,-117.1615558,1,0,0,1,2025-01-31,POST2020,1,1.75,2.03
116,05TH_AV_C_ST,City Center,32.7162302,-117.1606236,1,0,0,1,2025-01-31,POST2020,1,1.75,2.03
117,05TH_AV_I-5_SB,Cortez,32.7222727,-117.1606357,1,0,0,1,2025-01-31,POST2020,1,1.75,2.03
118,05TH_AV_ISLAND_AV,Gaslamp,32.709901,-117.1605805,1,0,0,1,2025-01-31,POST2020,1,1.75,2.03
119,05TH_AV_K_ST,Gaslamp,32.7077649,-117.1604955,1,0,0,1,2025-01-31,POST2020,1,1.75,2.03
120,06TH_AV_A_ST,City Center,32.7183308,-117.1597219,1,0,0,1,2025-01-31,POST2020,1,1.75,2.03
121,08TH_AV_ASH_ST,Cortez,32.7193799,-117.1579077,1,0,0,1,2025-01-31,POST2020,1,1.75,2.03
122,08TH_AV_ISLAND_AV,East Village,32.7099063,-117.1578277,1,0,0,1,2025-01-31,POST2020,1,1.75,2.03
123,10TH_AV_G_ST,East Village,32.7120547,-117.1560204,1,0,0,1,2025-01-31,POST2020,1,1.75,2.03
124,10TH_AV_ISLAND_AV,East Village,32.7099117,-117.1559891,1,0,0,1,2025-01-31,POST2020,1,1.75,2.03
125,10TH_AV_J_ST,East Village,32.707721,-117.1568893,1,0,0,1,2025-01-31,POST2020,1,1.75,2.03
126,11TH_AV_BROADWAY,City Center,32.715209,-117.1551477,1,0,0,1,2025-01-31,POST2020,1,1.75,2.03
127,11TH_AV_ISLAND_AV,East Village,32.7099236,-117.1551035,1,0,0,1,2025-01-31,POST2020,1,1.75,2.03
128,11TH_AV_K_ST,East Village,32.7080323,-117.1551208,1,0,0,1,2025-01-31,POST2020,1,1.75,2.03
129,12TH_AV_PARK_BL,East Village,32.7069832,-117.1545023,1,0,0,1,2025-01-31,POST2020,1,1.75,2.03
130,13TH_ST_F_ST,East Village,32.7131305,-117.1532985,1,0,0,1,2025-01-31,POST2020,1,1.75,2.03
131,14TH_ST_E_ST,East Village,32.7141857,-117.1524186,1,0,0,1,2025-01-31,POST2020,1,1.75,2.03
132,16TH_ST_BROADWAY,East Village,32.7152315,-117.149933,1,0,0,1,2025-01-31,POST2020,1,1.75,2.03
133,19TH_ST_J_ST,Outside Perimeter,32.707881,-117.1470956,1,0,0,1,2025-01-31,POST2020,1,1.75,2.03
134,CALIFORNIA_ST_W_ASH_ST,Columbia,32.7177515,-117.1705567,1,0,0,1,2025-01-31,POST2020,1,1.75,2.03
135,COLUMBIA_ST_W_A_ST,Columbia,32.7182872,-117.1678202,1,0,0,1,2025-01-31,POST2020,1,1.75,2.03
136,COLUMBIA_ST_W_G_ST,Marina,32.7119064,-117.1682576,1,0,0,1,2025-01-31,POST2020,1,1.75,2.03
137,FRONT_ST_W_ASH_ST,Cortez,32.7193522,-117.1651687,1,0,0,1,2025-01-31,POST2020,1,1.75,2.03
138,FRONT_ST_W_A_ST,City Center,32.7182965,-117.165161,1,0,0,1,2025-01-31,POST2020,1,1.75,2.03
139,FRONT_ST_W_F_ST,Marina,32.713051,-117.1651209,1,0,0,1,2025-01-31,POST2020,1,1.75,2.03
140,FRONT_ST_W_MARKET_ST,Marina,32.7106324,-117.1662764,1,0,0,1,2025-01-31,POST2020,1,1.75,2.03
141,I-5_SB_ON_RA_F_ST,East Village,32.7131625,-117.1482564,1,0,0,1,2025-01-31,POST2020,1,1.75,2.03
142,I-5_SB_ON_RA_G_ST,East Village,32.7120816,-117.1481739,1,0,0,1,2025-01-31,POST2020,1,1.75,2.03
143,INDIA_ST_W_ASH_ST,Columbia,32.7193441,-117.1687367,1,0,0,1,2025-01-31,POST2020,1,1.75,2.03
144,PARK_BL_A_ST,City Center,32.7183468,-117.1542312,1,0,0,1,2025-01-31,POST2020,1,1.75,2.03
145,PARK_BL_BROADWAY,City Center,32.7152116,-117.1542276,1,0,0,1,2025-01-31,POST2020,1,1.75,2.03
146,PARK_BL_MARKET_ST,East Village,32.7109863,-117.1541961,1,0,0,1,2025-01-31,POST2020,1,1.75,2.03
147,STATE_ST_W_BROADWAY,Columbia,32.7151604,-117.1678381,1,0,0,1,2025-01-31,POST2020,1,1.75,2.03
148,UNION_ST_W_A_ST,Columbia,32.7182992,-117.1660611,1,0,0,1,2025-01-31,POST2020,1,1.75,2.03
149,UNION_ST_W_B_ST,Columbia,32.7172451,-117.1660315,1,0,0,1,2025-01-31,POST2020,1,1.75,2.03
150,01ST_AV_I-5_SB,Cortez,32.7227731,-117.1643142,0,0,0,0,2025-01-31,POST2020,1,1.75,2.03
151,01ST_AV_W_ASH_ST,Cortez,32.7193598,-117.1642985,0,0,0,0,2025-01-31,POST2020,1,1.75,2.03
152,01ST_AV_W_BEECH_ST,Cortez,32.7204067,-117.1643077,0,0,0,0,2025-01-31,POST2020,1,1.75,2.03
153,01ST_AV_W_BROADWAY,City Center,32.7151717,-117.1642381,0,0,0,0,2025-01-31,POST2020,1,1.75,2.03
154,01ST_AV_W_CEDAR_ST,Cortez,32.7214641,-117.1643624,0,0,0,0,2025-01-31,POST2020,1,1.75,2.03
155,01ST_AV_W_C_ST,City Center,32.7162294,-117.1642716,0,0,0,0,2025-01-31,POST2020,1,1.75,2.03
156,01ST_AV_W_E_ST,City Center,32.7141304,-117.1642743,0,0,0,0,2025-01-31,POST2020,1,1.75,2.03
157,01ST_AV_W_F_ST,City Center,32.713081,-117.164253,0,0,0,0,2025-01-31,POST2020,1,1.75,2.03
158,01ST_AV_W_G_ST,Marina,32.7120086,-117.164258,0,0,0,0,2025-01-31,POST2020,1,1.75,2.03
159,01ST_AV_W_MARKET_ST,Marina,32.7109322,-117.164209,0,0,0,0,2025-01-31,POST2020,1,1.75,2.03
160,02ND_AV_ASH_ST,Cortez,32.7193655,-117.1634028,0,0,0,0,2025-01-31,POST2020,1,1.75,2.03
161,02ND_AV_BEECH_ST,Cortez,32.7204076,-117.1633936,0,0,0,0,2025-01-31,POST2020,1,1.75,2.03
162,02ND_AV_C_ST,City Center,32.7162296,-117.163365,0,0,0,0,2025-01-31,POST2020,1,1.75,2.03
163,02ND_AV_G_ST,Marina,32.7120049,-117.1633075,0,0,0,0,2025-01-31,POST2020,1,1.75,2.03
164,02ND_AV_ISLAND_AV,Marina,32.7098806,-117.1633191,0,0,0,0,2025-01-31,POST2020,1,1.75,2.03
165,03RD_AV_BEECH_ST,Cortez,32.7204129,-117.1624858,0,0,0,0,2025-01-31,POST2020,1,1.75,2.03
166,03RD_AV_G_ST,Marina,32.7120133,-117.1624121,0,0,0,0,2025-01-31,POST2020,1,1.75,2.03
167,03RD_AV_I-5_SB,Cortez,32.7223266,-117.1625336,0,0,0,0,2025-01-31,POST2020,1,1.75,2.03
168,03RD_AV_ISLAND_AV,Marina,32.7098903,-117.1623956,0,0,0,0,2025-01-31,POST2020,1,1.75,2.03
169,03RD_AV_J_ST,Marina,32.7084097,-117.1623282,0,0,0,0,2025-01-31,POST2020,1,1.75,2.03
170,04TH_AV_ASH_ST,Cortez,32.719375,-117.1615803,0,0,0,0,2025-01-31,POST2020,1,1.75,2.03
171,04TH_AV_BEECH_ST,Cortez,32.7204154,-117.1615763,0,0,0,0,2025-01-31,POST2020,1,1.75,2.03
172,04TH_AV_C_ST,City Center,32.7162311,-117.1615429,0,0,0,0,2025-01-31,POST2020,1,1.75,2.03
173,04TH_AV_I-5_SB,Cortez,32.7222703,-117.1616025,0,0,0,0,2025-01-31,POST2020,1,1.75,2.03
174,04TH_AV_J_ST,Marina,32.7088488,-117.1614727,0,0,0,0,2025-01-31,POST2020,1,1.75,2.03
175,04TH_AV_MARKET_ST,Marina,32.7109505,-117.1614943,0,0,0,0,2025-01-31,POST2020,1,1.75,2.03
176,05TH_AV_ASH_ST,Cortez,32.7193752,-117.1606493,0,0,0,0,2025-01-31,POST2020,1,1.75,2.03
177,05TH_AV_BEECH_ST,Cortez,32.7204177,-117.1606585,0,0,0,0,2025-01-31,POST2020,1,1.75,2.03
178,05TH_AV_G_ST,Gaslamp,32.7120267,-117.1605939,0,0,0,0,2025-01-31,POST2020,1,1.75,2.03
179,06TH_AV_ASH_ST,Cortez,32.7193801,-117.159752,0,0,0,0,2025-01-31,POST2020,1,1.75,2.03
180,06TH_AV_BEECH_ST,Cortez,32.7204162,-117.1597464,0,0,0,0,2025-01-31,POST2020,1,1.75,2.03
181,06TH_AV_E_ST,Gaslamp,32.7141385,-117.1596919,0,0,0,0,2025-01-31,POST2020,1,1.75,2.03
182,06TH_AV_ISLAND_AV,Gaslamp,32.7099052,-117.1596516,0,0,0,0,2025-01-31,POST2020,1,1.75,2.03
183,07TH_AV_ASH_ST,Cortez,32.7193765,-117.158832,0,0,0,0,2025-01-31,POST2020,1,1.75,2.03
184,07TH_AV_A_ST,City Center,32.7183422,-117.158841,0,0,0,0,2025-01-31,POST2020,1,1.75,2.03
185,07TH_AV_BEECH_ST,Cortez,32.7204099,-117.1588194,0,0,0,0,2025-01-31,POST2020,1,1.75,2.03
186,07TH_AV_C_ST,City Center,32.7162388,-117.1588143,0,0,0,0,2025-01-31,POST2020,1,1.75,2.03
187,07TH_AV_E_ST,East Village,32.7141496,-117.1587996,0,0,0,0,2025-01-31,POST2020,1,1.75,2.03
188,07TH_AV_G_ST,East Village,32.7120424,-117.1587796,0,0,0,0,2025-01-31,POST2020,1,1.75,2.03
189,07TH_AV_J_ST,East Village,32.7088603,-117.1587426,0,0,0,0,2025-01-31,POST2020,1,1.75,2.03
190,07TH_AV_MARKET_ST,East Village,32.7109631,-117.1587475,0,0,0,0,2025-01-31,POST2020,1,1.75,2.03
191,08TH_AV_A_ST,City Center,32.718341,-117.1579005,0,0,0,0,2025-01-31,POST2020,1,1.75,2.03
192,08TH_AV_BEECH_ST,Cortez,32.7204208,-117.1579315,0,0,0,0,2025-01-31,POST2020,1,1.75,2.03
193,08TH_AV_BROADWAY,City Center,32.7151887,-117.1578757,0,0,0,0,2025-01-31,POST2020,1,1.75,2.03
194,08TH_AV_CEDAR_ST,Cortez,32.7214624,-117.1579206,0,0,0,0,2025-01-31,POST2020,1,1.75,2.03
195,08TH_AV_DATE_ST,Cortez,32.7224837,-117.1579578,0,0,0,0,2025-01-31,POST2020,1,1.75,2.03
196,08TH_AV_F_ST,East Village,32.7131096,-117.1578741,0,0,0,0,2025-01-31,POST2020,1,1.75,2.03
197,08TH_AV_G_ST,East Village,32.7120448,-117.1578632,0,0,0,0,2025-01-31,POST2020,1,1.75,2.03
198,09TH_AV_ASH_ST,Cortez,32.7193836,-117.1569963,0,0,0,0,2025-01-31,POST2020,1,1.75,2.03
199,09TH_AV_A_ST,City Center,32.7183434,-117.1569918,0,0,0,0,2025-01-31,POST2020,1,1.75,2.03
200,09TH_AV_BEECH_ST,Cortez,32.7204252,-117.1570225,0,0,0,0,2025-01-31,POST2020,1,1.75,2.03
201,09TH_AV_BROADWAY,City Center,32.7151974,-117.156977,0,0,0,0,2025-01-31,POST2020,1,1.75,2.03
202,09TH_AV_B_ST,City Center,32.7172966,-117.1570047,0,0,0,0,2025-01-31,POST2020,1,1.75,2.03
203,09TH_AV_CEDAR_ST,Cortez,32.7214682,-117.1570136,0,0,0,0,2025-01-31,POST2020,1,1.75,2.03
204,09TH_AV_C_ST,City Center,32.7162425,-117.1569898,0,0,0,0,2025-01-31,POST2020,1,1.75,2.03
205,09TH_AV_DATE_ST,Cortez,32.722482,-117.1570188,0,0,0,0,2025-01-31,POST2020,1,1.75,2.03
206,09TH_AV_ISLAND_AV,East Village,32.7099196,-117.156932,0,0,0,0,2025-01-31,POST2020,1,1.75,2.03
207,09TH_AV_MARKET_ST,East Village,32.7109735,-117.1569277,0,0,0,0,2025-01-31,POST2020,1,1.75,2.03
208,10TH_AV_ASH_ST,Cortez,32.7193903,-117.156102,0,0,0,0,2025-01-31,POST2020,1,1.75,2.03
209,10TH_AV_A_ST,City Center,32.7183488,-117.1560903,0,0,0,0,2025-01-31,POST2020,1,1.75,2.03
210,10TH_AV_BEECH_ST,Cortez,32.7204857,-117.1561276,0,0,0,0,2025-01-31,POST2020,1,1.75,2.03
211,10TH_AV_CEDAR_ST,Cortez,32.7214876,-117.1561651,0,0,0,0,2025-01-31,POST2020,1,1.75,2.03
212,10TH_AV_DATE_ST,Cortez,32.7224867,-117.1561138,0,0,0,0,2025-01-31,POST2020,1,1.75,2.03
213,10TH_AV_MARKET_ST,East Village,32.7109825,-117.1560318,0,0,0,0,2025-01-31,POST2020,1,1.75,2.03
214,11TH_AV_B_ST,City Center,32.7172964,-117.1551753,0,0,0,0,2025-01-31,POST2020,1,1.75,2.03
215,11TH_AV_F_ST,East Village,32.7131258,-117.1551366,0,0,0,0,2025-01-31,POST2020,1,1.75,2.03
216,11TH_AV_G_ST,East Village,32.7120633,-117.1551275,0,0,0,0,2025-01-31,POST2020,1,1.75,2.03
217,11TH_AV_J_ST,East Village,32.7088789,-117.1551036,0,0,0,0,2025-01-31,POST2020,1,1.75,2.03
218,11TH_AV_MARKET_ST,East Village,32.7109849,-117.155121,0,0,0,0,2025-01-31,POST2020,1,1.75,2.03
219,13TH_ST_C_ST,East Village,32.716262,-117.1533446,0,0,0,0,2025-01-31,POST2020,1,1.75,2.03
220,13TH_ST_E_ST,East Village,32.7141815,-117.1533283,0,0,0,0,2025-01-31,POST2020,1,1.75,2.03
221,13TH_ST_G_ST,East Village,32.7120729,-117.1533019,0,0,0,0,2025-01-31,POST2020,1,1.75,2.03
222,13TH_ST_ISLAND_AV,East Village,32.709928,-117.1532643,0,0,0,0,2025-01-31,POST2020,1,1.75,2.03
223,13TH_ST_J_ST,East Village,32.7088911,-117.1532612,0,0,0,0,2025-01-31,POST2020,1,1.75,2.03
224,13TH_ST_K_ST,East Village,32.7078497,-117.1532529,0,0,0,0,2025-01-31,POST2020,1,1.75,2.03
225,14TH_ST_BROADWAY,East Village,32.7152244,-117.1524186,0,0,0,0,2025-01-31,POST2020,1,1.75,2.03
226,14TH_ST_C_ST,East Village,32.7162585,-117.1523968,0,0,0,0,2025-01-31,POST2020,1,1.75,2.03
227,14TH_ST_F_ST,East Village,32.713136,-117.1523916,0,0,0,0,2025-01-31,POST2020,1,1.75,2.03
228,14TH_ST_G_ST,East Village,32.7120823,-117.1524006,0,0,0,0,2025-01-31,POST2020,1,1.75,2.03
229,14TH_ST_IMPERIAL_AV,East Village,32.705974,-117.1522731,0,0,0,0,2025-01-31,POST2020,1,1.75,2.03
230,14TH_ST_J_ST,East Village,32.7089017,-117.1523555,0,0,0,0,2025-01-31,POST2020,1,1.75,2.03
231,14TH_ST_MARKET_ST,East Village,32.7109961,-117.1523631,0,0,0,0,2025-01-31,POST2020,1,1.75,2.03
232,15TH_ST_BROADWAY,East Village,32.7152297,-117.151185,0,0,0,0,2025-01-31,POST2020,1,1.75,2.03
233,15TH_ST_C_ST,East Village,32.7162738,-117.1511898,0,0,0,0,2025-01-31,POST2020,1,1.75,2.03
234,15TH_ST_E_ST,East Village,32.7141905,-117.151182,0,0,0,0,2025-01-31,POST2020,1,1.75,2.03
235,15TH_ST_F_ST,East Village,32.7131435,-117.1511605,0,0,0,0,2025-01-31,POST2020,1,1.75,2.03
236,15TH_ST_G_ST,East Village,32.7120768,-117.1511433,0,0,0,0,2025-01-31,POST2020,1,1.75,2.03
237,16TH_ST_C_ST,East Village,32.7162861,-117.1499595,0,0,0,0,2025-01-31,POST2020,1,1.75,2.03
238,17TH_ST_BROADWAY,East Village,32.7152345,-117.1490277,0,0,0,0,2025-01-31,POST2020,1,1.75,2.03
239,19TH_ST_ISLAND_AV,Outside Perimeter,32.7099383,-117.147112,0,0,0,0,2025-01-31,POST2020,1,1.75,2.03
240,20TH_ST_BROADWAY,Outside Perimeter,32.7152465,-117.1462671,0,0,0,0,2025-01-31,POST2020,1,1.75,2.03
241,20TH_ST_B_ST,Outside Perimeter,32.7173415,-117.1463063,0,0,0,0,2025-01-31,POST2020,1,1.75,2.03
242,20TH_ST_C_ST,Outside Perimeter,32.7162925,-117.1462957,0,0,0,0,2025-01-31,POST2020,1,1.75,2.03
243,20TH_ST_E_ST,Outside Perimeter,32.7144027,-117.1462531,0,0,0,0,2025-01-31,POST2020,1,1.75,2.03
244,20TH_ST_G_ST,Outside Perimeter,32.7120933,-117.1463384,0,0,0,0,2025-01-31,POST2020,1,1.75,2.03
245,20TH_ST_ISLAND_AV,Outside Perimeter,32.7099376,-117.1462789,0,0,0,0,2025-01-31,POST2020,1,1.75,2.03
246,20TH_ST_J_ST,Outside Perimeter,32.7088883,-117.1462467,0,0,0,0,2025-01-31,POST2020,1,1.75,2.03
247,20TH_ST_K_ST,Outside Perimeter,32.7078318,-117.1462333,0,0,0,0,2025-01-31,POST2020,1,1.75,2.03
248,20TH_ST_L_ST,Outside Perimeter,32.7067948,-117.1462508,0,0,0,0,2025-01-31,POST2020,1,1.75,2.03
249,20TH_ST_MARKET_ST,Outside Perimeter,32.7109976,-117.1462566,0,0,0,0,2025-01-31,POST2020,1,1.75,2.03
250,21ST_ST_BROADWAY,Outside Perimeter,32.715256,-117.145393,0,0,0,0,2025-01-31,POST2020,1,1.75,2.03
251,21ST_ST_B_ST,Outside Perimeter,32.7173432,-117.1453824,0,0,0,0,2025-01-31,POST2020,1,1.75,2.03
252,21ST_ST_C_ST,Outside Perimeter,32.7162995,-117.1453954,0,0,0,0,2025-01-31,POST2020,1,1.75,2.03
253,21ST_ST_E_ST,Outside Perimeter,32.7142517,-117.1453569,0,0,0,0,2025-01-31,POST2020,1,1.75,2.03
254,21ST_ST_G_ST,Outside Perimeter,32.7120866,-117.145372,0,0,0,0,2025-01-31,POST2020,1,1.75,2.03
255,21ST_ST_ISLAND_AV,Outside Perimeter,32.709933,-117.1453325,0,0,0,0,2025-01-31,POST2020,1,1.75,2.03
256,21ST_ST_J_ST,Outside Perimeter,32.708886,-117.1453383,0,0,0,0,2025-01-31,POST2020,1,1.75,2.03
257,21ST_ST_K_ST,Outside Perimeter,32.7078362,-117.1453286,0,0,0,0,2025-01-31,POST2020,1,1.75,2.03
258,21ST_ST_L_ST,Outside Perimeter,32.7067905,-117.1453186,0,0,0,0,2025-01-31,POST2020,1,1.75,2.03
259,21ST_ST_MARKET_ST,Outside Perimeter,32.7109963,-117.1453454,0,0,0,0,2025-01-31,POST2020,1,1.75,2.03
260,22ND_ST_A_ST,Outside Perimeter,32.7184044,-117.1444777,0,0,0,0,2025-01-31,POST2020,1,1.75,2.03
261,22ND_ST_BROADWAY,Outside Perimeter,32.7142189,-117.1464733,0,0,0,0,2025-01-31,POST2020,1,1.75,2.03
262,22ND_ST_BROADWAY__2,Outside Perimeter,32.7152563,-117.144457,0,0,0,0,2025-01-31,POST2020,1,1.75,2.03
263,22ND_ST_B_ST,Outside Perimeter,32.7173511,-117.1444915,0,0,0,0,2025-01-31,POST2020,1,1.75,2.03
264,22ND_ST_C_ST,Outside Perimeter,32.7163093,-117.1444968,0,0,0,0,2025-01-31,POST2020,1,1.75,2.03
265,22ND_ST_E_ST,Outside Perimeter,32.7142172,-117.1444639,0,0,0,0,2025-01-31,POST2020,1,1.75,2.03
266,22ND_ST_G_ST,Outside Perimeter,32.7121,-117.1444422,0,0,0,0,2025-01-31,POST2020,1,1.75,2.03
267,22ND_ST_ISLAND_AV,Outside Perimeter,32.7099351,-117.1444268,0,0,0,0,2025-01-31,POST2020,1,1.75,2.03
268,22ND_ST_J_ST,Outside Perimeter,32.7088943,-117.1444379,0,0,0,0,2025-01-31,POST2020,1,1.75,2.03
269,22ND_ST_K_ST,Outside Perimeter,32.7078447,-117.1444354,0,0,0,0,2025-01-31,POST2020,1,1.75,2.03
270,22ND_ST_L_ST,Outside Perimeter,32.7067979,-117.1444237,0,0,0,0,2025-01-31,POST2020,1,1.75,2.03
271,22ND_ST_MARKET_ST,Outside Perimeter,32.7110048,-117.1444428,0,0,0,0,2025-01-31,POST2020,1,1.75,2.03
272,23RD_ST_A_ST,Outside Perimeter,32.7184017,-117.1436063,0,0,0,0,2025-01-31,POST2020,1,1.75,2.03
273,23RD_ST_BROADWAY,Outside Perimeter,32.7152689,-117.1435962,0,0,0,0,2025-01-31,POST2020,1,1.75,2.03
274,23RD_ST_B_ST,Outside Perimeter,32.7173586,-117.143609,0,0,0,0,2025-01-31,POST2020,1,1.75,2.03
275,23RD_ST_C_ST,Outside Perimeter,32.7163112,-117.1435955,0,0,0,0,2025-01-31,POST2020,1,1.75,2.03
276,23RD_ST_E_ST,Outside Perimeter,32.7142204,-117.1435701,0,0,0,0,2025-01-31,POST2020,1,1.75,2.03
277,24TH_ST_A_ST,Outside Perimeter,32.7184077,-117.1428447,0,0,0,0,2025-01-31,POST2020,1,1.75,2.03
278,24TH_ST_BROADWAY,Outside Perimeter,32.7152716,-117.1428252,0,0,0,0,2025-01-31,POST2020,1,1.75,2.03
279,24TH_ST_B_ST,Outside Perimeter,32.7173536,-117.142808,0,0,0,0,2025-01-31,POST2020,1,1.75,2.03
280,24TH_ST_C_ST,Outside Perimeter,32.7163136,-117.1428216,0,0,0,0,2025-01-31,POST2020,1,1.75,2.03
281,24TH_ST_E_ST,Outside Perimeter,32.7142245,-117.1428047,0,0,0,0,2025-01-31,POST2020,1,1.75,2.03
282,24TH_ST_G_ST,Outside Perimeter,32.7121115,-117.143221,0,0,0,0,2025-01-31,POST2020,1,1.75,2.03
283,24TH_ST_ISLAND_AV,Outside Perimeter,32.7094203,-117.1432088,0,0,0,0,2025-01-31,POST2020,1,1.75,2.03
284,24TH_ST_K_ST,Outside Perimeter,32.7078535,-117.143186,0,0,0,0,2025-01-31,POST2020,1,1.75,2.03
285,24TH_ST_L_ST,Outside Perimeter,32.7067995,-117.1431857,0,0,0,0,2025-01-31,POST2020,1,1.75,2.03
286,24TH_ST_MARKET_ST,Outside Perimeter,32.7110029,-117.1432164,0,0,0,0,2025-01-31,POST2020,1,1.75,2.03
287,25TH_ST_A_ST,Outside Perimeter,32.7184121,-117.1413938,0,0,0,0,2025-01-31,POST2020,1,1.75,2.03
288,25TH_ST_BROADWAY,Outside Perimeter,32.7152792,-117.1413767,0,0,0,0,2025-01-31,POST2020,1,1.75,2.03
289,25TH_ST_B_ST,Outside Perimeter,32.7173685,-117.1413911,0,0,0,0,2025-01-31,POST2020,1,1.75,2.03
290,25TH_ST_C_ST,Outside Perimeter,32.7163238,-117.1413835,0,0,0,0,2025-01-31,POST2020,1,1.75,2.03
291,25TH_ST_E_ST,Outside Perimeter,32.7142315,-117.14136,0,0,0,0,2025-01-31,POST2020,1,1.75,2.03
292,25TH_ST_G_ST,Outside Perimeter,32.7121302,-117.1413559,0,0,0,0,2025-01-31,POST2020,1,1.75,2.03
293,25TH_ST_ISLAND_AV,Outside Perimeter,32.7099983,-117.1413337,0,0,0,0,2025-01-31,POST2020,1,1.75,2.03
294,25TH_ST_J_ST,Outside Perimeter,32.7089464,-117.1413245,0,0,0,0,2025-01-31,POST2020,1,1.75,2.03
295,25TH_ST_K_ST,Outside Perimeter,32.7078924,-117.1413004,0,0,0,0,2025-01-31,POST2020,1,1.75,2.03
296,25TH_ST_L_ST,Outside Perimeter,32.7068596,-117.141315,0,0,0,0,2025-01-31,POST2020,1,1.75,2.03
297,25TH_ST_MARKET_ST,Outside Perimeter,32.7110545,-117.1413415,0,0,0,0,2025-01-31,POST2020,1,1.75,2.03
298,25TH_ST_RUSS_BL,Outside Perimeter,32.7191888,-117.1413996,0,0,0,0,2025-01-31,POST2020,1,1.75,2.03
299,25TH_ST_SR-94_EB,Outside Perimeter,32.7128513,-117.1421398,0,0,0,0,2025-01-31,POST2020,1,1.75,2.03
300,25TH_ST_SR-94_WB,Outside Perimeter,32.713132,-117.1419995,0,0,0,0,2025-01-31,POST2020,1,1.75,2.03
301,26TH_ST_A_ST,Outside Perimeter,32.7184275,-117.1392537,0,0,0,0,2025-01-31,POST2020,1,1.75,2.03
302,26TH_ST_BROADWAY,Outside Perimeter,32.7152924,-117.1392374,0,0,0,0,2025-01-31,POST2020,1,1.75,2.03
303,26TH_ST_B_ST,Outside Perimeter,32.7173841,-117.1392518,0,0,0,0,2025-01-31,POST2020,1,1.75,2.03
304,26TH_ST_C_ST,Outside Perimeter,32.7163365,-117.1392365,0,0,0,0,2025-01-31,POST2020,1,1.75,2.03
305,26TH_ST_E_ST,Outside Perimeter,32.7142467,-117.139224,0,0,0,0,2025-01-31,POST2020,1,1.75,2.03
306,26TH_ST_RUSS_BL,Outside Perimeter,32.7192067,-117.1392609,0,0,0,0,2025-01-31,POST2020,1,1.75,2.03
307,27TH_ST_A_ST,Outside Perimeter,32.7184356,-117.1371302,0,0,0,0,2025-01-31,POST2020,1,1.75,2.03
308,27TH_ST_BROADWAY,Outside Perimeter,32.7152998,-117.1371187,0,0,0,0,2025-01-31,POST2020,1,1.75,2.03
309,27TH_ST_B_ST,Outside Perimeter,32.7173875,-117.1371217,0,0,0,0,2025-01-31,POST2020,1,1.75,2.03
310,27TH_ST_C_ST,Outside Perimeter,32.7163436,-117.1371181,0,0,0,0,2025-01-31,POST2020,1,1.75,2.03
311,27TH_ST_E_ST,Outside Perimeter,32.7142269,-117.1370976,0,0,0,0,2025-01-31,POST2020,1,1.75,2.03
312,27TH_ST_RUSS_BL,Outside Perimeter,32.7192057,-117.1371398,0,0,0,0,2025-01-31,POST2020,1,1.75,2.03
313,28TH_ST_A_ST,Outside Perimeter,32.7184471,-117.1349655,0,0,0,0,2025-01-31,POST2020,1,1.75,2.03
314,28TH_ST_BROADWAY,Outside Perimeter,32.7154434,-117.1349019,0,0,0,0,2025-01-31,POST2020,1,1.75,2.03
315,28TH_ST_B_ST,Outside Perimeter,32.7173994,-117.1349323,0,0,0,0,2025-01-31,POST2020,1,1.75,2.03
316,28TH_ST_C_ST,Outside Perimeter,32.7163562,-117.1349234,0,0,0,0,2025-01-31,POST2020,1,1.75,2.03
317,28TH_ST_E_ST,Outside Perimeter,32.714698,-117.1349129,0,0,0,0,2025-01-31,POST2020,1,1.75,2.03
318,28TH_ST_RUSS_BL,Outside Perimeter,32.7192082,-117.134985,0,0,0,0,2025-01-31,POST2020,1,1.75,2.03
319,28TH_ST_TREAT_ST,Outside Perimeter,32.7138216,-117.1349019,0,0,0,0,2025-01-31,POST2020,1,1.75,2.03
320,BEARDSLEY_ST_LOGAN_AV,Outside Perimeter,32.7027984,-117.1471732,0,0,0,0,2025-01-31,POST2020,1,1.75,2.03
321,BEARDSLEY_ST_MAIN_ST,Outside Perimeter,32.7003924,-117.1495408,0,0,0,0,2025-01-31,POST2020,1,1.75,2.03
322,BEARDSLEY_ST_NATIONAL_AV,Outside Perimeter,32.7019938,-117.1479629,0,0,0,0,2025-01-31,POST2020,1,1.75,2.03
323,BEARDSLEY_ST_NEWTON_AV,Outside Perimeter,32.7011838,-117.148737,0,0,0,0,2025-01-31,POST2020,1,1.75,2.03
324,CALIFORNIA_ST_W_BROADWAY,Columbia,32.715156,-117.1705741,0,0,0,0,2025-01-31,POST2020,1,1.75,2.03
325,CESAR_E_CHAVEZ_PY_CROSBY_RD,Outside Perimeter,32.6968752,-117.1502346,0,0,0,0,2025-01-31,POST2020,1,1.75,2.03
326,CESAR_E_CHAVEZ_PY_HARBOR_DR,Outside Perimeter,32.6986333,-117.1499601,0,0,0,0,2025-01-31,POST2020,1,1.75,2.03
327,CESAR_E_CHAVEZ_PY_I-5_SB,Outside Perimeter,32.7035033,-117.1465217,0,0,0,0,2025-01-31,POST2020,1,1.75,2.03
328,CESAR_E_CHAVEZ_PY_LOGAN_AV,Outside Perimeter,32.7016458,-117.1455189,0,0,0,0,2025-01-31,POST2020,1,1.75,2.03
329,CESAR_E_CHAVEZ_PY_MAIN_ST,Outside Perimeter,32.6992415,-117.1478554,0,0,0,0,2025-01-31,POST2020,1,1.75,2.03
330,CESAR_E_CHAVEZ_PY_NATIONAL_AV,Outside Perimeter,32.7008405,-117.1462929,0,0,0,0,2025-01-31,POST2020,1,1.75,2.03
331,CESAR_E_CHAVEZ_PY_NEWTON_AV,Outside Perimeter,32.7000337,-117.1470844,0,0,0,0,2025-01-31,POST2020,1,1.75,2.03
332,DEWEY_ST_NATIONAL_AV,Outside Perimeter,32.6996946,-117.1446388,0,0,0,0,2025-01-31,POST2020,1,1.75,2.03
333,FRONT_ST_W_BROADWAY,City Center,32.7151745,-117.1651688,0,0,0,0,2025-01-31,POST2020,1,1.75,2.03
334,FRONT_ST_W_B_ST,City Center,32.7172606,-117.1651867,0,0,0,0,2025-01-31,POST2020,1,1.75,2.03
335,FRONT_ST_W_C_ST,City Center,32.7162289,-117.1651725,0,0,0,0,2025-01-31,POST2020,1,1.75,2.03
336,FRONT_ST_W_E_ST,City Center,32.7140973,-117.1651413,0,0,0,0,2025-01-31,POST2020,1,1.75,2.03
337,FRONT_ST_W_G_ST,Marina,32.7120098,-117.1651522,0,0,0,0,2025-01-31,POST2020,1,1.75,2.03
338,FRONT_ST_W_MARKET_ST__2,Marina,32.7109428,-117.1651491,0,0,0,0,2025-01-31,POST2020,1,1.75,2.03
339,I-5_SB_IMPERIAL_AV,East Village,32.7057081,-117.1479977,0,0,0,0,2025-01-31,POST2020,1,1.75,2.03
340,I-5_SB_ISLAND_AV,East Village,32.7099349,-117.1481553,0,0,0,0,2025-01-31,POST2020,1,1.75,2.03
341,I-5_SB_MARKET_ST,East Village,32.7109953,-117.1481409,0,0,0,0,2025-01-31,POST2020,1,1.75,2.03
342,I-5_SB_ON_RA_BROADWAY,East Village,32.7148705,-117.1481113,0,0,0,0,2025-01-31,POST2020,1,1.75,2.03
343,KETTNER_BL_W_ASH_ST,Columbia,32.7193394,-117.169622,0,0,0,0,2025-01-31,POST2020,1,1.75,2.03
344,KETTNER_BL_W_BROADWAY,Columbia,32.7151597,-117.169627,0,0,0,0,2025-01-31,POST2020,1,1.75,2.03
345,KETTNER_BL_W_E_ST,Marina,32.7140949,-117.1701433,0,0,0,0,2025-01-31,POST2020,1,1.75,2.03
346,KETTNER_BL_W_F_ST,Marina,32.7130513,-117.1701177,0,0,0,0,2025-01-31,POST2020,1,1.75,2.03
347,Map_Border_BAY_FRONT_ST,Outside Perimeter,32.6960745,-117.1484226,0,0,0,0,2025-01-31,POST2020,1,1.75,2.03
348,Map_Border_HARBOR_DR,Outside Perimeter,32.6961166,-117.1456167,0,0,0,0,2025-01-31,POST2020,1,1.75,2.03
349,Map_Border_IMPERIAL_AV,East Village,32.7058874,-117.1556292,0,0,0,0,2025-01-31,POST2020,1,1.75,2.03
350,Map_Border_Map_Border,Outside Perimeter,32.7015111,-117.1511516,0,0,0,0,2025-01-31,POST2020,1,1.75,2.03
351,NATIONAL_AV_IMPERIAL_AV,East Village,32.7057792,-117.1537259,0,0,0,0,2025-01-31,POST2020,1,1.75,2.03
352,NEWTON_AV_Map_Border,Outside Perimeter,32.7023431,-117.150364,0,0,0,0,2025-01-31,POST2020,1,1.75,2.03
353,NEWTON_AV_PARK_BL,Outside Perimeter,32.7039294,-117.1539584,0,0,0,0,2025-01-31,POST2020,1,1.75,2.03
354,PARK_BL_F_ST,East Village,32.7131312,-117.1542287,0,0,0,0,2025-01-31,POST2020,1,1.75,2.03
355,PARK_BL_G_ST,East Village,32.712061,-117.1541965,0,0,0,0,2025-01-31,POST2020,1,1.75,2.03
356,PARK_BL_ISLAND_AV,East Village,32.7099239,-117.1541784,0,0,0,0,2025-01-31,POST2020,1,1.75,2.03
357,PARK_BL_RUSS_BL,City Center,32.7191273,-117.1542576,0,0,0,0,2025-01-31,POST2020,1,1.75,2.03
358,SAMPSON_ST_I-5_SB,Outside Perimeter,32.6988236,-117.1399161,0,0,0,0,2025-01-31,POST2020,1,1.75,2.03
359,SAMPSON_ST_LOGAN_AV,Outside Perimeter,32.6981952,-117.1405284,0,0,0,0,2025-01-31,POST2020,1,1.75,2.03
360,SAMPSON_ST_MAIN_ST,Outside Perimeter,32.6958054,-117.1429084,0,0,0,0,2025-01-31,POST2020,1,1.75,2.03
361,SAMPSON_ST_NATIONAL_AV,Outside Perimeter,32.6973907,-117.1413145,0,0,0,0,2025-01-31,POST2020,1,1.75,2.03
362,SAMPSON_ST_NEWTON_AV,Outside Perimeter,32.6965799,-117.1420955,0,0,0,0,2025-01-31,POST2020,1,1.75,2.03
363,SIGSBEE_ST_LOGAN_AV,Outside Perimeter,32.7039621,-117.1488413,0,0,0,0,2025-01-31,POST2020,1,1.75,2.03
364,SIGSBEE_ST_NATIONAL_AV,Outside Perimeter,32.7031432,-117.1496165,0,0,0,0,2025-01-31,POST2020,1,1.75,2.03
365,SR-75_NB_HARBOR_DR,Outside Perimeter,32.6971758,-117.1471959,0,0,0,0,2025-01-31,POST2020,1,1.75,2.03
366,SR-75_NB_MAIN_ST,Outside Perimeter,32.698123,-117.1462473,0,0,0,0,2025-01-31,POST2020,1,1.75,2.03
367,SR-75_NB_NEWTON_AV,Outside Perimeter,32.6989139,-117.145457,0,0,0,0,2025-01-31,POST2020,1,1.75,2.03
368,STATE_ST_W_ASH_ST,Columbia,32.7193487,-117.1669349,0,0,0,0,2025-01-31,POST2020,1,1.75,2.03
369,STATE_ST_W_A_ST,Columbia,32.7182948,-117.1669419,0,0,0,0,2025-01-31,POST2020,1,1.75,2.03
370,STATE_ST_W_G_ST,Marina,32.7120126,-117.1669646,0,0,0,0,2025-01-31,POST2020,1,1.75,2.03
371,S_EVANS_ST_I-5_SB,Outside Perimeter,32.7005212,-117.1423963,0,0,0,0,2025-01-31,POST2020,1,1.75,2.03
372,S_EVANS_ST_LOGAN_AV,Outside Perimeter,32.6999216,-117.1430314,0,0,0,0,2025-01-31,POST2020,1,1.75,2.03
373,S_EVANS_ST_MAIN_ST,Outside Perimeter,32.6969947,-117.1446167,0,0,0,0,2025-01-31,POST2020,1,1.75,2.03
374,S_EVANS_ST_NATIONAL_AV,Outside Perimeter,32.6985376,-117.1429736,0,0,0,0,2025-01-31,POST2020,1,1.75,2.03
375,S_EVANS_ST_NEWTON_AV,Outside Perimeter,32.697763,-117.1438153,0,0,0,0,2025-01-31,POST2020,1,1.75,2.03
376,TONY_GWYNN_DR_K_ST,East Village,32.7078133,-117.1587374,0,0,0,0,2025-01-31,POST2020,1,1.75,2.03
377,TONY_GWYNN_DR_L_ST,East Village,32.7061663,-117.1583317,0,0,0,0,2025-01-31,POST2020,1,1.75,2.03
378,UNION_ST_W_BROADWAY,Columbia,32.715158,-117.1660291,0,0,0,0,2025-01-31,POST2020,1,1.75,2.03
379,UNION_ST_W_C_ST,Columbia,32.7162224,-117.1660445,0,0,0,0,2025-01-31,POST2020,1,1.75,2.03
380,UNION_ST_W_E_ST,Marina,32.7140915,-117.1660529,0,0,0,0,2025-01-31,POST2020,1,1.75,2.03
381,UNION_ST_W_F_ST,Marina,32.7130574,-117.1660505,0,0,0,0,2025-01-31,POST2020,1,1.75,2.03
382,UNION_ST_W_G_ST,Marina,32.7120019,-117.1660415,0,0,0,0,2025-01-31,POST2020,1,1.75,2.03
