point_id,point_type,name,block_id,area,lat,lon,demand_value,demand_date,food_type,quantity_lbs,estimated_meals,available_from,available_until,frequency,data_status,source_file,notes
demand_01ST_AV_I-5_SB,demand,01ST_AV_I-5_SB,01ST_AV_I-5_SB,Cortez,32.7227731,-117.1643142,0,2025-01-31,,,,,,,observed_and_adjusted,demand_points.csv,Demand uses period-specific individual/tent/vehicle multipliers.
demand_01ST_AV_W_ASH_ST,demand,01ST_AV_W_ASH_ST,01ST_AV_W_ASH_ST,Cortez,32.7193598,-117.1642985,0,2025-01-31,,,,,,,observed_and_adjusted,demand_points.csv,Demand uses period-specific individual/tent/vehicle multipliers.
demand_01ST_AV_W_A_ST,demand,01ST_AV_W_A_ST,01ST_AV_W_A_ST,City Center,32.7182995,-117.1642723,3,2025-01-31,,,,,,,observed_and_adjusted,demand_points.csv,Demand uses period-specific individual/tent/vehicle multipliers.
demand_01ST_AV_W_BEECH_ST,demand,01ST_AV_W_BEECH_ST,01ST_AV_W_BEECH_ST,Cortez,32.7204067,-117.1643077,0,2025-01-31,,,,,,,observed_and_adjusted,demand_points.csv,Demand uses period-specific individual/tent/vehicle multipliers.
demand_01ST_AV_W_BROADWAY,demand,01ST_AV_W_BROADWAY,01ST_AV_W_BROADWAY,City Center,32.7151717,-117.1642381,0,2025-01-31,,,,,,,observed_and_adjusted,demand_points.csv,Demand uses period-specific individual/tent/vehicle multipliers.
demand_01ST_AV_W_B_ST,demand,01ST_AV_W_B_ST,01ST_AV_W_B_ST,City Center,32.7172579,-117.1642733,5.75,2025-01-31,,,,,,,observed_and_adjusted,demand_points.csv,Demand uses period-specific individual/tent/vehicle multipliers.
demand_01ST_AV_W_CEDAR_ST,demand,01ST_AV_W_CEDAR_ST,01ST_AV_W_CEDAR_ST,Cortez,32.7214641,-117.1643624,0,2025-01-31,,,,,,,observed_and_adjusted,demand_points.csv,Demand uses period-specific individual/tent/vehicle multipliers.
demand_01ST_AV_W_C_ST,demand,01ST_AV_W_C_ST,01ST_AV_W_C_ST,City Center,32.7162294,-117.1642716,0,2025-01-31,,,,,,,observed_and_adjusted,demand_points.csv,Demand uses period-specific individual/tent/vehicle multipliers.
demand_01ST_AV_W_E_ST,demand,01ST_AV_W_E_ST,01ST_AV_W_E_ST,City Center,32.7141304,-117.1642743,0,2025-01-31,,,,,,,observed_and_adjusted,demand_points.csv,Demand uses period-specific individual/tent/vehicle multipliers.
demand_01ST_AV_W_F_ST,demand,01ST_AV_W_F_ST,01ST_AV_W_F_ST,City Center,32.713081,-117.164253,0,2025-01-31,,,,,,,observed_and_adjusted,demand_points.csv,Demand uses period-specific individual/tent/vehicle multipliers.
demand_01ST_AV_W_G_ST,demand,01ST_AV_W_G_ST,01ST_AV_W_G_ST,Marina,32.7120086,-117.164258,0,2025-01-31,,,,,,,observed_and_adjusted,demand_points.csv,Demand uses period-specific individual/tent/vehicle multipliers.
demand_01ST_AV_W_ISLAND_AV,demand,01ST_AV_W_ISLAND_AV,01ST_AV_W_ISLAND_AV,Marina,32.7097153,-117.1643067,1,2025-01-31,,,,,,,observed_and_adjusted,demand_points.csv,Demand uses period-specific individual/tent/vehicle multipliers.
demand_01ST_AV_W_MARKET_ST,demand,01ST_AV_W_MARKET_ST,01ST_AV_W_MARKET_ST,Marina,32.7109322,-117.164209,0,2025-01-31,,,,,,,observed_and_adjusted,demand_points.csv,Demand uses period-specific individual/tent/vehicle multipliers.
demand_02ND_AV_ASH_ST,demand,02ND_AV_ASH_ST,02ND_AV_ASH_ST,Cortez,32.7193655,-117.1634028,0,2025-01-31,,,,,,,observed_and_adjusted,demand_points.csv,Demand uses period-specific individual/tent/vehicle multipliers.
demand_02ND_AV_BEECH_ST,demand,02ND_AV_BEECH_ST,02ND_AV_BEECH_ST,Cortez,32.7204076,-117.1633936,0,2025-01-31,,,,,,,observed_and_adjusted,demand_points.csv,Demand uses period-specific individual/tent/vehicle multipliers.
demand_02ND_AV_CEDAR_ST,demand,02ND_AV_CEDAR_ST,02ND_AV_CEDAR_ST,Cortez,32.7214684,-117.1634179,1,2025-01-31,,,,,,,observed_and_adjusted,demand_points.csv,Demand uses period-specific individual/tent/vehicle multipliers.
demand_02ND_AV_C_ST,demand,02ND_AV_C_ST,02ND_AV_C_ST,City Center,32.7162296,-117.163365,0,2025-01-31,,,,,,,observed_and_adjusted,demand_points.csv,Demand uses period-specific individual/tent/vehicle multipliers.
demand_02ND_AV_G_ST,demand,02ND_AV_G_ST,02ND_AV_G_ST,Marina,32.7120049,-117.1633075,0,2025-01-31,,,,,,,observed_and_adjusted,demand_points.csv,Demand uses period-specific individual/tent/vehicle multipliers.
demand_02ND_AV_I-5_SB,demand,02ND_AV_I-5_SB,02ND_AV_I-5_SB,Cortez,32.7225051,-117.1634219,2,2025-01-31,,,,,,,observed_and_adjusted,demand_points.csv,Demand uses period-specific individual/tent/vehicle multipliers.
demand_02ND_AV_ISLAND_AV,demand,02ND_AV_ISLAND_AV,02ND_AV_ISLAND_AV,Marina,32.7098806,-117.1633191,0,2025-01-31,,,,,,,observed_and_adjusted,demand_points.csv,Demand uses period-specific individual/tent/vehicle multipliers.
demand_02ND_AV_MARKET_ST,demand,02ND_AV_MARKET_ST,02ND_AV_MARKET_ST,Marina,32.7109377,-117.1633132,1,2025-01-31,,,,,,,observed_and_adjusted,demand_points.csv,Demand uses period-specific individual/tent/vehicle multipliers.
demand_03RD_AV_ASH_ST,demand,03RD_AV_ASH_ST,03RD_AV_ASH_ST,Cortez,32.7193651,-117.162472,3,2025-01-31,,,,,,,observed_and_adjusted,demand_points.csv,Demand uses period-specific individual/tent/vehicle multipliers.
demand_03RD_AV_A_ST,demand,03RD_AV_A_ST,03RD_AV_A_ST,City Center,32.7177955,-117.1629391,64,2025-01-31,,,,,,,observed_and_adjusted,demand_points.csv,Demand uses period-specific individual/tent/vehicle multipliers.
demand_03RD_AV_BEECH_ST,demand,03RD_AV_BEECH_ST,03RD_AV_BEECH_ST,Cortez,32.7204129,-117.1624858,0,2025-01-31,,,,,,,observed_and_adjusted,demand_points.csv,Demand uses period-specific individual/tent/vehicle multipliers.
demand_03RD_AV_CEDAR_ST,demand,03RD_AV_CEDAR_ST,03RD_AV_CEDAR_ST,Cortez,32.7214529,-117.1624937,4.75,2025-01-31,,,,,,,observed_and_adjusted,demand_points.csv,Demand uses period-specific individual/tent/vehicle multipliers.
demand_03RD_AV_C_ST,demand,03RD_AV_C_ST,03RD_AV_C_ST,City Center,32.7162277,-117.162456,2,2025-01-31,,,,,,,observed_and_adjusted,demand_points.csv,Demand uses period-specific individual/tent/vehicle multipliers.
demand_03RD_AV_G_ST,demand,03RD_AV_G_ST,03RD_AV_G_ST,Marina,32.7120133,-117.1624121,0,2025-01-31,,,,,,,observed_and_adjusted,demand_points.csv,Demand uses period-specific individual/tent/vehicle multipliers.
demand_03RD_AV_I-5_SB,demand,03RD_AV_I-5_SB,03RD_AV_I-5_SB,Cortez,32.7223266,-117.1625336,0,2025-01-31,,,,,,,observed_and_adjusted,demand_points.csv,Demand uses period-specific individual/tent/vehicle multipliers.
demand_03RD_AV_ISLAND_AV,demand,03RD_AV_ISLAND_AV,03RD_AV_ISLAND_AV,Marina,32.7098903,-117.1623956,0,2025-01-31,,,,,,,observed_and_adjusted,demand_points.csv,Demand uses period-specific individual/tent/vehicle multipliers.
demand_03RD_AV_J_ST,demand,03RD_AV_J_ST,03RD_AV_J_ST,Marina,32.7084097,-117.1623282,0,2025-01-31,,,,,,,observed_and_adjusted,demand_points.csv,Demand uses period-specific individual/tent/vehicle multipliers.
demand_03RD_AV_MARKET_ST,demand,03RD_AV_MARKET_ST,03RD_AV_MARKET_ST,Marina,32.7109401,-117.1623893,1,2025-01-31,,,,,,,observed_and_adjusted,demand_points.csv,Demand uses period-specific individual/tent/vehicle multipliers.
demand_04TH_AV_ASH_ST,demand,04TH_AV_ASH_ST,04TH_AV_ASH_ST,Cortez,32.719375,-117.1615803,0,2025-01-31,,,,,,,observed_and_adjusted,demand_points.csv,Demand uses period-specific individual/tent/vehicle multipliers.
demand_04TH_AV_A_ST,demand,04TH_AV_A_ST,04TH_AV_A_ST,City Center,32.7183232,-117.161562,2,2025-01-31,,,,,,,observed_and_adjusted,demand_points.csv,Demand uses period-specific individual/tent/vehicle multipliers.
demand_04TH_AV_BEECH_ST,demand,04TH_AV_BEECH_ST,04TH_AV_BEECH_ST,Cortez,32.7204154,-117.1615763,0,2025-01-31,,,,,,,observed_and_adjusted,demand_points.csv,Demand uses period-specific individual/tent/vehicle multipliers.
demand_04TH_AV_BROADWAY,demand,04TH_AV_BROADWAY,04TH_AV_BROADWAY,City Center,32.7140043,-117.1624468,3,2025-01-31,,,,,,,observed_and_adjusted,demand_points.csv,Demand uses period-specific individual/tent/vehicle multipliers.
demand_04TH_AV_B_ST,demand,04TH_AV_B_ST,04TH_AV_B_ST,City Center,32.7172806,-117.1615558,1,2025-01-31,,,,,,,observed_and_adjusted,demand_points.csv,Demand uses period-specific individual/tent/vehicle multipliers.
demand_04TH_AV_CEDAR_ST,demand,04TH_AV_CEDAR_ST,04TH_AV_CEDAR_ST,Cortez,32.7214559,-117.1615802,6,2025-01-31,,,,,,,observed_and_adjusted,demand_points.csv,Demand uses period-specific individual/tent/vehicle multipliers.
demand_04TH_AV_C_ST,demand,04TH_AV_C_ST,04TH_AV_C_ST,City Center,32.7162311,-117.1615429,0,2025-01-31,,,,,,,observed_and_adjusted,demand_points.csv,Demand uses period-specific individual/tent/vehicle multipliers.
demand_04TH_AV_G_ST,demand,04TH_AV_G_ST,04TH_AV_G_ST,Marina,32.7120166,-117.1615051,3,2025-01-31,,,,,,,observed_and_adjusted,demand_points.csv,Demand uses period-specific individual/tent/vehicle multipliers.
demand_04TH_AV_I-5_SB,demand,04TH_AV_I-5_SB,04TH_AV_I-5_SB,Cortez,32.7222703,-117.1616025,0,2025-01-31,,,,,,,observed_and_adjusted,demand_points.csv,Demand uses period-specific individual/tent/vehicle multipliers.
demand_04TH_AV_ISLAND_AV,demand,04TH_AV_ISLAND_AV,04TH_AV_ISLAND_AV,Marina,32.7098934,-117.1614691,2,2025-01-31,,,,,,,observed_and_adjusted,demand_points.csv,Demand uses period-specific individual/tent/vehicle multipliers.
demand_04TH_AV_J_ST,demand,04TH_AV_J_ST,04TH_AV_J_ST,Marina,32.7088488,-117.1614727,0,2025-01-31,,,,,,,observed_and_adjusted,demand_points.csv,Demand uses period-specific individual/tent/vehicle multipliers.
demand_04TH_AV_MARKET_ST,demand,04TH_AV_MARKET_ST,04TH_AV_MARKET_ST,Marina,32.7109505,-117.1614943,0,2025-01-31,,,,,,,observed_and_adjusted,demand_points.csv,Demand uses period-specific individual/tent/vehicle multipliers.
demand_05TH_AV_ASH_ST,demand,05TH_AV_ASH_ST,05TH_AV_ASH_ST,Cortez,32.7193752,-117.1606493,0,2025-01-31,,,,,,,observed_and_adjusted,demand_points.csv,Demand uses period-specific individual/tent/vehicle multipliers.
demand_05TH_AV_A_ST,demand,05TH_AV_A_ST,05TH_AV_A_ST,City Center,32.7183298,-117.1606385,5.5,2025-01-31,,,,,,,observed_and_adjusted,demand_points.csv,Demand uses period-specific individual/tent/vehicle multipliers.
demand_05TH_AV_BEECH_ST,demand,05TH_AV_BEECH_ST,05TH_AV_BEECH_ST,Cortez,32.7204177,-117.1606585,0,2025-01-31,,,,,,,observed_and_adjusted,demand_points.csv,Demand uses period-specific individual/tent/vehicle multipliers.
demand_05TH_AV_BROADWAY,demand,05TH_AV_BROADWAY,05TH_AV_BROADWAY,Gaslamp,32.7151718,-117.1606163,6,2025-01-31,,,,,,,observed_and_adjusted,demand_points.csv,Demand uses period-specific individual/tent/vehicle multipliers.
demand_05TH_AV_B_ST,demand,05TH_AV_B_ST,05TH_AV_B_ST,City Center,32.7172852,-117.160627,2,2025-01-31,,,,,,,observed_and_adjusted,demand_points.csv,Demand uses period-specific individual/tent/vehicle multipliers.
demand_05TH_AV_CEDAR_ST,demand,05TH_AV_CEDAR_ST,05TH_AV_CEDAR_ST,Cortez,32.7214611,-117.1606714,13,2025-01-31,,,,,,,observed_and_adjusted,demand_points.csv,Demand uses period-specific individual/tent/vehicle multipliers.
demand_05TH_AV_C_ST,demand,05TH_AV_C_ST,05TH_AV_C_ST,City Center,32.7162302,-117.1606236,1,2025-01-31,,,,,,,observed_and_adjusted,demand_points.csv,Demand uses period-specific individual/tent/vehicle multipliers.
demand_05TH_AV_E_ST,demand,05TH_AV_E_ST,05TH_AV_E_ST,Gaslamp,32.7141324,-117.1606053,2,2025-01-31,,,,,,,observed_and_adjusted,demand_points.csv,Demand uses period-specific individual/tent/vehicle multipliers.
demand_05TH_AV_F_ST,demand,05TH_AV_F_ST,05TH_AV_F_ST,Gaslamp,32.7130875,-117.1605939,2,2025-01-31,,,,,,,observed_and_adjusted,demand_points.csv,Demand uses period-specific individual/tent/vehicle multipliers.
demand_05TH_AV_G_ST,demand,05TH_AV_G_ST,05TH_AV_G_ST,Gaslamp,32.7120267,-117.1605939,0,2025-01-31,,,,,,,observed_and_adjusted,demand_points.csv,Demand uses period-specific individual/tent/vehicle multipliers.
demand_05TH_AV_I-5_SB,demand,05TH_AV_I-5_SB,05TH_AV_I-5_SB,Cortez,32.7222727,-117.1606357,1,2025-01-31,,,,,,,observed_and_adjusted,demand_points.csv,Demand uses period-specific individual/tent/vehicle multipliers.
demand_05TH_AV_ISLAND_AV,demand,05TH_AV_ISLAND_AV,05TH_AV_ISLAND_AV,Gaslamp,32.709901,-117.1605805,1,2025-01-31,,,,,,,observed_and_adjusted,demand_points.csv,Demand uses period-specific individual/tent/vehicle multipliers.
demand_05TH_AV_J_ST,demand,05TH_AV_J_ST,05TH_AV_J_ST,Gaslamp,32.7088473,-117.160541,2,2025-01-31,,,,,,,observed_and_adjusted,demand_points.csv,Demand uses period-specific individual/tent/vehicle multipliers.
demand_05TH_AV_K_ST,demand,05TH_AV_K_ST,05TH_AV_K_ST,Gaslamp,32.7077649,-117.1604955,1,2025-01-31,,,,,,,observed_and_adjusted,demand_points.csv,Demand uses period-specific individual/tent/vehicle multipliers.
demand_05TH_AV_MARKET_ST,demand,05TH_AV_MARKET_ST,05TH_AV_MARKET_ST,Gaslamp,32.710951,-117.1605705,3,2025-01-31,,,,,,,observed_and_adjusted,demand_points.csv,Demand uses period-specific individual/tent/vehicle multipliers.
demand_06TH_AV_ASH_ST,demand,06TH_AV_ASH_ST,06TH_AV_ASH_ST,Cortez,32.7193801,-117.159752,0,2025-01-31,,,,,,,observed_and_adjusted,demand_points.csv,Demand uses period-specific individual/tent/vehicle multipliers.
demand_06TH_AV_A_ST,demand,06TH_AV_A_ST,06TH_AV_A_ST,City Center,32.7183308,-117.1597219,1,2025-01-31,,,,,,,observed_and_adjusted,demand_points.csv,Demand uses period-specific individual/tent/vehicle multipliers.
demand_06TH_AV_BEECH_ST,demand,06TH_AV_BEECH_ST,06TH_AV_BEECH_ST,Cortez,32.7204162,-117.1597464,0,2025-01-31,,,,,,,observed_and_adjusted,demand_points.csv,Demand uses period-specific individual/tent/vehicle multipliers.
demand_06TH_AV_BROADWAY,demand,06TH_AV_BROADWAY,06TH_AV_BROADWAY,Gaslamp,32.7151784,-117.1597059,8,2025-01-31,,,,,,,observed_and_adjusted,demand_points.csv,Demand uses period-specific individual/tent/vehicle multipliers.
demand_06TH_AV_B_ST,demand,06TH_AV_B_ST,06TH_AV_B_ST,City Center,32.7172918,-117.1597396,7,2025-01-31,,,,,,,observed_and_adjusted,demand_points.csv,Demand uses period-specific individual/tent/vehicle multipliers.
demand_06TH_AV_CEDAR_ST,demand,06TH_AV_CEDAR_ST,06TH_AV_CEDAR_ST,Cortez,32.7214606,-117.1597531,2,2025-01-31,,,,,,,observed_and_adjusted,demand_points.csv,Demand uses period-specific individual/tent/vehicle multipliers.
demand_06TH_AV_C_ST,demand,06TH_AV_C_ST,06TH_AV_C_ST,City Center,32.7162296,-117.1597014,16,2025-01-31,,,,,,,observed_and_adjusted,demand_points.csv,Demand uses period-specific individual/tent/vehicle multipliers.
demand_06TH_AV_E_ST,demand,06TH_AV_E_ST,06TH_AV_E_ST,Gaslamp,32.7141385,-117.1596919,0,2025-01-31,,,,,,,observed_and_adjusted,demand_points.csv,Demand uses period-specific individual/tent/vehicle multipliers.
demand_06TH_AV_F_ST,demand,06TH_AV_F_ST,06TH_AV_F_ST,Gaslamp,32.713099,-117.1596933,4,2025-01-31,,,,,,,observed_and_adjusted,demand_points.csv,Demand uses period-specific individual/tent/vehicle multipliers.
demand_06TH_AV_G_ST,demand,06TH_AV_G_ST,06TH_AV_G_ST,Gaslamp,32.7120348,-117.1596875,3,2025-01-31,,,,,,,observed_and_adjusted,demand_points.csv,Demand uses period-specific individual/tent/vehicle multipliers.
demand_06TH_AV_I-5_SB,demand,06TH_AV_I-5_SB,06TH_AV_I-5_SB,Cortez,32.722368,-117.1597543,4.03,2025-01-31,,,,,,,observed_and_adjusted,demand_points.csv,Demand uses period-specific individual/tent/vehicle multipliers.
demand_06TH_AV_ISLAND_AV,demand,06TH_AV_ISLAND_AV,06TH_AV_ISLAND_AV,Gaslamp,32.7099052,-117.1596516,0,2025-01-31,,,,,,,observed_and_adjusted,demand_points.csv,Demand uses period-specific individual/tent/vehicle multipliers.
demand_06TH_AV_J_ST,demand,06TH_AV_J_ST,06TH_AV_J_ST,Gaslamp,32.7088562,-117.159649,2,2025-01-31,,,,,,,observed_and_adjusted,demand_points.csv,Demand uses period-specific individual/tent/vehicle multipliers.
demand_06TH_AV_K_ST,demand,06TH_AV_K_ST,06TH_AV_K_ST,Gaslamp,32.7077977,-117.1596315,2,2025-01-31,,,,,,,observed_and_adjusted,demand_points.csv,Demand uses period-specific individual/tent/vehicle multipliers.
demand_06TH_AV_L_ST,demand,06TH_AV_L_ST,06TH_AV_L_ST,Gaslamp,32.7068019,-117.1597181,2,2025-01-31,,,,,,,observed_and_adjusted,demand_points.csv,Demand uses period-specific individual/tent/vehicle multipliers.
demand_06TH_AV_MARKET_ST,demand,06TH_AV_MARKET_ST,06TH_AV_MARKET_ST,Gaslamp,32.7109659,-117.1596713,3,2025-01-31,,,,,,,observed_and_adjusted,demand_points.csv,Demand uses period-specific individual/tent/vehicle multipliers.
demand_07TH_AV_ASH_ST,demand,07TH_AV_ASH_ST,07TH_AV_ASH_ST,Cortez,32.7193765,-117.158832,0,2025-01-31,,,,,,,observed_and_adjusted,demand_points.csv,Demand uses period-specific individual/tent/vehicle multipliers.
demand_07TH_AV_A_ST,demand,07TH_AV_A_ST,07TH_AV_A_ST,City Center,32.7183422,-117.158841,0,2025-01-31,,,,,,,observed_and_adjusted,demand_points.csv,Demand uses period-specific individual/tent/vehicle multipliers.
demand_07TH_AV_BEECH_ST,demand,07TH_AV_BEECH_ST,07TH_AV_BEECH_ST,Cortez,32.7204099,-117.1588194,0,2025-01-31,,,,,,,observed_and_adjusted,demand_points.csv,Demand uses period-specific individual/tent/vehicle multipliers.
demand_07TH_AV_BROADWAY,demand,07TH_AV_BROADWAY,07TH_AV_BROADWAY,City Center,32.7151884,-117.158807,3,2025-01-31,,,,,,,observed_and_adjusted,demand_points.csv,Demand uses period-specific individual/tent/vehicle multipliers.
demand_07TH_AV_B_ST,demand,07TH_AV_B_ST,07TH_AV_B_ST,City Center,32.7172886,-117.1588132,3,2025-01-31,,,,,,,observed_and_adjusted,demand_points.csv,Demand uses period-specific individual/tent/vehicle multipliers.
demand_07TH_AV_CEDAR_ST,demand,07TH_AV_CEDAR_ST,07TH_AV_CEDAR_ST,Cortez,32.7214614,-117.1588533,2,2025-01-31,,,,,,,observed_and_adjusted,demand_points.csv,Demand uses period-specific individual/tent/vehicle multipliers.
demand_07TH_AV_C_ST,demand,07TH_AV_C_ST,07TH_AV_C_ST,City Center,32.7162388,-117.1588143,0,2025-01-31,,,,,,,observed_and_adjusted,demand_points.csv,Demand uses period-specific individual/tent/vehicle multipliers.
demand_07TH_AV_E_ST,demand,07TH_AV_E_ST,07TH_AV_E_ST,East Village,32.7141496,-117.1587996,0,2025-01-31,,,,,,,observed_and_adjusted,demand_points.csv,Demand uses period-specific individual/tent/vehicle multipliers.
demand_07TH_AV_F_ST,demand,07TH_AV_F_ST,07TH_AV_F_ST,East Village,32.7130998,-117.1587686,4,2025-01-31,,,,,,,observed_and_adjusted,demand_points.csv,Demand uses period-specific individual/tent/vehicle multipliers.
demand_07TH_AV_G_ST,demand,07TH_AV_G_ST,07TH_AV_G_ST,East Village,32.7120424,-117.1587796,0,2025-01-31,,,,,,,observed_and_adjusted,demand_points.csv,Demand uses period-specific individual/tent/vehicle multipliers.
demand_07TH_AV_I-5_SB,demand,07TH_AV_I-5_SB,07TH_AV_I-5_SB,Cortez,32.7224379,-117.1588123,6,2025-01-31,,,,,,,observed_and_adjusted,demand_points.csv,Demand uses period-specific individual/tent/vehicle multipliers.
demand_07TH_AV_ISLAND_AV,demand,07TH_AV_ISLAND_AV,07TH_AV_ISLAND_AV,East Village,32.7099117,-117.1587482,5.5,2025-01-31,,,,,,,observed_and_adjusted,demand_points.csv,Demand uses period-specific individual/tent/vehicle multipliers.
demand_07TH_AV_J_ST,demand,07TH_AV_J_ST,07TH_AV_J_ST,East Village,32.7088603,-117.1587426,0,2025-01-31,,,,,,,observed_and_adjusted,demand_points.csv,Demand uses period-specific individual/tent/vehicle multipliers.
demand_07TH_AV_MARKET_ST,demand,07TH_AV_MARKET_ST,07TH_AV_MARKET_ST,East Village,32.7109631,-117.1587475,0,2025-01-31,,,,,,,observed_and_adjusted,demand_points.csv,Demand uses period-specific individual/tent/vehicle multipliers.
demand_08TH_AV_ASH_ST,demand,08TH_AV_ASH_ST,08TH_AV_ASH_ST,Cortez,32.7193799,-117.1579077,1,2025-01-31,,,,,,,observed_and_adjusted,demand_points.csv,Demand uses period-specific individual/tent/vehicle multipliers.
demand_08TH_AV_A_ST,demand,08TH_AV_A_ST,08TH_AV_A_ST,City Center,32.718341,-117.1579005,0,2025-01-31,,,,,,,observed_and_adjusted,demand_points.csv,Demand uses period-specific individual/tent/vehicle multipliers.
demand_08TH_AV_BEECH_ST,demand,08TH_AV_BEECH_ST,08TH_AV_BEECH_ST,Cortez,32.7204208,-117.1579315,0,2025-01-31,,,,,,,observed_and_adjusted,demand_points.csv,Demand uses period-specific individual/tent/vehicle multipliers.
demand_08TH_AV_BROADWAY,demand,08TH_AV_BROADWAY,08TH_AV_BROADWAY,City Center,32.7151887,-117.1578757,0,2025-01-31,,,,,,,observed_and_adjusted,demand_points.csv,Demand uses period-specific individual/tent/vehicle multipliers.
demand_08TH_AV_B_ST,demand,08TH_AV_B_ST,08TH_AV_B_ST,City Center,32.7172848,-117.157879,3,2025-01-31,,,,,,,observed_and_adjusted,demand_points.csv,Demand uses period-specific individual/tent/vehicle multipliers.
demand_08TH_AV_CEDAR_ST,demand,08TH_AV_CEDAR_ST,08TH_AV_CEDAR_ST,Cortez,32.7214624,-117.1579206,0,2025-01-31,,,,,,,observed_and_adjusted,demand_points.csv,Demand uses period-specific individual/tent/vehicle multipliers.
demand_08TH_AV_C_ST,demand,08TH_AV_C_ST,08TH_AV_C_ST,City Center,32.7162322,-117.1578665,2,2025-01-31,,,,,,,observed_and_adjusted,demand_points.csv,Demand uses period-specific individual/tent/vehicle multipliers.
demand_08TH_AV_DATE_ST,demand,08TH_AV_DATE_ST,08TH_AV_DATE_ST,Cortez,32.7224837,-117.1579578,0,2025-01-31,,,,,,,observed_and_adjusted,demand_points.csv,Demand uses period-specific individual/tent/vehicle multipliers.
demand_08TH_AV_E_ST,demand,08TH_AV_E_ST,08TH_AV_E_ST,East Village,32.7141511,-117.1578739,12.5,2025-01-31,,,,,,,observed_and_adjusted,demand_points.csv,Demand uses period-specific individual/tent/vehicle multipliers.
demand_08TH_AV_F_ST,demand,08TH_AV_F_ST,08TH_AV_F_ST,East Village,32.7131096,-117.1578741,0,2025-01-31,,,,,,,observed_and_adjusted,demand_points.csv,Demand uses period-specific individual/tent/vehicle multipliers.
demand_08TH_AV_G_ST,demand,08TH_AV_G_ST,08TH_AV_G_ST,East Village,32.7120448,-117.1578632,0,2025-01-31,,,,,,,observed_and_adjusted,demand_points.csv,Demand uses period-specific individual/tent/vehicle multipliers.
demand_08TH_AV_ISLAND_AV,demand,08TH_AV_ISLAND_AV,08TH_AV_ISLAND_AV,East Village,32.7099063,-117.1578277,1,2025-01-31,,,,,,,observed_and_adjusted,demand_points.csv,Demand uses period-specific individual/tent/vehicle multipliers.
demand_08TH_AV_MARKET_ST,demand,08TH_AV_MARKET_ST,08TH_AV_MARKET_ST,East Village,32.7109649,-117.1578318,4,2025-01-31,,,,,,,observed_and_adjusted,demand_points.csv,Demand uses period-specific individual/tent/vehicle multipliers.
demand_09TH_AV_ASH_ST,demand,09TH_AV_ASH_ST,09TH_AV_ASH_ST,Cortez,32.7193836,-117.1569963,0,2025-01-31,,,,,,,observed_and_adjusted,demand_points.csv,Demand uses period-specific individual/tent/vehicle multipliers.
demand_09TH_AV_A_ST,demand,09TH_AV_A_ST,09TH_AV_A_ST,City Center,32.7183434,-117.1569918,0,2025-01-31,,,,,,,observed_and_adjusted,demand_points.csv,Demand uses period-specific individual/tent/vehicle multipliers.
demand_09TH_AV_BEECH_ST,demand,09TH_AV_BEECH_ST,09TH_AV_BEECH_ST,Cortez,32.7204252,-117.1570225,0,2025-01-31,,,,,,,observed_and_adjusted,demand_points.csv,Demand uses period-specific individual/tent/vehicle multipliers.
demand_09TH_AV_BROADWAY,demand,09TH_AV_BROADWAY,09TH_AV_BROADWAY,City Center,32.7151974,-117.156977,0,2025-01-31,,,,,,,observed_and_adjusted,demand_points.csv,Demand uses period-specific individual/tent/vehicle multipliers.
demand_09TH_AV_B_ST,demand,09TH_AV_B_ST,09TH_AV_B_ST,City Center,32.7172966,-117.1570047,0,2025-01-31,,,,,,,observed_and_adjusted,demand_points.csv,Demand uses period-specific individual/tent/vehicle multipliers.
demand_09TH_AV_CEDAR_ST,demand,09TH_AV_CEDAR_ST,09TH_AV_CEDAR_ST,Cortez,32.7214682,-117.1570136,0,2025-01-31,,,,,,,observed_and_adjusted,demand_points.csv,Demand uses period-specific individual/tent/vehicle multipliers.
demand_09TH_AV_C_ST,demand,09TH_AV_C_ST,09TH_AV_C_ST,City Center,32.7162425,-117.1569898,0,2025-01-31,,,,,,,observed_and_adjusted,demand_points.csv,Demand uses period-specific individual/tent/vehicle multipliers.
demand_09TH_AV_DATE_ST,demand,09TH_AV_DATE_ST,09TH_AV_DATE_ST,Cortez,32.722482,-117.1570188,0,2025-01-31,,,,,,,observed_and_adjusted,demand_points.csv,Demand uses period-specific individual/tent/vehicle multipliers.
demand_09TH_AV_E_ST,demand,09TH_AV_E_ST,09TH_AV_E_ST,East Village,32.7141617,-117.15698,10.25,2025-01-31,,,,,,,observed_and_adjusted,demand_points.csv,Demand uses period-specific individual/tent/vehicle multipliers.
demand_09TH_AV_F_ST,demand,09TH_AV_F_ST,09TH_AV_F_ST,East Village,32.7131219,-117.1569871,4.03,2025-01-31,,,,,,,observed_and_adjusted,demand_points.csv,Demand uses period-specific individual/tent/vehicle multipliers.
demand_09TH_AV_G_ST,demand,09TH_AV_G_ST,09TH_AV_G_ST,East Village,32.7120459,-117.156925,2,2025-01-31,,,,,,,observed_and_adjusted,demand_points.csv,Demand uses period-specific individual/tent/vehicle multipliers.
demand_09TH_AV_ISLAND_AV,demand,09TH_AV_ISLAND_AV,09TH_AV_ISLAND_AV,East Village,32.7099196,-117.156932,0,2025-01-31,,,,,,,observed_and_adjusted,demand_points.csv,Demand uses period-specific individual/tent/vehicle multipliers.
demand_09TH_AV_MARKET_ST,demand,09TH_AV_MARKET_ST,09TH_AV_MARKET_ST,East Village,32.7109735,-117.1569277,0,2025-01-31,,,,,,,observed_and_adjusted,demand_points.csv,Demand uses period-specific individual/tent/vehicle multipliers.
demand_10TH_AV_ASH_ST,demand,10TH_AV_ASH_ST,10TH_AV_ASH_ST,Cortez,32.7193903,-117.156102,0,2025-01-31,,,,,,,observed_and_adjusted,demand_points.csv,Demand uses period-specific individual/tent/vehicle multipliers.
demand_10TH_AV_A_ST,demand,10TH_AV_A_ST,10TH_AV_A_ST,City Center,32.7183488,-117.1560903,0,2025-01-31,,,,,,,observed_and_adjusted,demand_points.csv,Demand uses period-specific individual/tent/vehicle multipliers.
demand_10TH_AV_BEECH_ST,demand,10TH_AV_BEECH_ST,10TH_AV_BEECH_ST,Cortez,32.7204857,-117.1561276,0,2025-01-31,,,,,,,observed_and_adjusted,demand_points.csv,Demand uses period-specific individual/tent/vehicle multipliers.
demand_10TH_AV_BROADWAY,demand,10TH_AV_BROADWAY,10TH_AV_BROADWAY,City Center,32.7152016,-117.1560569,6.5,2025-01-31,,,,,,,observed_and_adjusted,demand_points.csv,Demand uses period-specific individual/tent/vehicle multipliers.
demand_10TH_AV_B_ST,demand,10TH_AV_B_ST,10TH_AV_B_ST,City Center,32.7172883,-117.1560639,3,2025-01-31,,,,,,,observed_and_adjusted,demand_points.csv,Demand uses period-specific individual/tent/vehicle multipliers.
demand_10TH_AV_CEDAR_ST,demand,10TH_AV_CEDAR_ST,10TH_AV_CEDAR_ST,Cortez,32.7214876,-117.1561651,0,2025-01-31,,,,,,,observed_and_adjusted,demand_points.csv,Demand uses period-specific individual/tent/vehicle multipliers.
demand_10TH_AV_C_ST,demand,10TH_AV_C_ST,10TH_AV_C_ST,City Center,32.7162421,-117.1560671,5,2025-01-31,,,,,,,observed_and_adjusted,demand_points.csv,Demand uses period-specific individual/tent/vehicle multipliers.
demand_10TH_AV_DATE_ST,demand,10TH_AV_DATE_ST,10TH_AV_DATE_ST,Cortez,32.7224867,-117.1561138,0,2025-01-31,,,,,,,observed_and_adjusted,demand_points.csv,Demand uses period-specific individual/tent/vehicle multipliers.
demand_10TH_AV_E_ST,demand,10TH_AV_E_ST,10TH_AV_E_ST,East Village,32.7141601,-117.1560379,4,2025-01-31,,,,,,,observed_and_adjusted,demand_points.csv,Demand uses period-specific individual/tent/vehicle multipliers.
demand_10TH_AV_F_ST,demand,10TH_AV_F_ST,10TH_AV_F_ST,East Village,32.7131208,-117.1560443,2,2025-01-31,,,,,,,observed_and_adjusted,demand_points.csv,Demand uses period-specific individual/tent/vehicle multipliers.
demand_10TH_AV_G_ST,demand,10TH_AV_G_ST,10TH_AV_G_ST,East Village,32.7120547,-117.1560204,1,2025-01-31,,,,,,,observed_and_adjusted,demand_points.csv,Demand uses period-specific individual/tent/vehicle multipliers.
demand_10TH_AV_ISLAND_AV,demand,10TH_AV_ISLAND_AV,10TH_AV_ISLAND_AV,East Village,32.7099117,-117.1559891,1,2025-01-31,,,,,,,observed_and_adjusted,demand_points.csv,Demand uses period-specific individual/tent/vehicle multipliers.
demand_10TH_AV_J_ST,demand,10TH_AV_J_ST,10TH_AV_J_ST,East Village,32.707721,-117.1568893,1,2025-01-31,,,,,,,observed_and_adjusted,demand_points.csv,Demand uses period-specific individual/tent/vehicle multipliers.
demand_10TH_AV_MARKET_ST,demand,10TH_AV_MARKET_ST,10TH_AV_MARKET_ST,East Village,32.7109825,-117.1560318,0,2025-01-31,,,,,,,observed_and_adjusted,demand_points.csv,Demand uses period-specific individual/tent/vehicle multipliers.
demand_11TH_AV_A_ST,demand,11TH_AV_A_ST,11TH_AV_A_ST,City Center,32.7183485,-117.1551703,4.75,2025-01-31,,,,,,,observed_and_adjusted,demand_points.csv,Demand uses period-specific individual/tent/vehicle multipliers.
demand_11TH_AV_BROADWAY,demand,11TH_AV_BROADWAY,11TH_AV_BROADWAY,City Center,32.715209,-117.1551477,1,2025-01-31,,,,,,,observed_and_adjusted,demand_points.csv,Demand uses period-specific individual/tent/vehicle multipliers.
demand_11TH_AV_B_ST,demand,11TH_AV_B_ST,11TH_AV_B_ST,City Center,32.7172964,-117.1551753,0,2025-01-31,,,,,,,observed_and_adjusted,demand_points.csv,Demand uses period-specific individual/tent/vehicle multipliers.
demand_11TH_AV_C_ST,demand,11TH_AV_C_ST,11TH_AV_C_ST,City Center,32.7162482,-117.1551682,6.75,2025-01-31,,,,,,,observed_and_adjusted,demand_points.csv,Demand uses period-specific individual/tent/vehicle multipliers.
demand_11TH_AV_E_ST,demand,11TH_AV_E_ST,11TH_AV_E_ST,East Village,32.7141652,-117.1551235,2.75,2025-01-31,,,,,,,observed_and_adjusted,demand_points.csv,Demand uses period-specific individual/tent/vehicle multipliers.
demand_11TH_AV_F_ST,demand,11TH_AV_F_ST,11TH_AV_F_ST,East Village,32.7131258,-117.1551366,0,2025-01-31,,,,,,,observed_and_adjusted,demand_points.csv,Demand uses period-specific individual/tent/vehicle multipliers.
demand_11TH_AV_G_ST,demand,11TH_AV_G_ST,11TH_AV_G_ST,East Village,32.7120633,-117.1551275,0,2025-01-31,,,,,,,observed_and_adjusted,demand_points.csv,Demand uses period-specific individual/tent/vehicle multipliers.
demand_11TH_AV_ISLAND_AV,demand,11TH_AV_ISLAND_AV,11TH_AV_ISLAND_AV,East Village,32.7099236,-117.1551035,1,2025-01-31,,,,,,,observed_and_adjusted,demand_points.csv,Demand uses period-specific individual/tent/vehicle multipliers.
demand_11TH_AV_J_ST,demand,11TH_AV_J_ST,11TH_AV_J_ST,East Village,32.7088789,-117.1551036,0,2025-01-31,,,,,,,observed_and_adjusted,demand_points.csv,Demand uses period-specific individual/tent/vehicle multipliers.
demand_11TH_AV_K_ST,demand,11TH_AV_K_ST,11TH_AV_K_ST,East Village,32.7080323,-117.1551208,1,2025-01-31,,,,,,,observed_and_adjusted,demand_points.csv,Demand uses period-specific individual/tent/vehicle multipliers.
demand_11TH_AV_MARKET_ST,demand,11TH_AV_MARKET_ST,11TH_AV_MARKET_ST,East Village,32.7109849,-117.155121,0,2025-01-31,,,,,,,observed_and_adjusted,demand_points.csv,Demand uses period-specific individual/tent/vehicle multipliers.
demand_12TH_AV_PARK_BL,demand,12TH_AV_PARK_BL,12TH_AV_PARK_BL,East Village,32.7069832,-117.1545023,1,2025-01-31,,,,,,,observed_and_adjusted,demand_points.csv,Demand uses period-specific individual/tent/vehicle multipliers.
demand_13TH_ST_BROADWAY,demand,13TH_ST_BROADWAY,13TH_ST_BROADWAY,East Village,32.7152197,-117.1533262,3,2025-01-31,,,,,,,observed_and_adjusted,demand_points.csv,Demand uses period-specific individual/tent/vehicle multipliers.
demand_13TH_ST_C_ST,demand,13TH_ST_C_ST,13TH_ST_C_ST,East Village,32.716262,-117.1533446,0,2025-01-31,,,,,,,observed_and_adjusted,demand_points.csv,Demand uses period-specific individual/tent/vehicle multipliers.
demand_13TH_ST_E_ST,demand,13TH_ST_E_ST,13TH_ST_E_ST,East Village,32.7141815,-117.1533283,0,2025-01-31,,,,,,,observed_and_adjusted,demand_points.csv,Demand uses period-specific individual/tent/vehicle multipliers.
demand_13TH_ST_F_ST,demand,13TH_ST_F_ST,13TH_ST_F_ST,East Village,32.7131305,-117.1532985,1,2025-01-31,,,,,,,observed_and_adjusted,demand_points.csv,Demand uses period-specific individual/tent/vehicle multipliers.
demand_13TH_ST_G_ST,demand,13TH_ST_G_ST,13TH_ST_G_ST,East Village,32.7120729,-117.1533019,0,2025-01-31,,,,,,,observed_and_adjusted,demand_points.csv,Demand uses period-specific individual/tent/vehicle multipliers.
demand_13TH_ST_IMPERIAL_AV,demand,13TH_ST_IMPERIAL_AV,13TH_ST_IMPERIAL_AV,East Village,32.7061363,-117.1529333,10,2025-01-31,,,,,,,observed_and_adjusted,demand_points.csv,Demand uses period-specific individual/tent/vehicle multipliers.
demand_13TH_ST_ISLAND_AV,demand,13TH_ST_ISLAND_AV,13TH_ST_ISLAND_AV,East Village,32.709928,-117.1532643,0,2025-01-31,,,,,,,observed_and_adjusted,demand_points.csv,Demand uses period-specific individual/tent/vehicle multipliers.
demand_13TH_ST_J_ST,demand,13TH_ST_J_ST,13TH_ST_J_ST,East Village,32.7088911,-117.1532612,0,2025-01-31,,,,,,,observed_and_adjusted,demand_points.csv,Demand uses period-specific individual/tent/vehicle multipliers.
demand_13TH_ST_K_ST,demand,13TH_ST_K_ST,13TH_ST_K_ST,East Village,32.7078497,-117.1532529,0,2025-01-31,,,,,,,observed_and_adjusted,demand_points.csv,Demand uses period-specific individual/tent/vehicle multipliers.
demand_13TH_ST_L_ST,demand,13TH_ST_L_ST,13TH_ST_L_ST,East Village,32.7068048,-117.1532624,2,2025-01-31,,,,,,,observed_and_adjusted,demand_points.csv,Demand uses period-specific individual/tent/vehicle multipliers.
demand_13TH_ST_MARKET_ST,demand,13TH_ST_MARKET_ST,13TH_ST_MARKET_ST,East Village,32.7109913,-117.1532832,5,2025-01-31,,,,,,,observed_and_adjusted,demand_points.csv,Demand uses period-specific individual/tent/vehicle multipliers.
demand_14TH_ST_BROADWAY,demand,14TH_ST_BROADWAY,14TH_ST_BROADWAY,East Village,32.7152244,-117.1524186,0,2025-01-31,,,,,,,observed_and_adjusted,demand_points.csv,Demand uses period-specific individual/tent/vehicle multipliers.
demand_14TH_ST_C_ST,demand,14TH_ST_C_ST,14TH_ST_C_ST,East Village,32.7162585,-117.1523968,0,2025-01-31,,,,,,,observed_and_adjusted,demand_points.csv,Demand uses period-specific individual/tent/vehicle multipliers.
demand_14TH_ST_E_ST,demand,14TH_ST_E_ST,14TH_ST_E_ST,East Village,32.7141857,-117.1524186,1,2025-01-31,,,,,,,observed_and_adjusted,demand_points.csv,Demand uses period-specific individual/tent/vehicle multipliers.
demand_14TH_ST_F_ST,demand,14TH_ST_F_ST,14TH_ST_F_ST,East Village,32.713136,-117.1523916,0,2025-01-31,,,,,,,observed_and_adjusted,demand_points.csv,Demand uses period-specific individual/tent/vehicle multipliers.
demand_14TH_ST_G_ST,demand,14TH_ST_G_ST,14TH_ST_G_ST,East Village,32.7120823,-117.1524006,0,2025-01-31,,,,,,,observed_and_adjusted,demand_points.csv,Demand uses period-specific individual/tent/vehicle multipliers.
demand_14TH_ST_IMPERIAL_AV,demand,14TH_ST_IMPERIAL_AV,14TH_ST_IMPERIAL_AV,East Village,32.705974,-117.1522731,0,2025-01-31,,,,,,,observed_and_adjusted,demand_points.csv,Demand uses period-specific individual/tent/vehicle multipliers.
demand_14TH_ST_ISLAND_AV,demand,14TH_ST_ISLAND_AV,14TH_ST_ISLAND_AV,East Village,32.7099402,-117.1523586,2,2025-01-31,,,,,,,observed_and_adjusted,demand_points.csv,Demand uses period-specific individual/tent/vehicle multipliers.
demand_14TH_ST_J_ST,demand,14TH_ST_J_ST,14TH_ST_J_ST,East Village,32.7089017,-117.1523555,0,2025-01-31,,,,,,,observed_and_adjusted,demand_points.csv,Demand uses period-specific individual/tent/vehicle multipliers.
demand_14TH_ST_K_ST,demand,14TH_ST_K_ST,14TH_ST_K_ST,East Village,32.7078495,-117.1523339,3,2025-01-31,,,,,,,observed_and_adjusted,demand_points.csv,Demand uses period-specific individual/tent/vehicle multipliers.
demand_14TH_ST_L_ST,demand,14TH_ST_L_ST,14TH_ST_L_ST,East Village,32.7068041,-117.1523303,6,2025-01-31,,,,,,,observed_and_adjusted,demand_points.csv,Demand uses period-specific individual/tent/vehicle multipliers.
demand_14TH_ST_MARKET_ST,demand,14TH_ST_MARKET_ST,14TH_ST_MARKET_ST,East Village,32.7109961,-117.1523631,0,2025-01-31,,,,,,,observed_and_adjusted,demand_points.csv,Demand uses period-specific individual/tent/vehicle multipliers.
demand_15TH_ST_BROADWAY,demand,15TH_ST_BROADWAY,15TH_ST_BROADWAY,East Village,32.7152297,-117.151185,0,2025-01-31,,,,,,,observed_and_adjusted,demand_points.csv,Demand uses period-specific individual/tent/vehicle multipliers.
demand_15TH_ST_C_ST,demand,15TH_ST_C_ST,15TH_ST_C_ST,East Village,32.7162738,-117.1511898,0,2025-01-31,,,,,,,observed_and_adjusted,demand_points.csv,Demand uses period-specific individual/tent/vehicle multipliers.
demand_15TH_ST_E_ST,demand,15TH_ST_E_ST,15TH_ST_E_ST,East Village,32.7141905,-117.151182,0,2025-01-31,,,,,,,observed_and_adjusted,demand_points.csv,Demand uses period-specific individual/tent/vehicle multipliers.
demand_15TH_ST_F_ST,demand,15TH_ST_F_ST,15TH_ST_F_ST,East Village,32.7131435,-117.1511605,0,2025-01-31,,,,,,,observed_and_adjusted,demand_points.csv,Demand uses period-specific individual/tent/vehicle multipliers.
demand_15TH_ST_G_ST,demand,15TH_ST_G_ST,15TH_ST_G_ST,East Village,32.7120768,-117.1511433,0,2025-01-31,,,,,,,observed_and_adjusted,demand_points.csv,Demand uses period-specific individual/tent/vehicle multipliers.
demand_15TH_ST_IMPERIAL_AV,demand,15TH_ST_IMPERIAL_AV,15TH_ST_IMPERIAL_AV,East Village,32.7057566,-117.1511004,19.03,2025-01-31,,,,,,,observed_and_adjusted,demand_points.csv,Demand uses period-specific individual/tent/vehicle multipliers.
demand_15TH_ST_ISLAND_AV,demand,15TH_ST_ISLAND_AV,15TH_ST_ISLAND_AV,East Village,32.7099405,-117.1511399,2,2025-01-31,,,,,,,observed_and_adjusted,demand_points.csv,Demand uses period-specific individual/tent/vehicle multipliers.
demand_15TH_ST_J_ST,demand,15TH_ST_J_ST,15TH_ST_J_ST,East Village,32.7088926,-117.1511125,2,2025-01-31,,,,,,,observed_and_adjusted,demand_points.csv,Demand uses period-specific individual/tent/vehicle multipliers.
demand_15TH_ST_MARKET_ST,demand,15TH_ST_MARKET_ST,15TH_ST_MARKET_ST,East Village,32.7109935,-117.1511361,3,2025-01-31,,,,,,,observed_and_adjusted,demand_points.csv,Demand uses period-specific individual/tent/vehicle multipliers.
demand_16TH_ST_BROADWAY,demand,16TH_ST_BROADWAY,16TH_ST_BROADWAY,East Village,32.7152315,-117.149933,1,2025-01-31,,,,,,,observed_and_adjusted,demand_points.csv,Demand uses period-specific individual/tent/vehicle multipliers.
demand_16TH_ST_C_ST,demand,16TH_ST_C_ST,16TH_ST_C_ST,East Village,32.7162861,-117.1499595,0,2025-01-31,,,,,,,observed_and_adjusted,demand_points.csv,Demand uses period-specific individual/tent/vehicle multipliers.
demand_16TH_ST_E_ST,demand,16TH_ST_E_ST,16TH_ST_E_ST,East Village,32.7141937,-117.149932,2,2025-01-31,,,,,,,observed_and_adjusted,demand_points.csv,Demand uses period-specific individual/tent/vehicle multipliers.
demand_16TH_ST_F_ST,demand,16TH_ST_F_ST,16TH_ST_F_ST,East Village,32.7131519,-117.1499278,4.5,2025-01-31,,,,,,,observed_and_adjusted,demand_points.csv,Demand uses period-specific individual/tent/vehicle multipliers.
demand_16TH_ST_G_ST,demand,16TH_ST_G_ST,16TH_ST_G_ST,East Village,32.7120806,-117.1499191,10.25,2025-01-31,,,,,,,observed_and_adjusted,demand_points.csv,Demand uses period-specific individual/tent/vehicle multipliers.
demand_16TH_ST_IMPERIAL_AV,demand,16TH_ST_IMPERIAL_AV,16TH_ST_IMPERIAL_AV,East Village,32.7057509,-117.1498956,3,2025-01-31,,,,,,,observed_and_adjusted,demand_points.csv,Demand uses period-specific individual/tent/vehicle multipliers.
demand_16TH_ST_ISLAND_AV,demand,16TH_ST_ISLAND_AV,16TH_ST_ISLAND_AV,East Village,32.7099323,-117.1499034,2,2025-01-31,,,,,,,observed_and_adjusted,demand_points.csv,Demand uses period-specific individual/tent/vehicle multipliers.
demand_16TH_ST_J_ST,demand,16TH_ST_J_ST,16TH_ST_J_ST,East Village,32.7088871,-117.1498877,10.25,2025-01-31,,,,,,,observed_and_adjusted,demand_points.csv,Demand uses period-specific individual/tent/vehicle multipliers.
demand_16TH_ST_K_ST,demand,16TH_ST_K_ST,16TH_ST_K_ST,East Village,32.7073213,-117.1506552,10.03,2025-01-31,,,,,,,observed_and_adjusted,demand_points.csv,Demand uses period-specific individual/tent/vehicle multipliers.
demand_16TH_ST_MARKET_ST,demand,16TH_ST_MARKET_ST,16TH_ST_MARKET_ST,East Village,32.7109864,-117.1499028,15.75,2025-01-31,,,,,,,observed_and_adjusted,demand_points.csv,Demand uses period-specific individual/tent/vehicle multipliers.
demand_17TH_ST_BROADWAY,demand,17TH_ST_BROADWAY,17TH_ST_BROADWAY,East Village,32.7152345,-117.1490277,0,2025-01-31,,,,,,,observed_and_adjusted,demand_points.csv,Demand uses period-specific individual/tent/vehicle multipliers.
demand_17TH_ST_C_ST,demand,17TH_ST_C_ST,17TH_ST_C_ST,East Village,32.7162877,-117.1490392,24,2025-01-31,,,,,,,observed_and_adjusted,demand_points.csv,Demand uses period-specific individual/tent/vehicle multipliers.
demand_17TH_ST_E_ST,demand,17TH_ST_E_ST,17TH_ST_E_ST,East Village,32.7141842,-117.1489562,3.03,2025-01-31,,,,,,,observed_and_adjusted,demand_points.csv,Demand uses period-specific individual/tent/vehicle multipliers.
demand_17TH_ST_F_ST,demand,17TH_ST_F_ST,17TH_ST_F_ST,East Village,32.7131541,-117.1490065,1.75,2025-01-31,,,,,,,observed_and_adjusted,demand_points.csv,Demand uses period-specific individual/tent/vehicle multipliers.
demand_17TH_ST_G_ST,demand,17TH_ST_G_ST,17TH_ST_G_ST,East Village,32.7120842,-117.1490078,5.5,2025-01-31,,,,,,,observed_and_adjusted,demand_points.csv,Demand uses period-specific individual/tent/vehicle multipliers.
demand_17TH_ST_IMPERIAL_AV,demand,17TH_ST_IMPERIAL_AV,17TH_ST_IMPERIAL_AV,East Village,32.7057471,-117.148974,5,2025-01-31,,,,,,,observed_and_adjusted,demand_points.csv,Demand uses period-specific individual/tent/vehicle multipliers.
demand_17TH_ST_ISLAND_AV,demand,17TH_ST_ISLAND_AV,17TH_ST_ISLAND_AV,East Village,32.7099281,-117.1489889,5,2025-01-31,,,,,,,observed_and_adjusted,demand_points.csv,Demand uses period-specific individual/tent/vehicle multipliers.
demand_17TH_ST_J_ST,demand,17TH_ST_J_ST,17TH_ST_J_ST,East Village,32.708891,-117.1489996,10,2025-01-31,,,,,,,observed_and_adjusted,demand_points.csv,Demand uses period-specific individual/tent/vehicle multipliers.
demand_17TH_ST_K_ST,demand,17TH_ST_K_ST,17TH_ST_K_ST,East Village,32.7073124,-117.1489822,79.75,2025-01-31,,,,,,,observed_and_adjusted,demand_points.csv,Demand uses period-specific individual/tent/vehicle multipliers.
demand_17TH_ST_MARKET_ST,demand,17TH_ST_MARKET_ST,17TH_ST_MARKET_ST,East Village,32.7109934,-117.1490019,6,2025-01-31,,,,,,,observed_and_adjusted,demand_points.csv,Demand uses period-specific individual/tent/vehicle multipliers.
demand_19TH_ST_I-5_SB_OFF_RA,demand,19TH_ST_I-5_SB_OFF_RA,19TH_ST_I-5_SB_OFF_RA,Outside Perimeter,32.7175296,-117.1472282,15.25,2025-01-31,,,,,,,observed_and_adjusted,demand_points.csv,Demand uses period-specific individual/tent/vehicle multipliers.
demand_19TH_ST_ISLAND_AV,demand,19TH_ST_ISLAND_AV,19TH_ST_ISLAND_AV,Outside Perimeter,32.7099383,-117.147112,0,2025-01-31,,,,,,,observed_and_adjusted,demand_points.csv,Demand uses period-specific individual/tent/vehicle multipliers.
demand_19TH_ST_J_ST,demand,19TH_ST_J_ST,19TH_ST_J_ST,Outside Perimeter,32.707881,-117.1470956,1,2025-01-31,,,,,,,observed_and_adjusted,demand_points.csv,Demand uses period-specific individual/tent/vehicle multipliers.
demand_19TH_ST_MARKET_ST,demand,19TH_ST_MARKET_ST,19TH_ST_MARKET_ST,Outside Perimeter,32.7109932,-117.1471172,17.87,2025-01-31,,,,,,,observed_and_adjusted,demand_points.csv,Demand uses period-specific individual/tent/vehicle multipliers.
demand_20TH_ST_BROADWAY,demand,20TH_ST_BROADWAY,20TH_ST_BROADWAY,Outside Perimeter,32.7152465,-117.1462671,0,2025-01-31,,,,,,,observed_and_adjusted,demand_points.csv,Demand uses period-specific individual/tent/vehicle multipliers.
demand_20TH_ST_B_ST,demand,20TH_ST_B_ST,20TH_ST_B_ST,Outside Perimeter,32.7173415,-117.1463063,0,2025-01-31,,,,,,,observed_and_adjusted,demand_points.csv,Demand uses period-specific individual/tent/vehicle multipliers.
demand_20TH_ST_C_ST,demand,20TH_ST_C_ST,20TH_ST_C_ST,Outside Perimeter,32.7162925,-117.1462957,0,2025-01-31,,,,,,,observed_and_adjusted,demand_points.csv,Demand uses period-specific individual/tent/vehicle multipliers.
demand_20TH_ST_E_ST,demand,20TH_ST_E_ST,20TH_ST_E_ST,Outside Perimeter,32.7144027,-117.1462531,0,2025-01-31,,,,,,,observed_and_adjusted,demand_points.csv,Demand uses period-specific individual/tent/vehicle multipliers.
demand_20TH_ST_G_ST,demand,20TH_ST_G_ST,20TH_ST_G_ST,Outside Perimeter,32.7120933,-117.1463384,0,2025-01-31,,,,,,,observed_and_adjusted,demand_points.csv,Demand uses period-specific individual/tent/vehicle multipliers.
demand_20TH_ST_ISLAND_AV,demand,20TH_ST_ISLAND_AV,20TH_ST_ISLAND_AV,Outside Perimeter,32.7099376,-117.1462789,0,2025-01-31,,,,,,,observed_and_adjusted,demand_points.csv,Demand uses period-specific individual/tent/vehicle multipliers.
demand_20TH_ST_J_ST,demand,20TH_ST_J_ST,20TH_ST_J_ST,Outside Perimeter,32.7088883,-117.1462467,0,2025-01-31,,,,,,,observed_and_adjusted,demand_points.csv,Demand uses period-specific individual/tent/vehicle multipliers.
demand_20TH_ST_K_ST,demand,20TH_ST_K_ST,20TH_ST_K_ST,Outside Perimeter,32.7078318,-117.1462333,0,2025-01-31,,,,,,,observed_and_adjusted,demand_points.csv,Demand uses period-specific individual/tent/vehicle multipliers.
demand_20TH_ST_L_ST,demand,20TH_ST_L_ST,20TH_ST_L_ST,Outside Perimeter,32.7067948,-117.1462508,0,2025-01-31,,,,,,,observed_and_adjusted,demand_points.csv,Demand uses period-specific individual/tent/vehicle multipliers.
demand_20TH_ST_MARKET_ST,demand,20TH_ST_MARKET_ST,20TH_ST_MARKET_ST,Outside Perimeter,32.7109976,-117.1462566,0,2025-01-31,,,,,,,observed_and_adjusted,demand_points.csv,Demand uses period-specific individual/tent/vehicle multipliers.
demand_21ST_ST_BROADWAY,demand,21ST_ST_BROADWAY,21ST_ST_BROADWAY,Outside Perimeter,32.715256,-117.145393,0,2025-01-31,,,,,,,observed_and_adjusted,demand_points.csv,Demand uses period-specific individual/tent/vehicle multipliers.
demand_21ST_ST_B_ST,demand,21ST_ST_B_ST,21ST_ST_B_ST,Outside Perimeter,32.7173432,-117.1453824,0,2025-01-31,,,,,,,observed_and_adjusted,demand_points.csv,Demand uses period-specific individual/tent/vehicle multipliers.
demand_21ST_ST_C_ST,demand,21ST_ST_C_ST,21ST_ST_C_ST,Outside Perimeter,32.7162995,-117.1453954,0,2025-01-31,,,,,,,observed_and_adjusted,demand_points.csv,Demand uses period-specific individual/tent/vehicle multipliers.
demand_21ST_ST_E_ST,demand,21ST_ST_E_ST,21ST_ST_E_ST,Outside Perimeter,32.7142517,-117.1453569,0,2025-01-31,,,,,,,observed_and_adjusted,demand_points.csv,Demand uses period-specific individual/tent/vehicle multipliers.
demand_21ST_ST_G_ST,demand,21ST_ST_G_ST,21ST_ST_G_ST,Outside Perimeter,32.7120866,-117.145372,0,2025-01-31,,,,,,,observed_and_adjusted,demand_points.csv,Demand uses period-specific individual/tent/vehicle multipliers.
demand_21ST_ST_ISLAND_AV,demand,21ST_ST_ISLAND_AV,21ST_ST_ISLAND_AV,Outside Perimeter,32.709933,-117.1453325,0,2025-01-31,,,,,,,observed_and_adjusted,demand_points.csv,Demand uses period-specific individual/tent/vehicle multipliers.
demand_21ST_ST_J_ST,demand,21ST_ST_J_ST,21ST_ST_J_ST,Outside Perimeter,32.708886,-117.1453383,0,2025-01-31,,,,,,,observed_and_adjusted,demand_points.csv,Demand uses period-specific individual/tent/vehicle multipliers.
demand_21ST_ST_K_ST,demand,21ST_ST_K_ST,21ST_ST_K_ST,Outside Perimeter,32.7078362,-117.1453286,0,2025-01-31,,,,,,,observed_and_adjusted,demand_points.csv,Demand uses period-specific individual/tent/vehicle multipliers.
demand_21ST_ST_L_ST,demand,21ST_ST_L_ST,21ST_ST_L_ST,Outside Perimeter,32.7067905,-117.1453186,0,2025-01-31,,,,,,,observed_and_adjusted,demand_points.csv,Demand uses period-specific individual/tent/vehicle multipliers.
demand_21ST_ST_MARKET_ST,demand,21ST_ST_MARKET_ST,21ST_ST_MARKET_ST,Outside Perimeter,32.7109963,-117.1453454,0,2025-01-31,,,,,,,observed_and_adjusted,demand_points.csv,Demand uses period-specific individual/tent/vehicle multipliers.
demand_21ST_ST_RUSS_BL,demand,21ST_ST_RUSS_BL,21ST_ST_RUSS_BL,Outside Perimeter,32.7187746,-117.1452507,8.75,2025-01-31,,,,,,,observed_and_adjusted,demand_points.csv,Demand uses period-specific individual/tent/vehicle multipliers.
demand_22ND_ST_A_ST,demand,22ND_ST_A_ST,22ND_ST_A_ST,Outside Perimeter,32.7184044,-117.1444777,0,2025-01-31,,,,,,,observed_and_adjusted,demand_points.csv,Demand uses period-specific individual/tent/vehicle multipliers.
demand_22ND_ST_BROADWAY,demand,22ND_ST_BROADWAY,22ND_ST_BROADWAY,Outside Perimeter,32.7142189,-117.1464733,0,2025-01-31,,,,,,,observed_and_adjusted,demand_points.csv,Demand uses period-specific individual/tent/vehicle multipliers.
demand_22ND_ST_BROADWAY__2,demand,22ND_ST_BROADWAY__2,22ND_ST_BROADWAY__2,Outside Perimeter,32.7152563,-117.144457,0,2025-01-31,,,,,,,observed_and_adjusted,demand_points.csv,Demand uses period-specific individual/tent/vehicle multipliers.
demand_22ND_ST_B_ST,demand,22ND_ST_B_ST,22ND_ST_B_ST,Outside Perimeter,32.7173511,-117.1444915,0,2025-01-31,,,,,,,observed_and_adjusted,demand_points.csv,Demand uses period-specific individual/tent/vehicle multipliers.
demand_22ND_ST_C_ST,demand,22ND_ST_C_ST,22ND_ST_C_ST,Outside Perimeter,32.7163093,-117.1444968,0,2025-01-31,,,,,,,observed_and_adjusted,demand_points.csv,Demand uses period-specific individual/tent/vehicle multipliers.
demand_22ND_ST_E_ST,demand,22ND_ST_E_ST,22ND_ST_E_ST,Outside Perimeter,32.7142172,-117.1444639,0,2025-01-31,,,,,,,observed_and_adjusted,demand_points.csv,Demand uses period-specific individual/tent/vehicle multipliers.
demand_22ND_ST_G_ST,demand,22ND_ST_G_ST,22ND_ST_G_ST,Outside Perimeter,32.7121,-117.1444422,0,2025-01-31,,,,,,,observed_and_adjusted,demand_points.csv,Demand uses period-specific individual/tent/vehicle multipliers.
demand_22ND_ST_ISLAND_AV,demand,22ND_ST_ISLAND_AV,22ND_ST_ISLAND_AV,Outside Perimeter,32.7099351,-117.1444268,0,2025-01-31,,,,,,,observed_and_adjusted,demand_points.csv,Demand uses period-specific individual/tent/vehicle multipliers.
demand_22ND_ST_J_ST,demand,22ND_ST_J_ST,22ND_ST_J_ST,Outside Perimeter,32.7088943,-117.1444379,0,2025-01-31,,,,,,,observed_and_adjusted,demand_points.csv,Demand uses period-specific individual/tent/vehicle multipliers.
demand_22ND_ST_K_ST,demand,22ND_ST_K_ST,22ND_ST_K_ST,Outside Perimeter,32.7078447,-117.1444354,0,2025-01-31,,,,,,,observed_and_adjusted,demand_points.csv,Demand uses period-specific individual/tent/vehicle multipliers.
demand_22ND_ST_L_ST,demand,22ND_ST_L_ST,22ND_ST_L_ST,Outside Perimeter,32.7067979,-117.1444237,0,2025-01-31,,,,,,,observed_and_adjusted,demand_points.csv,Demand uses period-specific individual/tent/vehicle multipliers.
demand_22ND_ST_MARKET_ST,demand,22ND_ST_MARKET_ST,22ND_ST_MARKET_ST,Outside Perimeter,32.7110048,-117.1444428,0,2025-01-31,,,,,,,observed_and_adjusted,demand_points.csv,Demand uses period-specific individual/tent/vehicle multipliers.
demand_22ND_ST_SR-94_EB_ON_RA,demand,22ND_ST_SR-94_EB_ON_RA,22ND_ST_SR-94_EB_ON_RA,Outside Perimeter,32.7125135,-117.1461263,13.25,2025-01-31,,,,,,,observed_and_adjusted,demand_points.csv,Demand uses period-specific individual/tent/vehicle multipliers.
demand_23RD_ST_A_ST,demand,23RD_ST_A_ST,23RD_ST_A_ST,Outside Perimeter,32.7184017,-117.1436063,0,2025-01-31,,,,,,,observed_and_adjusted,demand_points.csv,Demand uses period-specific individual/tent/vehicle multipliers.
demand_23RD_ST_BROADWAY,demand,23RD_ST_BROADWAY,23RD_ST_BROADWAY,Outside Perimeter,32.7152689,-117.1435962,0,2025-01-31,,,,,,,observed_and_adjusted,demand_points.csv,Demand uses period-specific individual/tent/vehicle multipliers.
demand_23RD_ST_B_ST,demand,23RD_ST_B_ST,23RD_ST_B_ST,Outside Perimeter,32.7173586,-117.143609,0,2025-01-31,,,,,,,observed_and_adjusted,demand_points.csv,Demand uses period-specific individual/tent/vehicle multipliers.
demand_23RD_ST_C_ST,demand,23RD_ST_C_ST,23RD_ST_C_ST,Outside Perimeter,32.7163112,-117.1435955,0,2025-01-31,,,,,,,observed_and_adjusted,demand_points.csv,Demand uses period-specific individual/tent/vehicle multipliers.
demand_23RD_ST_E_ST,demand,23RD_ST_E_ST,23RD_ST_E_ST,Outside Perimeter,32.7142204,-117.1435701,0,2025-01-31,,,,,,,observed_and_adjusted,demand_points.csv,Demand uses period-specific individual/tent/vehicle multipliers.
demand_24TH_ST_A_ST,demand,24TH_ST_A_ST,24TH_ST_A_ST,Outside Perimeter,32.7184077,-117.1428447,0,2025-01-31,,,,,,,observed_and_adjusted,demand_points.csv,Demand uses period-specific individual/tent/vehicle multipliers.
demand_24TH_ST_BROADWAY,demand,24TH_ST_BROADWAY,24TH_ST_BROADWAY,Outside Perimeter,32.7152716,-117.1428252,0,2025-01-31,,,,,,,observed_and_adjusted,demand_points.csv,Demand uses period-specific individual/tent/vehicle multipliers.
demand_24TH_ST_B_ST,demand,24TH_ST_B_ST,24TH_ST_B_ST,Outside Perimeter,32.7173536,-117.142808,0,2025-01-31,,,,,,,observed_and_adjusted,demand_points.csv,Demand uses period-specific individual/tent/vehicle multipliers.
demand_24TH_ST_C_ST,demand,24TH_ST_C_ST,24TH_ST_C_ST,Outside Perimeter,32.7163136,-117.1428216,0,2025-01-31,,,,,,,observed_and_adjusted,demand_points.csv,Demand uses period-specific individual/tent/vehicle multipliers.
demand_24TH_ST_E_ST,demand,24TH_ST_E_ST,24TH_ST_E_ST,Outside Perimeter,32.7142245,-117.1428047,0,2025-01-31,,,,,,,observed_and_adjusted,demand_points.csv,Demand uses period-specific individual/tent/vehicle multipliers.
demand_24TH_ST_G_ST,demand,24TH_ST_G_ST,24TH_ST_G_ST,Outside Perimeter,32.7121115,-117.143221,0,2025-01-31,,,,,,,observed_and_adjusted,demand_points.csv,Demand uses period-specific individual/tent/vehicle multipliers.
demand_24TH_ST_ISLAND_AV,demand,24TH_ST_ISLAND_AV,24TH_ST_ISLAND_AV,Outside Perimeter,32.7094203,-117.1432088,0,2025-01-31,,,,,,,observed_and_adjusted,demand_points.csv,Demand uses period-specific individual/tent/vehicle multipliers.
demand_24TH_ST_K_ST,demand,24TH_ST_K_ST,24TH_ST_K_ST,Outside Perimeter,32.7078535,-117.143186,0,2025-01-31,,,,,,,observed_and_adjusted,demand_points.csv,Demand uses period-specific individual/tent/vehicle multipliers.
demand_24TH_ST_L_ST,demand,24TH_ST_L_ST,24TH_ST_L_ST,Outside Perimeter,32.7067995,-117.1431857,0,2025-01-31,,,,,,,observed_and_adjusted,demand_points.csv,Demand uses period-specific individual/tent/vehicle multipliers.
demand_24TH_ST_MARKET_ST,demand,24TH_ST_MARKET_ST,24TH_ST_MARKET_ST,Outside Perimeter,32.7110029,-117.1432164,0,2025-01-31,,,,,,,observed_and_adjusted,demand_points.csv,Demand uses period-specific individual/tent/vehicle multipliers.
demand_25TH_ST_A_ST,demand,25TH_ST_A_ST,25TH_ST_A_ST,Outside Perimeter,32.7184121,-117.1413938,0,2025-01-31,,,,,,,observed_and_adjusted,demand_points.csv,Demand uses period-specific individual/tent/vehicle multipliers.
demand_25TH_ST_BROADWAY,demand,25TH_ST_BROADWAY,25TH_ST_BROADWAY,Outside Perimeter,32.7152792,-117.1413767,0,2025-01-31,,,,,,,observed_and_adjusted,demand_points.csv,Demand uses period-specific individual/tent/vehicle multipliers.
demand_25TH_ST_B_ST,demand,25TH_ST_B_ST,25TH_ST_B_ST,Outside Perimeter,32.7173685,-117.1413911,0,2025-01-31,,,,,,,observed_and_adjusted,demand_points.csv,Demand uses period-specific individual/tent/vehicle multipliers.
demand_25TH_ST_C_ST,demand,25TH_ST_C_ST,25TH_ST_C_ST,Outside Perimeter,32.7163238,-117.1413835,0,2025-01-31,,,,,,,observed_and_adjusted,demand_points.csv,Demand uses period-specific individual/tent/vehicle multipliers.
demand_25TH_ST_E_ST,demand,25TH_ST_E_ST,25TH_ST_E_ST,Outside Perimeter,32.7142315,-117.14136,0,2025-01-31,,,,,,,observed_and_adjusted,demand_points.csv,Demand uses period-specific individual/tent/vehicle multipliers.
demand_25TH_ST_G_ST,demand,25TH_ST_G_ST,25TH_ST_G_ST,Outside Perimeter,32.7121302,-117.1413559,0,2025-01-31,,,,,,,observed_and_adjusted,demand_points.csv,Demand uses period-specific individual/tent/vehicle multipliers.
demand_25TH_ST_ISLAND_AV,demand,25TH_ST_ISLAND_AV,25TH_ST_ISLAND_AV,Outside Perimeter,32.7099983,-117.1413337,0,2025-01-31,,,,,,,observed_and_adjusted,demand_points.csv,Demand uses period-specific individual/tent/vehicle multipliers.
demand_25TH_ST_J_ST,demand,25TH_ST_J_ST,25TH_ST_J_ST,Outside Perimeter,32.7089464,-117.1413245,0,2025-01-31,,,,,,,observed_and_adjusted,demand_points.csv,Demand uses period-specific individual/tent/vehicle multipliers.
demand_25TH_ST_K_ST,demand,25TH_ST_K_ST,25TH_ST_K_ST,Outside Perimeter,32.7078924,-117.1413004,0,2025-01-31,,,,,,,observed_and_adjusted,demand_points.csv,Demand uses period-specific individual/tent/vehicle multipliers.
demand_25TH_ST_L_ST,demand,25TH_ST_L_ST,25TH_ST_L_ST,Outside Perimeter,32.7068596,-117.141315,0,2025-01-31,,,,,,,observed_and_adjusted,demand_points.csv,Demand uses period-specific individual/tent/vehicle multipliers.
demand_25TH_ST_MARKET_ST,demand,25TH_ST_MARKET_ST,25TH_ST_MARKET_ST,Outside Perimeter,32.7110545,-117.1413415,0,2025-01-31,,,,,,,observed_and_adjusted,demand_points.csv,Demand uses period-specific individual/tent/vehicle multipliers.
demand_25TH_ST_RUSS_BL,demand,25TH_ST_RUSS_BL,25TH_ST_RUSS_BL,Outside Perimeter,32.7191888,-117.1413996,0,2025-01-31,,,,,,,observed_and_adjusted,demand_points.csv,Demand uses period-specific individual/tent/vehicle multipliers.
demand_25TH_ST_SR-94_EB,demand,25TH_ST_SR-94_EB,25TH_ST_SR-94_EB,Outside Perimeter,32.7128513,-117.1421398,0,2025-01-31,,,,,,,observed_and_adjusted,demand_points.csv,Demand uses period-specific individual/tent/vehicle multipliers.
demand_25TH_ST_SR-94_WB,demand,25TH_ST_SR-94_WB,25TH_ST_SR-94_WB,Outside Perimeter,32.713132,-117.1419995,0,2025-01-31,,,,,,,observed_and_adjusted,demand_points.csv,Demand uses period-specific individual/tent/vehicle multipliers.
demand_26TH_ST_A_ST,demand,26TH_ST_A_ST,26TH_ST_A_ST,Outside Perimeter,32.7184275,-117.1392537,0,2025-01-31,,,,,,,observed_and_adjusted,demand_points.csv,Demand uses period-specific individual/tent/vehicle multipliers.
demand_26TH_ST_BROADWAY,demand,26TH_ST_BROADWAY,26TH_ST_BROADWAY,Outside Perimeter,32.7152924,-117.1392374,0,2025-01-31,,,,,,,observed_and_adjusted,demand_points.csv,Demand uses period-specific individual/tent/vehicle multipliers.
demand_26TH_ST_B_ST,demand,26TH_ST_B_ST,26TH_ST_B_ST,Outside Perimeter,32.7173841,-117.1392518,0,2025-01-31,,,,,,,observed_and_adjusted,demand_points.csv,Demand uses period-specific individual/tent/vehicle multipliers.
demand_26TH_ST_C_ST,demand,26TH_ST_C_ST,26TH_ST_C_ST,Outside Perimeter,32.7163365,-117.1392365,0,2025-01-31,,,,,,,observed_and_adjusted,demand_points.csv,Demand uses period-specific individual/tent/vehicle multipliers.
demand_26TH_ST_E_ST,demand,26TH_ST_E_ST,26TH_ST_E_ST,Outside Perimeter,32.7142467,-117.139224,0,2025-01-31,,,,,,,observed_and_adjusted,demand_points.csv,Demand uses period-specific individual/tent/vehicle multipliers.
demand_26TH_ST_RUSS_BL,demand,26TH_ST_RUSS_BL,26TH_ST_RUSS_BL,Outside Perimeter,32.7192067,-117.1392609,0,2025-01-31,,,,,,,observed_and_adjusted,demand_points.csv,Demand uses period-specific individual/tent/vehicle multipliers.
demand_27TH_ST_A_ST,demand,27TH_ST_A_ST,27TH_ST_A_ST,Outside Perimeter,32.7184356,-117.1371302,0,2025-01-31,,,,,,,observed_and_adjusted,demand_points.csv,Demand uses period-specific individual/tent/vehicle multipliers.
demand_27TH_ST_BROADWAY,demand,27TH_ST_BROADWAY,27TH_ST_BROADWAY,Outside Perimeter,32.7152998,-117.1371187,0,2025-01-31,,,,,,,observed_and_adjusted,demand_points.csv,Demand uses period-specific individual/tent/vehicle multipliers.
demand_27TH_ST_B_ST,demand,27TH_ST_B_ST,27TH_ST_B_ST,Outside Perimeter,32.7173875,-117.1371217,0,2025-01-31,,,,,,,observed_and_adjusted,demand_points.csv,Demand uses period-specific individual/tent/vehicle multipliers.
demand_27TH_ST_C_ST,demand,27TH_ST_C_ST,27TH_ST_C_ST,Outside Perimeter,32.7163436,-117.1371181,0,2025-01-31,,,,,,,observed_and_adjusted,demand_points.csv,Demand uses period-specific individual/tent/vehicle multipliers.
demand_27TH_ST_E_ST,demand,27TH_ST_E_ST,27TH_ST_E_ST,Outside Perimeter,32.7142269,-117.1370976,0,2025-01-31,,,,,,,observed_and_adjusted,demand_points.csv,Demand uses period-specific individual/tent/vehicle multipliers.
demand_27TH_ST_RUSS_BL,demand,27TH_ST_RUSS_BL,27TH_ST_RUSS_BL,Outside Perimeter,32.7192057,-117.1371398,0,2025-01-31,,,,,,,observed_and_adjusted,demand_points.csv,Demand uses period-specific individual/tent/vehicle multipliers.
demand_28TH_ST_A_ST,demand,28TH_ST_A_ST,28TH_ST_A_ST,Outside Perimeter,32.7184471,-117.1349655,0,2025-01-31,,,,,,,observed_and_adjusted,demand_points.csv,Demand uses period-specific individual/tent/vehicle multipliers.
demand_28TH_ST_BROADWAY,demand,28TH_ST_BROADWAY,28TH_ST_BROADWAY,Outside Perimeter,32.7154434,-117.1349019,0,2025-01-31,,,,,,,observed_and_adjusted,demand_points.csv,Demand uses period-specific individual/tent/vehicle multipliers.
demand_28TH_ST_B_ST,demand,28TH_ST_B_ST,28TH_ST_B_ST,Outside Perimeter,32.7173994,-117.1349323,0,2025-01-31,,,,,,,observed_and_adjusted,demand_points.csv,Demand uses period-specific individual/tent/vehicle multipliers.
demand_28TH_ST_C_ST,demand,28TH_ST_C_ST,28TH_ST_C_ST,Outside Perimeter,32.7163562,-117.1349234,0,2025-01-31,,,,,,,observed_and_adjusted,demand_points.csv,Demand uses period-specific individual/tent/vehicle multipliers.
demand_28TH_ST_E_ST,demand,28TH_ST_E_ST,28TH_ST_E_ST,Outside Perimeter,32.714698,-117.1349129,0,2025-01-31,,,,,,,observed_and_adjusted,demand_points.csv,Demand uses period-specific individual/tent/vehicle multipliers.
demand_28TH_ST_RUSS_BL,demand,28TH_ST_RUSS_BL,28TH_ST_RUSS_BL,Outside Perimeter,32.7192082,-117.134985,0,2025-01-31,,,,,,,observed_and_adjusted,demand_points.csv,Demand uses period-specific individual/tent/vehicle multipliers.
demand_28TH_ST_TREAT_ST,demand,28TH_ST_TREAT_ST,28TH_ST_TREAT_ST,Outside Perimeter,32.7138216,-117.1349019,0,2025-01-31,,,,,,,observed_and_adjusted,demand_points.csv,Demand uses period-specific individual/tent/vehicle multipliers.
demand_BEARDSLEY_ST_LOGAN_AV,demand,BEARDSLEY_ST_LOGAN_AV,BEARDSLEY_ST_LOGAN_AV,Outside Perimeter,32.7027984,-117.1471732,0,2025-01-31,,,,,,,observed_and_adjusted,demand_points.csv,Demand uses period-specific individual/tent/vehicle multipliers.
demand_BEARDSLEY_ST_MAIN_ST,demand,BEARDSLEY_ST_MAIN_ST,BEARDSLEY_ST_MAIN_ST,Outside Perimeter,32.7003924,-117.1495408,0,2025-01-31,,,,,,,observed_and_adjusted,demand_points.csv,Demand uses period-specific individual/tent/vehicle multipliers.
demand_BEARDSLEY_ST_NATIONAL_AV,demand,BEARDSLEY_ST_NATIONAL_AV,BEARDSLEY_ST_NATIONAL_AV,Outside Perimeter,32.7019938,-117.1479629,0,2025-01-31,,,,,,,observed_and_adjusted,demand_points.csv,Demand uses period-specific individual/tent/vehicle multipliers.
demand_BEARDSLEY_ST_NEWTON_AV,demand,BEARDSLEY_ST_NEWTON_AV,BEARDSLEY_ST_NEWTON_AV,Outside Perimeter,32.7011838,-117.148737,0,2025-01-31,,,,,,,observed_and_adjusted,demand_points.csv,Demand uses period-specific individual/tent/vehicle multipliers.
demand_CALIFORNIA_ST_W_ASH_ST,demand,CALIFORNIA_ST_W_ASH_ST,CALIFORNIA_ST_W_ASH_ST,Columbia,32.7177515,-117.1705567,1,2025-01-31,,,,,,,observed_and_adjusted,demand_points.csv,Demand uses period-specific individual/tent/vehicle multipliers.
demand_CALIFORNIA_ST_W_BROADWAY,demand,CALIFORNIA_ST_W_BROADWAY,CALIFORNIA_ST_W_BROADWAY,Columbia,32.715156,-117.1705741,0,2025-01-31,,,,,,,observed_and_adjusted,demand_points.csv,Demand uses period-specific individual/tent/vehicle multipliers.
demand_CESAR_E_CHAVEZ_PY_CROSBY_RD,demand,CESAR_E_CHAVEZ_PY_CROSBY_RD,CESAR_E_CHAVEZ_PY_CROSBY_RD,Outside Perimeter,32.6968752,-117.1502346,0,2025-01-31,,,,,,,observed_and_adjusted,demand_points.csv,Demand uses period-specific individual/tent/vehicle multipliers.
demand_CESAR_E_CHAVEZ_PY_HARBOR_DR,demand,CESAR_E_CHAVEZ_PY_HARBOR_DR,CESAR_E_CHAVEZ_PY_HARBOR_DR,Outside Perimeter,32.6986333,-117.1499601,0,2025-01-31,,,,,,,observed_and_adjusted,demand_points.csv,Demand uses period-specific individual/tent/vehicle multipliers.
demand_CESAR_E_CHAVEZ_PY_I-5_SB,demand,CESAR_E_CHAVEZ_PY_I-5_SB,CESAR_E_CHAVEZ_PY_I-5_SB,Outside Perimeter,32.7035033,-117.1465217,0,2025-01-31,,,,,,,observed_and_adjusted,demand_points.csv,Demand uses period-specific individual/tent/vehicle multipliers.
demand_CESAR_E_CHAVEZ_PY_LOGAN_AV,demand,CESAR_E_CHAVEZ_PY_LOGAN_AV,CESAR_E_CHAVEZ_PY_LOGAN_AV,Outside Perimeter,32.7016458,-117.1455189,0,2025-01-31,,,,,,,observed_and_adjusted,demand_points.csv,Demand uses period-specific individual/tent/vehicle multipliers.
demand_CESAR_E_CHAVEZ_PY_MAIN_ST,demand,CESAR_E_CHAVEZ_PY_MAIN_ST,CESAR_E_CHAVEZ_PY_MAIN_ST,Outside Perimeter,32.6992415,-117.1478554,0,2025-01-31,,,,,,,observed_and_adjusted,demand_points.csv,Demand uses period-specific individual/tent/vehicle multipliers.
demand_CESAR_E_CHAVEZ_PY_NATIONAL_AV,demand,CESAR_E_CHAVEZ_PY_NATIONAL_AV,CESAR_E_CHAVEZ_PY_NATIONAL_AV,Outside Perimeter,32.7008405,-117.1462929,0,2025-01-31,,,,,,,observed_and_adjusted,demand_points.csv,Demand uses period-specific individual/tent/vehicle multipliers.
demand_CESAR_E_CHAVEZ_PY_NEWTON_AV,demand,CESAR_E_CHAVEZ_PY_NEWTON_AV,CESAR_E_CHAVEZ_PY_NEWTON_AV,Outside Perimeter,32.7000337,-117.1470844,0,2025-01-31,,,,,,,observed_and_adjusted,demand_points.csv,Demand uses period-specific individual/tent/vehicle multipliers.
demand_COLUMBIA_ST_W_ASH_ST,demand,COLUMBIA_ST_W_ASH_ST,COLUMBIA_ST_W_ASH_ST,Columbia,32.7193473,-117.1678351,2,2025-01-31,,,,,,,observed_and_adjusted,demand_points.csv,Demand uses period-specific individual/tent/vehicle multipliers.
demand_COLUMBIA_ST_W_A_ST,demand,COLUMBIA_ST_W_A_ST,COLUMBIA_ST_W_A_ST,Columbia,32.7182872,-117.1678202,1,2025-01-31,,,,,,,observed_and_adjusted,demand_points.csv,Demand uses period-specific individual/tent/vehicle multipliers.
demand_COLUMBIA_ST_W_B_ST,demand,COLUMBIA_ST_W_B_ST,COLUMBIA_ST_W_B_ST,Columbia,32.7172386,-117.167824,3,2025-01-31,,,,,,,observed_and_adjusted,demand_points.csv,Demand uses period-specific individual/tent/vehicle multipliers.
demand_COLUMBIA_ST_W_C_ST,demand,COLUMBIA_ST_W_C_ST,COLUMBIA_ST_W_C_ST,Columbia,32.7162135,-117.1678207,2,2025-01-31,,,,,,,observed_and_adjusted,demand_points.csv,Demand uses period-specific individual/tent/vehicle multipliers.
demand_COLUMBIA_ST_W_G_ST,demand,COLUMBIA_ST_W_G_ST,COLUMBIA_ST_W_G_ST,Marina,32.7119064,-117.1682576,1,2025-01-31,,,,,,,observed_and_adjusted,demand_points.csv,Demand uses period-specific individual/tent/vehicle multipliers.
demand_DEWEY_ST_NATIONAL_AV,demand,DEWEY_ST_NATIONAL_AV,DEWEY_ST_NATIONAL_AV,Outside Perimeter,32.6996946,-117.1446388,0,2025-01-31,,,,,,,observed_and_adjusted,demand_points.csv,Demand uses period-specific individual/tent/vehicle multipliers.
demand_FRONT_ST_W_ASH_ST,demand,FRONT_ST_W_ASH_ST,FRONT_ST_W_ASH_ST,Cortez,32.7193522,-117.1651687,1,2025-01-31,,,,,,,observed_and_adjusted,demand_points.csv,Demand uses period-specific individual/tent/vehicle multipliers.
demand_FRONT_ST_W_A_ST,demand,FRONT_ST_W_A_ST,FRONT_ST_W_A_ST,City Center,32.7182965,-117.165161,1,2025-01-31,,,,,,,observed_and_adjusted,demand_points.csv,Demand uses period-specific individual/tent/vehicle multipliers.
demand_FRONT_ST_W_BROADWAY,demand,FRONT_ST_W_BROADWAY,FRONT_ST_W_BROADWAY,City Center,32.7151745,-117.1651688,0,2025-01-31,,,,,,,observed_and_adjusted,demand_points.csv,Demand uses period-specific individual/tent/vehicle multipliers.
demand_FRONT_ST_W_B_ST,demand,FRONT_ST_W_B_ST,FRONT_ST_W_B_ST,City Center,32.7172606,-117.1651867,0,2025-01-31,,,,,,,observed_and_adjusted,demand_points.csv,Demand uses period-specific individual/tent/vehicle multipliers.
demand_FRONT_ST_W_C_ST,demand,FRONT_ST_W_C_ST,FRONT_ST_W_C_ST,City Center,32.7162289,-117.1651725,0,2025-01-31,,,,,,,observed_and_adjusted,demand_points.csv,Demand uses period-specific individual/tent/vehicle multipliers.
demand_FRONT_ST_W_E_ST,demand,FRONT_ST_W_E_ST,FRONT_ST_W_E_ST,City Center,32.7140973,-117.1651413,0,2025-01-31,,,,,,,observed_and_adjusted,demand_points.csv,Demand uses period-specific individual/tent/vehicle multipliers.
demand_FRONT_ST_W_F_ST,demand,FRONT_ST_W_F_ST,FRONT_ST_W_F_ST,Marina,32.713051,-117.1651209,1,2025-01-31,,,,,,,observed_and_adjusted,demand_points.csv,Demand uses period-specific individual/tent/vehicle multipliers.
demand_FRONT_ST_W_G_ST,demand,FRONT_ST_W_G_ST,FRONT_ST_W_G_ST,Marina,32.7120098,-117.1651522,0,2025-01-31,,,,,,,observed_and_adjusted,demand_points.csv,Demand uses period-specific individual/tent/vehicle multipliers.
demand_FRONT_ST_W_MARKET_ST,demand,FRONT_ST_W_MARKET_ST,FRONT_ST_W_MARKET_ST,Marina,32.7106324,-117.1662764,1,2025-01-31,,,,,,,observed_and_adjusted,demand_points.csv,Demand uses period-specific individual/tent/vehicle multipliers.
demand_FRONT_ST_W_MARKET_ST__2,demand,FRONT_ST_W_MARKET_ST__2,FRONT_ST_W_MARKET_ST__2,Marina,32.7109428,-117.1651491,0,2025-01-31,,,,,,,observed_and_adjusted,demand_points.csv,Demand uses period-specific individual/tent/vehicle multipliers.
demand_I-5_SB_IMPERIAL_AV,demand,I-5_SB_IMPERIAL_AV,I-5_SB_IMPERIAL_AV,East Village,32.7057081,-117.1479977,0,2025-01-31,,,,,,,observed_and_adjusted,demand_points.csv,Demand uses period-specific individual/tent/vehicle multipliers.
demand_I-5_SB_ISLAND_AV,demand,I-5_SB_ISLAND_AV,I-5_SB_ISLAND_AV,East Village,32.7099349,-117.1481553,0,2025-01-31,,,,,,,observed_and_adjusted,demand_points.csv,Demand uses period-specific individual/tent/vehicle multipliers.
demand_I-5_SB_MARKET_ST,demand,I-5_SB_MARKET_ST,I-5_SB_MARKET_ST,East Village,32.7109953,-117.1481409,0,2025-01-31,,,,,,,observed_and_adjusted,demand_points.csv,Demand uses period-specific individual/tent/vehicle multipliers.
demand_I-5_SB_OFF_RA_J_ST,demand,I-5_SB_OFF_RA_J_ST,I-5_SB_OFF_RA_J_ST,East Village,32.7089424,-117.1481715,31.25,2025-01-31,,,,,,,observed_and_adjusted,demand_points.csv,Demand uses period-specific individual/tent/vehicle multipliers.
demand_I-5_SB_OFF_RA_Map_Border,demand,I-5_SB_OFF_RA_Map_Border,I-5_SB_OFF_RA_Map_Border,East Village,32.7080044,-117.1484631,15.75,2025-01-31,,,,,,,observed_and_adjusted,demand_points.csv,Demand uses period-specific individual/tent/vehicle multipliers.
demand_I-5_SB_ON_RA_BROADWAY,demand,I-5_SB_ON_RA_BROADWAY,I-5_SB_ON_RA_BROADWAY,East Village,32.7148705,-117.1481113,0,2025-01-31,,,,,,,observed_and_adjusted,demand_points.csv,Demand uses period-specific individual/tent/vehicle multipliers.
demand_I-5_SB_ON_RA_C_ST,demand,I-5_SB_ON_RA_C_ST,I-5_SB_ON_RA_C_ST,East Village,32.7162533,-117.1483469,21,2025-01-31,,,,,,,observed_and_adjusted,demand_points.csv,Demand uses period-specific individual/tent/vehicle multipliers.
demand_I-5_SB_ON_RA_E_ST,demand,I-5_SB_ON_RA_E_ST,I-5_SB_ON_RA_E_ST,East Village,32.7141444,-117.1484371,3.5,2025-01-31,,,,,,,observed_and_adjusted,demand_points.csv,Demand uses period-specific individual/tent/vehicle multipliers.
demand_I-5_SB_ON_RA_F_ST,demand,I-5_SB_ON_RA_F_ST,I-5_SB_ON_RA_F_ST,East Village,32.7131625,-117.1482564,1,2025-01-31,,,,,,,observed_and_adjusted,demand_points.csv,Demand uses period-specific individual/tent/vehicle multipliers.
demand_I-5_SB_ON_RA_G_ST,demand,I-5_SB_ON_RA_G_ST,I-5_SB_ON_RA_G_ST,East Village,32.7120816,-117.1481739,1,2025-01-31,,,,,,,observed_and_adjusted,demand_points.csv,Demand uses period-specific individual/tent/vehicle multipliers.
demand_I-5_SB_ON_RA_Map_Border,demand,I-5_SB_ON_RA_Map_Border,I-5_SB_ON_RA_Map_Border,East Village,32.706935,-117.148167,9.5,2025-01-31,,,,,,,observed_and_adjusted,demand_points.csv,Demand uses period-specific individual/tent/vehicle multipliers.
demand_INDIA_ST_W_ASH_ST,demand,INDIA_ST_W_ASH_ST,INDIA_ST_W_ASH_ST,Columbia,32.7193441,-117.1687367,1,2025-01-31,,,,,,,observed_and_adjusted,demand_points.csv,Demand uses period-specific individual/tent/vehicle multipliers.
demand_INDIA_ST_W_A_ST,demand,INDIA_ST_W_A_ST,INDIA_ST_W_A_ST,Columbia,32.7182884,-117.1687155,1.75,2025-01-31,,,,,,,observed_and_adjusted,demand_points.csv,Demand uses period-specific individual/tent/vehicle multipliers.
demand_INDIA_ST_W_B_ST,demand,INDIA_ST_W_B_ST,INDIA_ST_W_B_ST,Columbia,32.7167409,-117.1687224,5,2025-01-31,,,,,,,observed_and_adjusted,demand_points.csv,Demand uses period-specific individual/tent/vehicle multipliers.
demand_KETTNER_BL_W_ASH_ST,demand,KETTNER_BL_W_ASH_ST,KETTNER_BL_W_ASH_ST,Columbia,32.7193394,-117.169622,0,2025-01-31,,,,,,,observed_and_adjusted,demand_points.csv,Demand uses period-specific individual/tent/vehicle multipliers.
demand_KETTNER_BL_W_A_ST,demand,KETTNER_BL_W_A_ST,KETTNER_BL_W_A_ST,Columbia,32.7172597,-117.1696087,5,2025-01-31,,,,,,,observed_and_adjusted,demand_points.csv,Demand uses period-specific individual/tent/vehicle multipliers.
demand_KETTNER_BL_W_BROADWAY,demand,KETTNER_BL_W_BROADWAY,KETTNER_BL_W_BROADWAY,Columbia,32.7151597,-117.169627,0,2025-01-31,,,,,,,observed_and_adjusted,demand_points.csv,Demand uses period-specific individual/tent/vehicle multipliers.
demand_KETTNER_BL_W_E_ST,demand,KETTNER_BL_W_E_ST,KETTNER_BL_W_E_ST,Marina,32.7140949,-117.1701433,0,2025-01-31,,,,,,,observed_and_adjusted,demand_points.csv,Demand uses period-specific individual/tent/vehicle multipliers.
demand_KETTNER_BL_W_F_ST,demand,KETTNER_BL_W_F_ST,KETTNER_BL_W_F_ST,Marina,32.7130513,-117.1701177,0,2025-01-31,,,,,,,observed_and_adjusted,demand_points.csv,Demand uses period-specific individual/tent/vehicle multipliers.
demand_KETTNER_BL_W_G_ST,demand,KETTNER_BL_W_G_ST,KETTNER_BL_W_G_ST,Marina,32.7120006,-117.1701176,4,2025-01-31,,,,,,,observed_and_adjusted,demand_points.csv,Demand uses period-specific individual/tent/vehicle multipliers.
demand_Map_Border_BAY_FRONT_ST,demand,Map_Border_BAY_FRONT_ST,Map_Border_BAY_FRONT_ST,Outside Perimeter,32.6960745,-117.1484226,0,2025-01-31,,,,,,,observed_and_adjusted,demand_points.csv,Demand uses period-specific individual/tent/vehicle multipliers.
demand_Map_Border_BROADWAY,demand,Map_Border_BROADWAY,Map_Border_BROADWAY,City Center,32.7152117,-117.1624423,2,2025-01-31,,,,,,,observed_and_adjusted,demand_points.csv,Demand uses period-specific individual/tent/vehicle multipliers.
demand_Map_Border_HARBOR_DR,demand,Map_Border_HARBOR_DR,Map_Border_HARBOR_DR,Outside Perimeter,32.6961166,-117.1456167,0,2025-01-31,,,,,,,observed_and_adjusted,demand_points.csv,Demand uses period-specific individual/tent/vehicle multipliers.
demand_Map_Border_IMPERIAL_AV,demand,Map_Border_IMPERIAL_AV,Map_Border_IMPERIAL_AV,East Village,32.7058874,-117.1556292,0,2025-01-31,,,,,,,observed_and_adjusted,demand_points.csv,Demand uses period-specific individual/tent/vehicle multipliers.
demand_Map_Border_Map_Border,demand,Map_Border_Map_Border,Map_Border_Map_Border,Outside Perimeter,32.7015111,-117.1511516,0,2025-01-31,,,,,,,observed_and_adjusted,demand_points.csv,Demand uses period-specific individual/tent/vehicle multipliers.
demand_Map_Border_NATIONAL_AV,demand,Map_Border_NATIONAL_AV,Map_Border_NATIONAL_AV,East Village,32.7055029,-117.1524081,4.75,2025-01-31,,,,,,,observed_and_adjusted,demand_points.csv,Demand uses period-specific individual/tent/vehicle multipliers.
demand_NATIONAL_AV_IMPERIAL_AV,demand,NATIONAL_AV_IMPERIAL_AV,NATIONAL_AV_IMPERIAL_AV,East Village,32.7057792,-117.1537259,0,2025-01-31,,,,,,,observed_and_adjusted,demand_points.csv,Demand uses period-specific individual/tent/vehicle multipliers.
demand_NEWTON_AV_Map_Border,demand,NEWTON_AV_Map_Border,NEWTON_AV_Map_Border,Outside Perimeter,32.7023431,-117.150364,0,2025-01-31,,,,,,,observed_and_adjusted,demand_points.csv,Demand uses period-specific individual/tent/vehicle multipliers.
demand_NEWTON_AV_PARK_BL,demand,NEWTON_AV_PARK_BL,NEWTON_AV_PARK_BL,Outside Perimeter,32.7039294,-117.1539584,0,2025-01-31,,,,,,,observed_and_adjusted,demand_points.csv,Demand uses period-specific individual/tent/vehicle multipliers.
demand_PARK_BL_A_ST,demand,PARK_BL_A_ST,PARK_BL_A_ST,City Center,32.7183468,-117.1542312,1,2025-01-31,,,,,,,observed_and_adjusted,demand_points.csv,Demand uses period-specific individual/tent/vehicle multipliers.
demand_PARK_BL_BROADWAY,demand,PARK_BL_BROADWAY,PARK_BL_BROADWAY,City Center,32.7152116,-117.1542276,1,2025-01-31,,,,,,,observed_and_adjusted,demand_points.csv,Demand uses period-specific individual/tent/vehicle multipliers.
demand_PARK_BL_B_ST,demand,PARK_BL_B_ST,PARK_BL_B_ST,City Center,32.7172888,-117.1542247,11.75,2025-01-31,,,,,,,observed_and_adjusted,demand_points.csv,Demand uses period-specific individual/tent/vehicle multipliers.
demand_PARK_BL_C_ST,demand,PARK_BL_C_ST,PARK_BL_C_ST,City Center,32.7162557,-117.1542651,16,2025-01-31,,,,,,,observed_and_adjusted,demand_points.csv,Demand uses period-specific individual/tent/vehicle multipliers.
demand_PARK_BL_E_ST,demand,PARK_BL_E_ST,PARK_BL_E_ST,East Village,32.7141746,-117.154232,4,2025-01-31,,,,,,,observed_and_adjusted,demand_points.csv,Demand uses period-specific individual/tent/vehicle multipliers.
demand_PARK_BL_F_ST,demand,PARK_BL_F_ST,PARK_BL_F_ST,East Village,32.7131312,-117.1542287,0,2025-01-31,,,,,,,observed_and_adjusted,demand_points.csv,Demand uses period-specific individual/tent/vehicle multipliers.
demand_PARK_BL_G_ST,demand,PARK_BL_G_ST,PARK_BL_G_ST,East Village,32.712061,-117.1541965,0,2025-01-31,,,,,,,observed_and_adjusted,demand_points.csv,Demand uses period-specific individual/tent/vehicle multipliers.
demand_PARK_BL_ISLAND_AV,demand,PARK_BL_ISLAND_AV,PARK_BL_ISLAND_AV,East Village,32.7099239,-117.1541784,0,2025-01-31,,,,,,,observed_and_adjusted,demand_points.csv,Demand uses period-specific individual/tent/vehicle multipliers.
demand_PARK_BL_J_ST,demand,PARK_BL_J_ST,PARK_BL_J_ST,East Village,32.7087234,-117.1540298,26.5,2025-01-31,,,,,,,observed_and_adjusted,demand_points.csv,Demand uses period-specific individual/tent/vehicle multipliers.
demand_PARK_BL_MARKET_ST,demand,PARK_BL_MARKET_ST,PARK_BL_MARKET_ST,East Village,32.7109863,-117.1541961,1,2025-01-31,,,,,,,observed_and_adjusted,demand_points.csv,Demand uses period-specific individual/tent/vehicle multipliers.
demand_PARK_BL_RUSS_BL,demand,PARK_BL_RUSS_BL,PARK_BL_RUSS_BL,City Center,32.7191273,-117.1542576,0,2025-01-31,,,,,,,observed_and_adjusted,demand_points.csv,Demand uses period-specific individual/tent/vehicle multipliers.
demand_SAMPSON_ST_I-5_SB,demand,SAMPSON_ST_I-5_SB,SAMPSON_ST_I-5_SB,Outside Perimeter,32.6988236,-117.1399161,0,2025-01-31,,,,,,,observed_and_adjusted,demand_points.csv,Demand uses period-specific individual/tent/vehicle multipliers.
demand_SAMPSON_ST_LOGAN_AV,demand,SAMPSON_ST_LOGAN_AV,SAMPSON_ST_LOGAN_AV,Outside Perimeter,32.6981952,-117.1405284,0,2025-01-31,,,,,,,observed_and_adjusted,demand_points.csv,Demand uses period-specific individual/tent/vehicle multipliers.
demand_SAMPSON_ST_MAIN_ST,demand,SAMPSON_ST_MAIN_ST,SAMPSON_ST_MAIN_ST,Outside Perimeter,32.6958054,-117.1429084,0,2025-01-31,,,,,,,observed_and_adjusted,demand_points.csv,Demand uses period-specific individual/tent/vehicle multipliers.
demand_SAMPSON_ST_NATIONAL_AV,demand,SAMPSON_ST_NATIONAL_AV,SAMPSON_ST_NATIONAL_AV,Outside Perimeter,32.6973907,-117.1413145,0,2025-01-31,,,,,,,observed_and_adjusted,demand_points.csv,Demand uses period-specific individual/tent/vehicle multipliers.
demand_SAMPSON_ST_NEWTON_AV,demand,SAMPSON_ST_NEWTON_AV,SAMPSON_ST_NEWTON_AV,Outside Perimeter,32.6965799,-117.1420955,0,2025-01-31,,,,,,,observed_and_adjusted,demand_points.csv,Demand uses period-specific individual/tent/vehicle multipliers.
demand_SIGSBEE_ST_LOGAN_AV,demand,SIGSBEE_ST_LOGAN_AV,SIGSBEE_ST_LOGAN_AV,Outside Perimeter,32.7039621,-117.1488413,0,2025-01-31,,,,,,,observed_and_adjusted,demand_points.csv,Demand uses period-specific individual/tent/vehicle multipliers.
demand_SIGSBEE_ST_NATIONAL_AV,demand,SIGSBEE_ST_NATIONAL_AV,SIGSBEE_ST_NATIONAL_AV,Outside Perimeter,32.7031432,-117.1496165,0,2025-01-31,,,,,,,observed_and_adjusted,demand_points.csv,Demand uses period-specific individual/tent/vehicle multipliers.
demand_SR-163_NB_ON_RA_ASH_ST,demand,SR-163_NB_ON_RA_ASH_ST,SR-163_NB_ON_RA_ASH_ST,Cortez,32.7193915,-117.1552592,2.75,2025-01-31,,,,,,,observed_and_adjusted,demand_points.csv,Demand uses period-specific individual/tent/vehicle multipliers.
demand_SR-75_NB_HARBOR_DR,demand,SR-75_NB_HARBOR_DR,SR-75_NB_HARBOR_DR,Outside Perimeter,32.6971758,-117.1471959,0,2025-01-31,,,,,,,observed_and_adjusted,demand_points.csv,Demand uses period-specific individual/tent/vehicle multipliers.
demand_SR-75_NB_MAIN_ST,demand,SR-75_NB_MAIN_ST,SR-75_NB_MAIN_ST,Outside Perimeter,32.698123,-117.1462473,0,2025-01-31,,,,,,,observed_and_adjusted,demand_points.csv,Demand uses period-specific individual/tent/vehicle multipliers.
demand_SR-75_NB_NEWTON_AV,demand,SR-75_NB_NEWTON_AV,SR-75_NB_NEWTON_AV,Outside Perimeter,32.6989139,-117.145457,0,2025-01-31,,,,,,,observed_and_adjusted,demand_points.csv,Demand uses period-specific individual/tent/vehicle multipliers.
demand_STATE_ST_Map_Border,demand,STATE_ST_Map_Border,STATE_ST_Map_Border,Marina,32.7135653,-117.1678267,2,2025-01-31,,,,,,,observed_and_adjusted,demand_points.csv,Demand uses period-specific individual/tent/vehicle multipliers.
demand_STATE_ST_W_ASH_ST,demand,STATE_ST_W_ASH_ST,STATE_ST_W_ASH_ST,Columbia,32.7193487,-117.1669349,0,2025-01-31,,,,,,,observed_and_adjusted,demand_points.csv,Demand uses period-specific individual/tent/vehicle multipliers.
demand_STATE_ST_W_A_ST,demand,STATE_ST_W_A_ST,STATE_ST_W_A_ST,Columbia,32.7182948,-117.1669419,0,2025-01-31,,,,,,,observed_and_adjusted,demand_points.csv,Demand uses period-specific individual/tent/vehicle multipliers.
demand_STATE_ST_W_BROADWAY,demand,STATE_ST_W_BROADWAY,STATE_ST_W_BROADWAY,Columbia,32.7151604,-117.1678381,1,2025-01-31,,,,,,,observed_and_adjusted,demand_points.csv,Demand uses period-specific individual/tent/vehicle multipliers.
demand_STATE_ST_W_B_ST,demand,STATE_ST_W_B_ST,STATE_ST_W_B_ST,Columbia,32.7172463,-117.1669394,2,2025-01-31,,,,,,,observed_and_adjusted,demand_points.csv,Demand uses period-specific individual/tent/vehicle multipliers.
demand_STATE_ST_W_C_ST,demand,STATE_ST_W_C_ST,STATE_ST_W_C_ST,Columbia,32.7162225,-117.1669388,3,2025-01-31,,,,,,,observed_and_adjusted,demand_points.csv,Demand uses period-specific individual/tent/vehicle multipliers.
demand_STATE_ST_W_G_ST,demand,STATE_ST_W_G_ST,STATE_ST_W_G_ST,Marina,32.7120126,-117.1669646,0,2025-01-31,,,,,,,observed_and_adjusted,demand_points.csv,Demand uses period-specific individual/tent/vehicle multipliers.
demand_S_16TH_ST_COMMERCIAL_ST,demand,S_16TH_ST_COMMERCIAL_ST,S_16TH_ST_COMMERCIAL_ST,Outside Perimeter,32.7048412,-117.1502989,10.56,2025-01-31,,,,,,,observed_and_adjusted,demand_points.csv,Demand uses period-specific individual/tent/vehicle multipliers.
demand_S_16TH_ST_NATIONAL_AV,demand,S_16TH_ST_NATIONAL_AV,S_16TH_ST_NATIONAL_AV,Outside Perimeter,32.7044166,-117.1514994,16,2025-01-31,,,,,,,observed_and_adjusted,demand_points.csv,Demand uses period-specific individual/tent/vehicle multipliers.
demand_S_17TH_ST_COMMERCIAL_ST,demand,S_17TH_ST_COMMERCIAL_ST,S_17TH_ST_COMMERCIAL_ST,Outside Perimeter,32.7049507,-117.1488823,1.75,2025-01-31,,,,,,,observed_and_adjusted,demand_points.csv,Demand uses period-specific individual/tent/vehicle multipliers.
demand_S_EVANS_ST_I-5_SB,demand,S_EVANS_ST_I-5_SB,S_EVANS_ST_I-5_SB,Outside Perimeter,32.7005212,-117.1423963,0,2025-01-31,,,,,,,observed_and_adjusted,demand_points.csv,Demand uses period-specific individual/tent/vehicle multipliers.
demand_S_EVANS_ST_LOGAN_AV,demand,S_EVANS_ST_LOGAN_AV,S_EVANS_ST_LOGAN_AV,Outside Perimeter,32.6999216,-117.1430314,0,2025-01-31,,,,,,,observed_and_adjusted,demand_points.csv,Demand uses period-specific individual/tent/vehicle multipliers.
demand_S_EVANS_ST_MAIN_ST,demand,S_EVANS_ST_MAIN_ST,S_EVANS_ST_MAIN_ST,Outside Perimeter,32.6969947,-117.1446167,0,2025-01-31,,,,,,,observed_and_adjusted,demand_points.csv,Demand uses period-specific individual/tent/vehicle multipliers.
demand_S_EVANS_ST_NATIONAL_AV,demand,S_EVANS_ST_NATIONAL_AV,S_EVANS_ST_NATIONAL_AV,Outside Perimeter,32.6985376,-117.1429736,0,2025-01-31,,,,,,,observed_and_adjusted,demand_points.csv,Demand uses period-specific individual/tent/vehicle multipliers.
demand_S_EVANS_ST_NEWTON_AV,demand,S_EVANS_ST_NEWTON_AV,S_EVANS_ST_NEWTON_AV,Outside Perimeter,32.697763,-117.1438153,0,2025-01-31,,,,,,,observed_and_adjusted,demand_points.csv,Demand uses period-specific individual/tent/vehicle multipliers.
demand_TONY_GWYNN_DR_K_ST,demand,TONY_GWYNN_DR_K_ST,TONY_GWYNN_DR_K_ST,East Village,32.7078133,-117.1587374,0,2025-01-31,,,,,,,observed_and_adjusted,demand_points.csv,Demand uses period-specific individual/tent/vehicle multipliers.
demand_TONY_GWYNN_DR_L_ST,demand,TONY_GWYNN_DR_L_ST,TONY_GWYNN_DR_L_ST,East Village,32.7061663,-117.1583317,0,2025-01-31,,,,,,,observed_and_adjusted,demand_points.csv,Demand uses period-specific individual/tent/vehicle multipliers.
demand_UNION_ST_W_ASH_ST,demand,UNION_ST_W_ASH_ST,UNION_ST_W_ASH_ST,Columbia,32.7193532,-117.1660488,6.5,2025-01-31,,,,,,,observed_and_adjusted,demand_points.csv,Demand uses period-specific individual/tent/vehicle multipliers.
demand_UNION_ST_W_A_ST,demand,UNION_ST_W_A_ST,UNION_ST_W_A_ST,Columbia,32.7182992,-117.1660611,1,2025-01-31,,,,,,,observed_and_adjusted,demand_points.csv,Demand uses period-specific individual/tent/vehicle multipliers.
demand_UNION_ST_W_BROADWAY,demand,UNION_ST_W_BROADWAY,UNION_ST_W_BROADWAY,Columbia,32.715158,-117.1660291,0,2025-01-31,,,,,,,observed_and_adjusted,demand_points.csv,Demand uses period-specific individual/tent/vehicle multipliers.
demand_UNION_ST_W_B_ST,demand,UNION_ST_W_B_ST,UNION_ST_W_B_ST,Columbia,32.7172451,-117.1660315,1,2025-01-31,,,,,,,observed_and_adjusted,demand_points.csv,Demand uses period-specific individual/tent/vehicle multipliers.
demand_UNION_ST_W_C_ST,demand,UNION_ST_W_C_ST,UNION_ST_W_C_ST,Columbia,32.7162224,-117.1660445,0,2025-01-31,,,,,,,observed_and_adjusted,demand_points.csv,Demand uses period-specific individual/tent/vehicle multipliers.
demand_UNION_ST_W_E_ST,demand,UNION_ST_W_E_ST,UNION_ST_W_E_ST,Marina,32.7140915,-117.1660529,0,2025-01-31,,,,,,,observed_and_adjusted,demand_points.csv,Demand uses period-specific individual/tent/vehicle multipliers.
demand_UNION_ST_W_F_ST,demand,UNION_ST_W_F_ST,UNION_ST_W_F_ST,Marina,32.7130574,-117.1660505,0,2025-01-31,,,,,,,observed_and_adjusted,demand_points.csv,Demand uses period-specific individual/tent/vehicle multipliers.
demand_UNION_ST_W_G_ST,demand,UNION_ST_W_G_ST,UNION_ST_W_G_ST,Marina,32.7120019,-117.1660415,0,2025-01-31,,,,,,,observed_and_adjusted,demand_points.csv,Demand uses period-specific individual/tent/vehicle multipliers.
supplier_01ST_AV_W_BROADWAY_1,supplier,Unknown supplier in 01ST_AV_W_BROADWAY,01ST_AV_W_BROADWAY,City Center,32.7151717,-117.1642381,,,,,,,,,block_centroid_proxy,block_master.csv,"Name, exact location, food type, quantity, and availability are not provided."
supplier_01ST_AV_W_G_ST_1,supplier,Unknown supplier in 01ST_AV_W_G_ST,01ST_AV_W_G_ST,Marina,32.7120086,-117.164258,,,,,,,,,block_centroid_proxy,block_master.csv,"Name, exact location, food type, quantity, and availability are not provided."
supplier_04TH_AV_BROADWAY_1,supplier,Unknown supplier in 04TH_AV_BROADWAY,04TH_AV_BROADWAY,City Center,32.7140043,-117.1624468,,,,,,,,,block_centroid_proxy,block_master.csv,"Name, exact location, food type, quantity, and availability are not provided."
supplier_05TH_AV_BROADWAY_1,supplier,Unknown supplier in 05TH_AV_BROADWAY,05TH_AV_BROADWAY,Gaslamp,32.7151718,-117.1606163,,,,,,,,,block_centroid_proxy,block_master.csv,"Name, exact location, food type, quantity, and availability are not provided."
supplier_05TH_AV_K_ST_1,supplier,Unknown supplier in 05TH_AV_K_ST,05TH_AV_K_ST,Gaslamp,32.7077649,-117.1604955,,,,,,,,,block_centroid_proxy,block_master.csv,"Name, exact location, food type, quantity, and availability are not provided."
supplier_06TH_AV_C_ST_1,supplier,Unknown supplier in 06TH_AV_C_ST,06TH_AV_C_ST,City Center,32.7162296,-117.1597014,,,,,,,,,block_centroid_proxy,block_master.csv,"Name, exact location, food type, quantity, and availability are not provided."
supplier_06TH_AV_J_ST_1,supplier,Unknown supplier in 06TH_AV_J_ST,06TH_AV_J_ST,Gaslamp,32.7088562,-117.159649,,,,,,,,,block_centroid_proxy,block_master.csv,"Name, exact location, food type, quantity, and availability are not provided."
supplier_06TH_AV_K_ST_1,supplier,Unknown supplier in 06TH_AV_K_ST,06TH_AV_K_ST,Gaslamp,32.7077977,-117.1596315,,,,,,,,,block_centroid_proxy,block_master.csv,"Name, exact location, food type, quantity, and availability are not provided."
supplier_07TH_AV_BROADWAY_1,supplier,Unknown supplier in 07TH_AV_BROADWAY,07TH_AV_BROADWAY,City Center,32.7151884,-117.158807,,,,,,,,,block_centroid_proxy,block_master.csv,"Name, exact location, food type, quantity, and availability are not provided."
supplier_07TH_AV_J_ST_1,supplier,Unknown supplier in 07TH_AV_J_ST,07TH_AV_J_ST,East Village,32.7088603,-117.1587426,,,,,,,,,block_centroid_proxy,block_master.csv,"Name, exact location, food type, quantity, and availability are not provided."
supplier_10TH_AV_J_ST_1,supplier,Unknown supplier in 10TH_AV_J_ST,10TH_AV_J_ST,East Village,32.707721,-117.1568893,,,,,,,,,block_centroid_proxy,block_master.csv,"Name, exact location, food type, quantity, and availability are not provided."
supplier_16TH_ST_MARKET_ST_1,supplier,Unknown supplier in 16TH_ST_MARKET_ST,16TH_ST_MARKET_ST,East Village,32.7109864,-117.1499028,,,,,,,,,block_centroid_proxy,block_master.csv,"Name, exact location, food type, quantity, and availability are not provided."
supplier_17TH_ST_MARKET_ST_1,supplier,Unknown supplier in 17TH_ST_MARKET_ST,17TH_ST_MARKET_ST,East Village,32.7109934,-117.1490019,,,,,,,,,block_centroid_proxy,block_master.csv,"Name, exact location, food type, quantity, and availability are not provided."
supplier_COLUMBIA_ST_W_B_ST_1,supplier,Unknown supplier in COLUMBIA_ST_W_B_ST,COLUMBIA_ST_W_B_ST,Columbia,32.7172386,-117.167824,,,,,,,,,block_centroid_proxy,block_master.csv,"Name, exact location, food type, quantity, and availability are not provided."
supplier_STATE_ST_W_B_ST_1,supplier,Unknown supplier in STATE_ST_W_B_ST,STATE_ST_W_B_ST,Columbia,32.7172463,-117.1669394,,,,,,,,,block_centroid_proxy,block_master.csv,"Name, exact location, food type, quantity, and availability are not provided."
supplier_TONY_GWYNN_DR_L_ST_1,supplier,Unknown supplier in TONY_GWYNN_DR_L_ST,TONY_GWYNN_DR_L_ST,East Village,32.7061663,-117.1583317,,,,,,,,,block_centroid_proxy,block_master.csv,"Name, exact location, food type, quantity, and availability are not provided."
distribution_04TH_AV_CEDAR_ST_1,distribution,Unknown food distribution site in 04TH_AV_CEDAR_ST,04TH_AV_CEDAR_ST,Cortez,32.7214559,-117.1615802,,,,,,,,,block_centroid_proxy,block_master.csv,Site identity and exact coordinates are not present in the joined block data.
distribution_09TH_AV_F_ST_1,distribution,Unknown food distribution site in 09TH_AV_F_ST,09TH_AV_F_ST,East Village,32.7131219,-117.1569871,,,,,,,,,block_centroid_proxy,block_master.csv,Site identity and exact coordinates are not present in the joined block data.
distribution_09TH_AV_F_ST_2,distribution,Unknown food distribution site in 09TH_AV_F_ST,09TH_AV_F_ST,East Village,32.7131219,-117.1569871,,,,,,,,,block_centroid_proxy,block_master.csv,Site identity and exact coordinates are not present in the joined block data.
distribution_I-5_SB_ISLAND_AV_1,distribution,Unknown food distribution site in I-5_SB_ISLAND_AV,I-5_SB_ISLAND_AV,East Village,32.7099349,-117.1481553,,,,,,,,,block_centroid_proxy,block_master.csv,Site identity and exact coordinates are not present in the joined block data.
distribution_SIGSBEE_ST_LOGAN_AV_1,distribution,Unknown food distribution site in SIGSBEE_ST_LOGAN_AV,SIGSBEE_ST_LOGAN_AV,Outside Perimeter,32.7039621,-117.1488413,,,,,,,,,block_centroid_proxy,block_master.csv,Site identity and exact coordinates are not present in the joined block data.
