block_id,area,cross_streets,lon,lat,historical_mean,latest_people,historical_max,dates_nonzero,persistence,latest_date
17TH_ST_K_ST,East Village,17TH_ST & K_ST,-117.1489822,32.7073124,56.5,61.0,107.0,12,1.0,2025-01-31
15TH_ST_IMPERIAL_AV,East Village,15TH_ST & IMPERIAL_AV,-117.1511004,32.7057566,26.08,18.0,58.0,12,1.0,2025-01-31
09TH_AV_E_ST,East Village,09TH_AV & E_ST,-117.15698,32.7141617,21.33,8.0,37.0,12,1.0,2025-01-31
PARK_BL_J_ST,East Village,PARK_BL & J_ST,-117.1540298,32.7087234,21.17,25.0,49.0,11,0.917,2025-01-31
08TH_AV_E_ST,East Village,08TH_AV & E_ST,-117.1578739,32.7141511,20.83,11.0,37.0,12,1.0,2025-01-31
03RD_AV_A_ST,City Center,03RD_AV & A_ST,-117.1629391,32.7177955,20.33,64.0,64.0,10,0.833,2025-01-31
16TH_ST_MARKET_ST,East Village,16TH_ST & MARKET_ST,-117.1499028,32.7109864,18.5,12.0,39.0,12,1.0,2025-01-31
17TH_ST_ISLAND_AV,East Village,17TH_ST & ISLAND_AV,-117.1489889,32.7099281,13.0,5.0,30.0,12,1.0,2025-01-31
05TH_AV_CEDAR_ST,Cortez,05TH_AV & CEDAR_ST,-117.1606714,32.7214611,10.92,13.0,22.0,11,0.917,2025-01-31
16TH_ST_J_ST,East Village,16TH_ST & J_ST,-117.1498877,32.7088871,10.83,8.0,19.0,12,1.0,2025-01-31
04TH_AV_B_ST,City Center,04TH_AV & B_ST,-117.1615558,32.7172806,10.75,1.0,38.0,8,0.667,2025-01-31
17TH_ST_J_ST,East Village,17TH_ST & J_ST,-117.1489996,32.708891,10.33,10.0,16.0,12,1.0,2025-01-31
17TH_ST_MARKET_ST,East Village,17TH_ST & MARKET_ST,-117.1490019,32.7109934,9.58,6.0,24.0,11,0.917,2025-01-31
UNION_ST_W_ASH_ST,Columbia,UNION_ST & W_ASH_ST,-117.1660488,32.7193532,9.33,5.0,23.0,12,1.0,2025-01-31
14TH_ST_K_ST,East Village,14TH_ST & K_ST,-117.1523339,32.7078495,9.25,3.0,33.0,11,0.917,2025-01-31
02ND_AV_I-5_SB,Cortez,02ND_AV & I-5_SB,-117.1634219,32.7225051,9.08,2.0,33.0,9,0.75,2025-01-31
Map_Border_NATIONAL_AV,East Village,Map_Border & NATIONAL_AV,-117.1524081,32.7055029,8.67,4.0,34.0,9,0.75,2025-01-31
05TH_AV_BROADWAY,Gaslamp,05TH_AV & BROADWAY,-117.1606163,32.7151718,8.58,6.0,20.0,12,1.0,2025-01-31
13TH_ST_K_ST,East Village,13TH_ST & K_ST,-117.1532529,32.7078497,8.33,0.0,22.0,8,0.667,2025-01-31
UNION_ST_W_C_ST,Columbia,UNION_ST & W_C_ST,-117.1660445,32.7162224,8.33,0.0,27.0,8,0.667,2025-01-31
16TH_ST_G_ST,East Village,16TH_ST & G_ST,-117.1499191,32.7120806,7.83,8.0,13.0,11,0.917,2025-01-31
15TH_ST_J_ST,East Village,15TH_ST & J_ST,-117.1511125,32.7088926,7.83,2.0,31.0,11,0.917,2025-01-31
09TH_AV_BROADWAY,City Center,09TH_AV & BROADWAY,-117.156977,32.7151974,7.58,0.0,19.0,10,0.833,2025-01-31
14TH_ST_L_ST,East Village,14TH_ST & L_ST,-117.1523303,32.7068041,7.08,6.0,11.0,12,1.0,2025-01-31
10TH_AV_B_ST,City Center,10TH_AV & B_ST,-117.1560639,32.7172883,6.92,3.0,25.0,12,1.0,2025-01-31
14TH_ST_IMPERIAL_AV,East Village,14TH_ST & IMPERIAL_AV,-117.1522731,32.705974,6.92,0.0,27.0,8,0.667,2025-01-31
I-5_SB_OFF_RA_J_ST,East Village,I-5_SB_OFF_RA & J_ST,-117.1481715,32.7089424,6.67,20.0,20.0,9,0.75,2025-01-31
13TH_ST_BROADWAY,East Village,13TH_ST & BROADWAY,-117.1533262,32.7152197,6.58,3.0,21.0,11,0.917,2025-01-31
UNION_ST_W_A_ST,Columbia,UNION_ST & W_A_ST,-117.1660611,32.7182992,6.33,1.0,19.0,12,1.0,2025-01-31
PARK_BL_C_ST,City Center,PARK_BL & C_ST,-117.1542651,32.7162557,6.25,16.0,16.0,12,1.0,2025-01-31
06TH_AV_F_ST,Gaslamp,06TH_AV & F_ST,-117.1596933,32.713099,6.25,4.0,20.0,11,0.917,2025-01-31
FRONT_ST_W_B_ST,City Center,FRONT_ST & W_B_ST,-117.1651867,32.7172606,6.25,0.0,19.0,9,0.75,2025-01-31
03RD_AV_I-5_SB,Cortez,03RD_AV & I-5_SB,-117.1625336,32.7223266,6.25,0.0,23.0,7,0.583,2025-01-31
14TH_ST_ISLAND_AV,East Village,14TH_ST & ISLAND_AV,-117.1523586,32.7099402,6.17,2.0,18.0,10,0.833,2025-01-31
11TH_AV_C_ST,City Center,11TH_AV & C_ST,-117.1551682,32.7162482,5.83,6.0,22.0,11,0.917,2025-01-31
15TH_ST_MARKET_ST,East Village,15TH_ST & MARKET_ST,-117.1511361,32.7109935,5.58,3.0,12.0,11,0.917,2025-01-31
10TH_AV_C_ST,City Center,10TH_AV & C_ST,-117.1560671,32.7162421,5.08,5.0,33.0,8,0.667,2025-01-31
04TH_AV_BROADWAY,City Center,04TH_AV & BROADWAY,-117.1624468,32.7140043,5.0,3.0,27.0,10,0.833,2025-01-31
09TH_AV_C_ST,City Center,09TH_AV & C_ST,-117.1569898,32.7162425,5.0,0.0,18.0,9,0.75,2025-01-31
FRONT_ST_W_A_ST,City Center,FRONT_ST & W_A_ST,-117.165161,32.7182965,4.92,1.0,10.0,9,0.75,2025-01-31
13TH_ST_MARKET_ST,East Village,13TH_ST & MARKET_ST,-117.1532832,32.7109913,4.83,5.0,8.0,11,0.917,2025-01-31
07TH_AV_ISLAND_AV,East Village,07TH_AV & ISLAND_AV,-117.1587482,32.7099117,4.83,4.0,16.0,11,0.917,2025-01-31
INDIA_ST_W_B_ST,Columbia,INDIA_ST & W_B_ST,-117.1687224,32.7167409,4.67,5.0,14.0,9,0.75,2025-01-31
16TH_ST_IMPERIAL_AV,East Village,16TH_ST & IMPERIAL_AV,-117.1498956,32.7057509,4.58,3.0,10.0,11,0.917,2025-01-31
14TH_ST_MARKET_ST,East Village,14TH_ST & MARKET_ST,-117.1523631,32.7109961,4.5,0.0,10.0,9,0.75,2025-01-31
13TH_ST_ISLAND_AV,East Village,13TH_ST & ISLAND_AV,-117.1532643,32.709928,4.42,0.0,18.0,10,0.833,2025-01-31
14TH_ST_F_ST,East Village,14TH_ST & F_ST,-117.1523916,32.713136,4.33,0.0,15.0,8,0.667,2025-01-31
KETTNER_BL_W_E_ST,Marina,KETTNER_BL & W_E_ST,-117.1701433,32.7140949,4.33,0.0,16.0,8,0.667,2025-01-31
06TH_AV_C_ST,City Center,06TH_AV & C_ST,-117.1597014,32.7162296,4.25,16.0,16.0,10,0.833,2025-01-31
PARK_BL_B_ST,City Center,PARK_BL & B_ST,-117.1542247,32.7172888,4.25,11.0,11.0,11,0.917,2025-01-31
I-5_SB_OFF_RA_Map_Border,East Village,I-5_SB_OFF_RA & Map_Border,-117.1484631,32.7080044,4.25,9.0,9.0,10,0.833,2025-01-31
06TH_AV_BROADWAY,Gaslamp,06TH_AV & BROADWAY,-117.1597059,32.7151784,4.25,8.0,13.0,11,0.917,2025-01-31
03RD_AV_ASH_ST,Cortez,03RD_AV & ASH_ST,-117.162472,32.7193651,4.25,3.0,15.0,11,0.917,2025-01-31
03RD_AV_C_ST,City Center,03RD_AV & C_ST,-117.162456,32.7162277,4.25,2.0,16.0,10,0.833,2025-01-31
05TH_AV_B_ST,City Center,05TH_AV & B_ST,-117.160627,32.7172852,4.25,2.0,28.0,9,0.75,2025-01-31
16TH_ST_K_ST,East Village,16TH_ST & K_ST,-117.1506552,32.7073213,4.08,9.0,9.0,11,0.917,2025-01-31
KETTNER_BL_W_A_ST,Columbia,KETTNER_BL & W_A_ST,-117.1696087,32.7172597,4.08,5.0,7.0,10,0.833,2025-01-31
11TH_AV_B_ST,City Center,11TH_AV & B_ST,-117.1551753,32.7172964,4.08,0.0,13.0,11,0.917,2025-01-31
16TH_ST_F_ST,East Village,16TH_ST & F_ST,-117.1499278,32.7131519,4.0,3.0,9.0,9,0.75,2025-01-31
04TH_AV_G_ST,Marina,04TH_AV & G_ST,-117.1615051,32.7120166,3.92,3.0,13.0,11,0.917,2025-01-31
08TH_AV_BROADWAY,City Center,08TH_AV & BROADWAY,-117.1578757,32.7151887,3.92,0.0,23.0,4,0.333,2025-01-31
17TH_ST_IMPERIAL_AV,East Village,17TH_ST & IMPERIAL_AV,-117.148974,32.7057471,3.83,5.0,7.0,12,1.0,2025-01-31
09TH_AV_F_ST,East Village,09TH_AV & F_ST,-117.1569871,32.7131219,3.83,3.0,10.0,12,1.0,2025-01-31
08TH_AV_MARKET_ST,East Village,08TH_AV & MARKET_ST,-117.1578318,32.7109649,3.75,4.0,7.0,10,0.833,2025-01-31
10TH_AV_G_ST,East Village,10TH_AV & G_ST,-117.1560204,32.7120547,3.75,1.0,13.0,9,0.75,2025-01-31
13TH_ST_IMPERIAL_AV,East Village,13TH_ST & IMPERIAL_AV,-117.1529333,32.7061363,3.67,10.0,29.0,3,0.25,2025-01-31
06TH_AV_K_ST,Gaslamp,06TH_AV & K_ST,-117.1596315,32.7077977,3.67,2.0,6.0,11,0.917,2025-01-31
03RD_AV_J_ST,Marina,03RD_AV & J_ST,-117.1623282,32.7084097,3.67,0.0,13.0,9,0.75,2025-01-31
PARK_BL_A_ST,City Center,PARK_BL & A_ST,-117.1542312,32.7183468,3.5,1.0,11.0,9,0.75,2025-01-31
06TH_AV_MARKET_ST,Gaslamp,06TH_AV & MARKET_ST,-117.1596713,32.7109659,3.42,3.0,12.0,10,0.833,2025-01-31
17TH_ST_F_ST,East Village,17TH_ST & F_ST,-117.1490065,32.7131541,3.42,1.0,20.0,11,0.917,2025-01-31
FRONT_ST_W_ASH_ST,Cortez,FRONT_ST & W_ASH_ST,-117.1651687,32.7193522,3.42,1.0,11.0,7,0.583,2025-01-31
13TH_ST_J_ST,East Village,13TH_ST & J_ST,-117.1532612,32.7088911,3.25,0.0,14.0,5,0.417,2025-01-31
11TH_AV_A_ST,City Center,11TH_AV & A_ST,-117.1551703,32.7183485,3.08,4.0,8.0,11,0.917,2025-01-31
05TH_AV_F_ST,Gaslamp,05TH_AV & F_ST,-117.1605939,32.7130875,3.0,2.0,6.0,12,1.0,2025-01-31
04TH_AV_A_ST,City Center,04TH_AV & A_ST,-117.161562,32.7183232,3.0,2.0,7.0,10,0.833,2025-01-31
05TH_AV_E_ST,Gaslamp,05TH_AV & E_ST,-117.1606053,32.7141324,3.0,2.0,7.0,10,0.833,2025-01-31
05TH_AV_ASH_ST,Cortez,05TH_AV & ASH_ST,-117.1606493,32.7193752,2.92,0.0,6.0,10,0.833,2025-01-31
04TH_AV_BEECH_ST,Cortez,04TH_AV & BEECH_ST,-117.1615763,32.7204154,2.92,0.0,10.0,8,0.667,2025-01-31
13TH_ST_G_ST,East Village,13TH_ST & G_ST,-117.1533019,32.7120729,2.92,0.0,10.0,7,0.583,2025-01-31
11TH_AV_BROADWAY,City Center,11TH_AV & BROADWAY,-117.1551477,32.715209,2.83,1.0,10.0,10,0.833,2025-01-31
I-5_SB_IMPERIAL_AV,East Village,I-5_SB & IMPERIAL_AV,-117.1479977,32.7057081,2.83,0.0,8.0,8,0.667,2025-01-31
06TH_AV_G_ST,Gaslamp,06TH_AV & G_ST,-117.1596875,32.7120348,2.75,3.0,4.0,12,1.0,2025-01-31
05TH_AV_MARKET_ST,Gaslamp,05TH_AV & MARKET_ST,-117.1605705,32.710951,2.67,3.0,7.0,11,0.917,2025-01-31
12TH_AV_PARK_BL,East Village,12TH_AV & PARK_BL,-117.1545023,32.7069832,2.5,1.0,12.0,8,0.667,2025-01-31
04TH_AV_C_ST,City Center,04TH_AV & C_ST,-117.1615429,32.7162311,2.5,0.0,16.0,6,0.5,2025-01-31
04TH_AV_CEDAR_ST,Cortez,04TH_AV & CEDAR_ST,-117.1615802,32.7214559,2.42,6.0,7.0,8,0.667,2025-01-31
13TH_ST_L_ST,East Village,13TH_ST & L_ST,-117.1532624,32.7068048,2.42,2.0,5.0,10,0.833,2025-01-31
06TH_AV_L_ST,Gaslamp,06TH_AV & L_ST,-117.1597181,32.7068019,2.33,2.0,6.0,11,0.917,2025-01-31
05TH_AV_G_ST,Gaslamp,05TH_AV & G_ST,-117.1605939,32.7120267,2.17,0.0,6.0,10,0.833,2025-01-31
I-5_SB_ON_RA_C_ST,East Village,I-5_SB_ON_RA & C_ST,-117.1483469,32.7162533,2.08,12.0,12.0,8,0.667,2025-01-31
07TH_AV_BROADWAY,City Center,07TH_AV & BROADWAY,-117.158807,32.7151884,1.92,3.0,15.0,5,0.417,2025-01-31
02ND_AV_ISLAND_AV,Marina,02ND_AV & ISLAND_AV,-117.1633191,32.7098806,1.92,0.0,8.0,7,0.583,2025-01-31
05TH_AV_C_ST,City Center,05TH_AV & C_ST,-117.1606236,32.7162302,1.83,1.0,5.0,10,0.833,2025-01-31
05TH_AV_ISLAND_AV,Gaslamp,05TH_AV & ISLAND_AV,-117.1605805,32.709901,1.83,1.0,7.0,8,0.667,2025-01-31
06TH_AV_A_ST,City Center,06TH_AV & A_ST,-117.1597219,32.7183308,1.83,1.0,9.0,6,0.5,2025-01-31
16TH_ST_BROADWAY,East Village,16TH_ST & BROADWAY,-117.149933,32.7152315,1.83,1.0,7.0,5,0.417,2025-01-31
10TH_AV_E_ST,East Village,10TH_AV & E_ST,-117.1560379,32.7141601,1.75,4.0,7.0,6,0.5,2025-01-31
06TH_AV_CEDAR_ST,Cortez,06TH_AV & CEDAR_ST,-117.1597531,32.7214606,1.75,2.0,7.0,5,0.417,2025-01-31
03RD_AV_G_ST,Marina,03RD_AV & G_ST,-117.1624121,32.7120133,1.75,0.0,4.0,8,0.667,2025-01-31
PARK_BL_MARKET_ST,East Village,PARK_BL & MARKET_ST,-117.1541961,32.7109863,1.67,1.0,4.0,10,0.833,2025-01-31
PARK_BL_BROADWAY,City Center,PARK_BL & BROADWAY,-117.1542276,32.7152116,1.67,1.0,7.0,9,0.75,2025-01-31
13TH_ST_F_ST,East Village,13TH_ST & F_ST,-117.1532985,32.7131305,1.67,1.0,7.0,7,0.583,2025-01-31
06TH_AV_E_ST,Gaslamp,06TH_AV & E_ST,-117.1596919,32.7141385,1.67,0.0,7.0,8,0.667,2025-01-31
07TH_AV_C_ST,City Center,07TH_AV & C_ST,-117.1588143,32.7162388,1.67,0.0,5.0,8,0.667,2025-01-31
15TH_ST_F_ST,East Village,15TH_ST & F_ST,-117.1511605,32.7131435,1.67,0.0,12.0,7,0.583,2025-01-31
17TH_ST_C_ST,East Village,17TH_ST & C_ST,-117.1490392,32.7162877,1.58,15.0,15.0,5,0.417,2025-01-31
06TH_AV_B_ST,City Center,06TH_AV & B_ST,-117.1597396,32.7172918,1.58,7.0,7.0,6,0.5,2025-01-31
07TH_AV_B_ST,City Center,07TH_AV & B_ST,-117.1588132,32.7172886,1.58,3.0,4.0,7,0.583,2025-01-31
I-5_SB_ON_RA_G_ST,East Village,I-5_SB_ON_RA & G_ST,-117.1481739,32.7120816,1.58,1.0,15.0,4,0.333,2025-01-31
07TH_AV_G_ST,East Village,07TH_AV & G_ST,-117.1587796,32.7120424,1.58,0.0,7.0,8,0.667,2025-01-31
07TH_AV_E_ST,East Village,07TH_AV & E_ST,-117.1587996,32.7141496,1.58,0.0,9.0,6,0.5,2025-01-31
STATE_ST_W_ASH_ST,Columbia,STATE_ST & W_ASH_ST,-117.1669349,32.7193487,1.58,0.0,8.0,5,0.417,2025-01-31
PARK_BL_E_ST,East Village,PARK_BL & E_ST,-117.154232,32.7141746,1.5,4.0,5.0,7,0.583,2025-01-31
COLUMBIA_ST_W_C_ST,Columbia,COLUMBIA_ST & W_C_ST,-117.1678207,32.7162135,1.5,2.0,7.0,7,0.583,2025-01-31
15TH_ST_ISLAND_AV,East Village,15TH_ST & ISLAND_AV,-117.1511399,32.7099405,1.5,2.0,6.0,5,0.417,2025-01-31
10TH_AV_J_ST,East Village,10TH_AV & J_ST,-117.1568893,32.707721,1.42,1.0,6.0,6,0.5,2025-01-31
09TH_AV_B_ST,City Center,09TH_AV & B_ST,-117.1570047,32.7172966,1.42,0.0,7.0,6,0.5,2025-01-31
07TH_AV_ASH_ST,Cortez,07TH_AV & ASH_ST,-117.158832,32.7193765,1.42,0.0,5.0,5,0.417,2025-01-31
10TH_AV_BROADWAY,City Center,10TH_AV & BROADWAY,-117.1560569,32.7152016,1.33,5.0,5.0,6,0.5,2025-01-31
17TH_ST_G_ST,East Village,17TH_ST & G_ST,-117.1490078,32.7120842,1.33,4.0,4.0,9,0.75,2025-01-31
11TH_AV_G_ST,East Village,11TH_AV & G_ST,-117.1551275,32.7120633,1.33,0.0,10.0,5,0.417,2025-01-31
FRONT_ST_W_C_ST,City Center,FRONT_ST & W_C_ST,-117.1651725,32.7162289,1.33,0.0,9.0,4,0.333,2025-01-31
03RD_AV_CEDAR_ST,Cortez,03RD_AV & CEDAR_ST,-117.1624937,32.7214529,1.25,4.0,4.0,6,0.5,2025-01-31
09TH_AV_G_ST,East Village,09TH_AV & G_ST,-117.156925,32.7120459,1.25,2.0,4.0,6,0.5,2025-01-31
STATE_ST_W_BROADWAY,Columbia,STATE_ST & W_BROADWAY,-117.1678381,32.7151604,1.25,1.0,4.0,7,0.583,2025-01-31
01ST_AV_W_F_ST,City Center,01ST_AV & W_F_ST,-117.164253,32.713081,1.25,0.0,8.0,5,0.417,2025-01-31
01ST_AV_W_B_ST,City Center,01ST_AV & W_B_ST,-117.1642733,32.7172579,1.17,5.0,7.0,3,0.25,2025-01-31
07TH_AV_F_ST,East Village,07TH_AV & F_ST,-117.1587686,32.7130998,1.17,4.0,5.0,5,0.417,2025-01-31
06TH_AV_J_ST,Gaslamp,06TH_AV & J_ST,-117.159649,32.7088562,1.17,2.0,5.0,6,0.5,2025-01-31
COLUMBIA_ST_W_G_ST,Marina,COLUMBIA_ST & W_G_ST,-117.1682576,32.7119064,1.17,1.0,3.0,9,0.75,2025-01-31
08TH_AV_F_ST,East Village,08TH_AV & F_ST,-117.1578741,32.7131096,1.17,0.0,4.0,7,0.583,2025-01-31
14TH_ST_BROADWAY,East Village,14TH_ST & BROADWAY,-117.1524186,32.7152244,1.17,0.0,10.0,3,0.25,2025-01-31
STATE_ST_Map_Border,Marina,STATE_ST & Map_Border,-117.1678267,32.7135653,1.08,2.0,3.0,7,0.583,2025-01-31
14TH_ST_C_ST,East Village,14TH_ST & C_ST,-117.1523968,32.7162585,1.08,0.0,3.0,8,0.667,2025-01-31
06TH_AV_ASH_ST,Cortez,06TH_AV & ASH_ST,-117.159752,32.7193801,1.08,0.0,6.0,6,0.5,2025-01-31
11TH_AV_MARKET_ST,East Village,11TH_AV & MARKET_ST,-117.155121,32.7109849,1.08,0.0,4.0,5,0.417,2025-01-31
05TH_AV_BEECH_ST,Cortez,05TH_AV & BEECH_ST,-117.1606585,32.7204177,1.08,0.0,11.0,3,0.25,2025-01-31
I-5_SB_ON_RA_Map_Border,East Village,I-5_SB_ON_RA & Map_Border,-117.148167,32.706935,1.0,8.0,8.0,4,0.333,2025-01-31
03RD_AV_MARKET_ST,Marina,03RD_AV & MARKET_ST,-117.1623893,32.7109401,1.0,1.0,4.0,6,0.5,2025-01-31
10TH_AV_ISLAND_AV,East Village,10TH_AV & ISLAND_AV,-117.1559891,32.7099117,1.0,1.0,3.0,6,0.5,2025-01-31
01ST_AV_W_C_ST,City Center,01ST_AV & W_C_ST,-117.1642716,32.7162294,1.0,0.0,2.0,8,0.667,2025-01-31
04TH_AV_J_ST,Marina,04TH_AV & J_ST,-117.1614727,32.7088488,1.0,0.0,3.0,7,0.583,2025-01-31
02ND_AV_G_ST,Marina,02ND_AV & G_ST,-117.1633075,32.7120049,1.0,0.0,4.0,6,0.5,2025-01-31
08TH_AV_G_ST,East Village,08TH_AV & G_ST,-117.1578632,32.7120448,1.0,0.0,3.0,6,0.5,2025-01-31
15TH_ST_E_ST,East Village,15TH_ST & E_ST,-117.151182,32.7141905,1.0,0.0,5.0,5,0.417,2025-01-31
07TH_AV_I-5_SB,Cortez,07TH_AV & I-5_SB,-117.1588123,32.7224379,0.92,6.0,6.0,6,0.5,2025-01-31
16TH_ST_E_ST,East Village,16TH_ST & E_ST,-117.149932,32.7141937,0.92,2.0,3.0,7,0.583,2025-01-31
01ST_AV_W_ISLAND_AV,Marina,01ST_AV & W_ISLAND_AV,-117.1643067,32.7097153,0.92,1.0,3.0,7,0.583,2025-01-31
02ND_AV_CEDAR_ST,Cortez,02ND_AV & CEDAR_ST,-117.1634179,32.7214684,0.92,1.0,4.0,6,0.5,2025-01-31
Map_Border_IMPERIAL_AV,East Village,Map_Border & IMPERIAL_AV,-117.1556292,32.7058874,0.92,0.0,2.0,7,0.583,2025-01-31
09TH_AV_ISLAND_AV,East Village,09TH_AV & ISLAND_AV,-117.156932,32.7099196,0.92,0.0,3.0,6,0.5,2025-01-31
04TH_AV_ASH_ST,Cortez,04TH_AV & ASH_ST,-117.1615803,32.719375,0.92,0.0,6.0,4,0.333,2025-01-31
01ST_AV_W_BEECH_ST,Cortez,01ST_AV & W_BEECH_ST,-117.1643077,32.7204067,0.92,0.0,5.0,3,0.25,2025-01-31
01ST_AV_I-5_SB,Cortez,01ST_AV & I-5_SB,-117.1643142,32.7227731,0.92,0.0,10.0,2,0.167,2025-01-31
05TH_AV_J_ST,Gaslamp,05TH_AV & J_ST,-117.160541,32.7088473,0.83,2.0,3.0,6,0.5,2025-01-31
17TH_ST_E_ST,East Village,17TH_ST & E_ST,-117.1489562,32.7141842,0.83,2.0,3.0,6,0.5,2025-01-31
10TH_AV_F_ST,East Village,10TH_AV & F_ST,-117.1560443,32.7131208,0.83,2.0,5.0,5,0.417,2025-01-31
I-5_SB_ON_RA_F_ST,East Village,I-5_SB_ON_RA & F_ST,-117.1482564,32.7131625,0.83,1.0,3.0,5,0.417,2025-01-31
INDIA_ST_W_A_ST,Columbia,INDIA_ST & W_A_ST,-117.1687155,32.7182884,0.83,1.0,5.0,5,0.417,2025-01-31
02ND_AV_BEECH_ST,Cortez,02ND_AV & BEECH_ST,-117.1633936,32.7204076,0.83,0.0,2.0,8,0.667,2025-01-31
07TH_AV_A_ST,City Center,07TH_AV & A_ST,-117.158841,32.7183422,0.83,0.0,3.0,5,0.417,2025-01-31
07TH_AV_MARKET_ST,East Village,07TH_AV & MARKET_ST,-117.1587475,32.7109631,0.83,0.0,5.0,4,0.333,2025-01-31
KETTNER_BL_W_F_ST,Marina,KETTNER_BL & W_F_ST,-117.1701177,32.7130513,0.83,0.0,6.0,4,0.333,2025-01-31
08TH_AV_B_ST,City Center,08TH_AV & B_ST,-117.157879,32.7172848,0.75,3.0,3.0,6,0.5,2025-01-31
11TH_AV_E_ST,East Village,11TH_AV & E_ST,-117.1551235,32.7141652,0.75,2.0,3.0,6,0.5,2025-01-31
16TH_ST_ISLAND_AV,East Village,16TH_ST & ISLAND_AV,-117.1499034,32.7099323,0.75,2.0,3.0,5,0.417,2025-01-31
05TH_AV_K_ST,Gaslamp,05TH_AV & K_ST,-117.1604955,32.7077649,0.75,1.0,2.0,7,0.583,2025-01-31
INDIA_ST_W_ASH_ST,Columbia,INDIA_ST & W_ASH_ST,-117.1687367,32.7193441,0.75,1.0,2.0,7,0.583,2025-01-31
14TH_ST_G_ST,East Village,14TH_ST & G_ST,-117.1524006,32.7120823,0.75,0.0,5.0,3,0.25,2025-01-31
15TH_ST_G_ST,East Village,15TH_ST & G_ST,-117.1511433,32.7120768,0.75,0.0,4.0,3,0.25,2025-01-31
05TH_AV_A_ST,City Center,05TH_AV & A_ST,-117.1606385,32.7183298,0.67,4.0,4.0,3,0.25,2025-01-31
STATE_ST_W_B_ST,Columbia,STATE_ST & W_B_ST,-117.1669394,32.7172463,0.67,2.0,2.0,6,0.5,2025-01-31
CALIFORNIA_ST_W_ASH_ST,Columbia,CALIFORNIA_ST & W_ASH_ST,-117.1705567,32.7177515,0.67,1.0,1.0,8,0.667,2025-01-31
11TH_AV_K_ST,East Village,11TH_AV & K_ST,-117.1551208,32.7080323,0.67,1.0,3.0,6,0.5,2025-01-31
11TH_AV_ISLAND_AV,East Village,11TH_AV & ISLAND_AV,-117.1551035,32.7099236,0.67,1.0,2.0,5,0.417,2025-01-31
08TH_AV_ASH_ST,Cortez,08TH_AV & ASH_ST,-117.1579077,32.7193799,0.67,1.0,5.0,4,0.333,2025-01-31
14TH_ST_E_ST,East Village,14TH_ST & E_ST,-117.1524186,32.7141857,0.67,1.0,4.0,4,0.333,2025-01-31
07TH_AV_J_ST,East Village,07TH_AV & J_ST,-117.1587426,32.7088603,0.67,0.0,2.0,6,0.5,2025-01-31
I-5_SB_MARKET_ST,East Village,I-5_SB & MARKET_ST,-117.1481409,32.7109953,0.67,0.0,2.0,6,0.5,2025-01-31
02ND_AV_C_ST,City Center,02ND_AV & C_ST,-117.163365,32.7162296,0.67,0.0,3.0,5,0.417,2025-01-31
03RD_AV_ISLAND_AV,Marina,03RD_AV & ISLAND_AV,-117.1623956,32.7098903,0.67,0.0,3.0,5,0.417,2025-01-31
08TH_AV_BEECH_ST,Cortez,08TH_AV & BEECH_ST,-117.1579315,32.7204208,0.67,0.0,3.0,4,0.333,2025-01-31
10TH_AV_A_ST,City Center,10TH_AV & A_ST,-117.1560903,32.7183488,0.67,0.0,5.0,4,0.333,2025-01-31
COLUMBIA_ST_W_B_ST,Columbia,COLUMBIA_ST & W_B_ST,-117.167824,32.7172386,0.58,3.0,3.0,4,0.333,2025-01-31
STATE_ST_W_C_ST,Columbia,STATE_ST & W_C_ST,-117.1669388,32.7162225,0.58,3.0,3.0,4,0.333,2025-01-31
04TH_AV_ISLAND_AV,Marina,04TH_AV & ISLAND_AV,-117.1614691,32.7098934,0.58,2.0,3.0,4,0.333,2025-01-31
08TH_AV_C_ST,City Center,08TH_AV & C_ST,-117.1578665,32.7162322,0.58,2.0,2.0,4,0.333,2025-01-31
05TH_AV_I-5_SB,Cortez,05TH_AV & I-5_SB,-117.1606357,32.7222727,0.58,1.0,4.0,4,0.333,2025-01-31
06TH_AV_ISLAND_AV,Gaslamp,06TH_AV & ISLAND_AV,-117.1596516,32.7099052,0.58,0.0,2.0,6,0.5,2025-01-31
13TH_ST_E_ST,East Village,13TH_ST & E_ST,-117.1533283,32.7141815,0.58,0.0,3.0,4,0.333,2025-01-31
14TH_ST_J_ST,East Village,14TH_ST & J_ST,-117.1523555,32.7089017,0.58,0.0,4.0,3,0.25,2025-01-31
09TH_AV_A_ST,City Center,09TH_AV & A_ST,-117.1569918,32.7183434,0.58,0.0,6.0,2,0.167,2025-01-31
KETTNER_BL_W_G_ST,Marina,KETTNER_BL & W_G_ST,-117.1701176,32.7120006,0.5,4.0,4.0,3,0.25,2025-01-31
06TH_AV_I-5_SB,Cortez,06TH_AV & I-5_SB,-117.1597543,32.722368,0.5,3.0,3.0,3,0.25,2025-01-31
03RD_AV_BEECH_ST,Cortez,03RD_AV & BEECH_ST,-117.1624858,32.7204129,0.5,0.0,2.0,5,0.417,2025-01-31
PARK_BL_G_ST,East Village,PARK_BL & G_ST,-117.1541965,32.712061,0.5,0.0,3.0,3,0.25,2025-01-31
COLUMBIA_ST_W_ASH_ST,Columbia,COLUMBIA_ST & W_ASH_ST,-117.1678351,32.7193473,0.42,2.0,2.0,4,0.333,2025-01-31
Map_Border_BROADWAY,City Center,Map_Border & BROADWAY,-117.1624423,32.7152117,0.42,2.0,2.0,4,0.333,2025-01-31
SR-163_NB_ON_RA_ASH_ST,Cortez,SR-163_NB_ON_RA & ASH_ST,-117.1552592,32.7193915,0.42,2.0,3.0,2,0.167,2025-01-31
STATE_ST_W_G_ST,Marina,STATE_ST & W_G_ST,-117.1669646,32.7120126,0.42,0.0,1.0,5,0.417,2025-01-31
04TH_AV_MARKET_ST,Marina,04TH_AV & MARKET_ST,-117.1614943,32.7109505,0.42,0.0,2.0,4,0.333,2025-01-31
07TH_AV_BEECH_ST,Cortez,07TH_AV & BEECH_ST,-117.1588194,32.7204099,0.42,0.0,2.0,4,0.333,2025-01-31
10TH_AV_MARKET_ST,East Village,10TH_AV & MARKET_ST,-117.1560318,32.7109825,0.42,0.0,2.0,4,0.333,2025-01-31
15TH_ST_BROADWAY,East Village,15TH_ST & BROADWAY,-117.151185,32.7152297,0.42,0.0,2.0,4,0.333,2025-01-31
I-5_SB_ISLAND_AV,East Village,I-5_SB & ISLAND_AV,-117.1481553,32.7099349,0.42,0.0,2.0,4,0.333,2025-01-31
15TH_ST_C_ST,East Village,15TH_ST & C_ST,-117.1511898,32.7162738,0.42,0.0,3.0,3,0.25,2025-01-31
10TH_AV_ASH_ST,Cortez,10TH_AV & ASH_ST,-117.156102,32.7193903,0.42,0.0,4.0,2,0.167,2025-01-31
01ST_AV_W_A_ST,City Center,01ST_AV & W_A_ST,-117.1642723,32.7182995,0.33,3.0,3.0,2,0.167,2025-01-31
UNION_ST_W_B_ST,Columbia,UNION_ST & W_B_ST,-117.1660315,32.7172451,0.33,1.0,1.0,4,0.333,2025-01-31
FRONT_ST_W_MARKET_ST,Marina,FRONT_ST & W_MARKET_ST,-117.1662764,32.7106324,0.33,1.0,2.0,3,0.25,2025-01-31
02ND_AV_ASH_ST,Cortez,02ND_AV & ASH_ST,-117.1634028,32.7193655,0.33,0.0,1.0,4,0.333,2025-01-31
11TH_AV_J_ST,East Village,11TH_AV & J_ST,-117.1551036,32.7088789,0.33,0.0,2.0,3,0.25,2025-01-31
PARK_BL_ISLAND_AV,East Village,PARK_BL & ISLAND_AV,-117.1541784,32.7099239,0.33,0.0,2.0,3,0.25,2025-01-31
11TH_AV_F_ST,East Village,11TH_AV & F_ST,-117.1551366,32.7131258,0.33,0.0,3.0,2,0.167,2025-01-31
07TH_AV_CEDAR_ST,Cortez,07TH_AV & CEDAR_ST,-117.1588533,32.7214614,0.25,2.0,2.0,2,0.167,2025-01-31
FRONT_ST_W_F_ST,Marina,FRONT_ST & W_F_ST,-117.1651209,32.713051,0.25,1.0,2.0,2,0.167,2025-01-31
FRONT_ST_W_BROADWAY,City Center,FRONT_ST & W_BROADWAY,-117.1651688,32.7151745,0.25,0.0,1.0,3,0.25,2025-01-31
TONY_GWYNN_DR_K_ST,East Village,TONY_GWYNN_DR & K_ST,-117.1587374,32.7078133,0.25,0.0,1.0,3,0.25,2025-01-31
06TH_AV_BEECH_ST,Cortez,06TH_AV & BEECH_ST,-117.1597464,32.7204162,0.25,0.0,2.0,2,0.167,2025-01-31
13TH_ST_C_ST,East Village,13TH_ST & C_ST,-117.1533446,32.716262,0.25,0.0,2.0,2,0.167,2025-01-31
KETTNER_BL_W_BROADWAY,Columbia,KETTNER_BL & W_BROADWAY,-117.169627,32.7151597,0.25,0.0,2.0,2,0.167,2025-01-31
STATE_ST_W_A_ST,Columbia,STATE_ST & W_A_ST,-117.1669419,32.7182948,0.25,0.0,2.0,2,0.167,2025-01-31
I-5_SB_ON_RA_E_ST,East Village,I-5_SB_ON_RA & E_ST,-117.1484371,32.7141444,0.17,2.0,2.0,1,0.083,2025-01-31
02ND_AV_MARKET_ST,Marina,02ND_AV & MARKET_ST,-117.1633132,32.7109377,0.17,1.0,1.0,2,0.167,2025-01-31
08TH_AV_ISLAND_AV,East Village,08TH_AV & ISLAND_AV,-117.1578277,32.7099063,0.17,1.0,1.0,2,0.167,2025-01-31
COLUMBIA_ST_W_A_ST,Columbia,COLUMBIA_ST & W_A_ST,-117.1678202,32.7182872,0.17,1.0,1.0,2,0.167,2025-01-31
01ST_AV_W_ASH_ST,Cortez,01ST_AV & W_ASH_ST,-117.1642985,32.7193598,0.17,0.0,1.0,2,0.167,2025-01-31
01ST_AV_W_BROADWAY,City Center,01ST_AV & W_BROADWAY,-117.1642381,32.7151717,0.17,0.0,1.0,2,0.167,2025-01-31
08TH_AV_DATE_ST,Cortez,08TH_AV & DATE_ST,-117.1579578,32.7224837,0.17,0.0,1.0,2,0.167,2025-01-31
09TH_AV_ASH_ST,Cortez,09TH_AV & ASH_ST,-117.1569963,32.7193836,0.17,0.0,1.0,2,0.167,2025-01-31
10TH_AV_CEDAR_ST,Cortez,10TH_AV & CEDAR_ST,-117.1561651,32.7214876,0.17,0.0,1.0,2,0.167,2025-01-31
10TH_AV_DATE_ST,Cortez,10TH_AV & DATE_ST,-117.1561138,32.7224867,0.17,0.0,1.0,2,0.167,2025-01-31
17TH_ST_BROADWAY,East Village,17TH_ST & BROADWAY,-117.1490277,32.7152345,0.17,0.0,1.0,2,0.167,2025-01-31
KETTNER_BL_W_ASH_ST,Columbia,KETTNER_BL & W_ASH_ST,-117.169622,32.7193394,0.17,0.0,1.0,2,0.167,2025-01-31
NATIONAL_AV_IMPERIAL_AV,East Village,NATIONAL_AV & IMPERIAL_AV,-117.1537259,32.7057792,0.17,0.0,1.0,2,0.167,2025-01-31
PARK_BL_F_ST,East Village,PARK_BL & F_ST,-117.1542287,32.7131312,0.17,0.0,1.0,2,0.167,2025-01-31
UNION_ST_W_F_ST,Marina,UNION_ST & W_F_ST,-117.1660505,32.7130574,0.17,0.0,1.0,2,0.167,2025-01-31
04TH_AV_I-5_SB,Cortez,04TH_AV & I-5_SB,-117.1616025,32.7222703,0.17,0.0,2.0,1,0.083,2025-01-31
09TH_AV_DATE_ST,Cortez,09TH_AV & DATE_ST,-117.1570188,32.722482,0.17,0.0,2.0,1,0.083,2025-01-31
FRONT_ST_W_G_ST,Marina,FRONT_ST & W_G_ST,-117.1651522,32.7120098,0.17,0.0,2.0,1,0.083,2025-01-31
01ST_AV_W_CEDAR_ST,Cortez,01ST_AV & W_CEDAR_ST,-117.1643624,32.7214641,0.08,0.0,1.0,1,0.083,2025-01-31
08TH_AV_A_ST,City Center,08TH_AV & A_ST,-117.1579005,32.718341,0.08,0.0,1.0,1,0.083,2025-01-31
08TH_AV_CEDAR_ST,Cortez,08TH_AV & CEDAR_ST,-117.1579206,32.7214624,0.08,0.0,1.0,1,0.083,2025-01-31
09TH_AV_BEECH_ST,Cortez,09TH_AV & BEECH_ST,-117.1570225,32.7204252,0.08,0.0,1.0,1,0.083,2025-01-31
09TH_AV_MARKET_ST,East Village,09TH_AV & MARKET_ST,-117.1569277,32.7109735,0.08,0.0,1.0,1,0.083,2025-01-31
10TH_AV_BEECH_ST,Cortez,10TH_AV & BEECH_ST,-117.1561276,32.7204857,0.08,0.0,1.0,1,0.083,2025-01-31
CALIFORNIA_ST_W_BROADWAY,Columbia,CALIFORNIA_ST & W_BROADWAY,-117.1705741,32.715156,0.08,0.0,1.0,1,0.083,2025-01-31
FRONT_ST_W_E_ST,City Center,FRONT_ST & W_E_ST,-117.1651413,32.7140973,0.08,0.0,1.0,1,0.083,2025-01-31
I-5_SB_ON_RA_BROADWAY,East Village,I-5_SB_ON_RA & BROADWAY,-117.1481113,32.7148705,0.08,0.0,1.0,1,0.083,2025-01-31
PARK_BL_RUSS_BL,City Center,PARK_BL & RUSS_BL,-117.1542576,32.7191273,0.08,0.0,1.0,1,0.083,2025-01-31
UNION_ST_W_BROADWAY,Columbia,UNION_ST & W_BROADWAY,-117.1660291,32.715158,0.08,0.0,1.0,1,0.083,2025-01-31
UNION_ST_W_G_ST,Marina,UNION_ST & W_G_ST,-117.1660415,32.7120019,0.08,0.0,1.0,1,0.083,2025-01-31
01ST_AV_W_E_ST,City Center,01ST_AV & W_E_ST,-117.1642743,32.7141304,0.0,0.0,0.0,0,0.0,2025-01-31
01ST_AV_W_G_ST,Marina,01ST_AV & W_G_ST,-117.164258,32.7120086,0.0,0.0,0.0,0,0.0,2025-01-31
01ST_AV_W_MARKET_ST,Marina,01ST_AV & W_MARKET_ST,-117.164209,32.7109322,0.0,0.0,0.0,0,0.0,2025-01-31
09TH_AV_CEDAR_ST,Cortez,09TH_AV & CEDAR_ST,-117.1570136,32.7214682,0.0,0.0,0.0,0,0.0,2025-01-31
16TH_ST_C_ST,East Village,16TH_ST & C_ST,-117.1499595,32.7162861,0.0,0.0,0.0,0,0.0,2025-01-31
FRONT_ST_W_MARKET_ST__2,Marina,FRONT_ST & W_MARKET_ST,-117.1651491,32.7109428,0.0,0.0,0.0,0,0.0,2025-01-31
TONY_GWYNN_DR_L_ST,East Village,TONY_GWYNN_DR & L_ST,-117.1583317,32.7061663,0.0,0.0,0.0,0,0.0,2025-01-31
UNION_ST_W_E_ST,Marina,UNION_ST & W_E_ST,-117.1660529,32.7140915,0.0,0.0,0.0,0,0.0,2025-01-31
