block_id,location,area,lon,lat,historical_demand,rank,priority,persistence,months_nonzero,months_observed,avg_persons,peak_persons,latest_demand,latest_individuals,latest_tents,latest_vehicles,longitudinal_data,business_in_block,nearest_business_m,business_within_200m,business_within_400m,business_within_800m,restaurant_in_block,nearest_restaurant_m,restaurant_within_200m,restaurant_within_400m,restaurant_within_800m,foodsite_in_block,nearest_foodsite_m,foodsite_within_200m,foodsite_within_400m,foodsite_within_800m,unserved_need,supply_within_400m,pantry_within_400m,nearest_pantry_m,pantry_days_per_week,pantry_daily_within_400m,food_access_days_per_week,unserved_need_daily,unserved_need_any
17TH_ST_K_ST,17TH ST & K ST,East Village,-117.1489822,32.7073124,74.82,1,high,1.0,12.0,12.0,74.82000000000001,162.0,79.75,36,25.0,0,True,0,367.4,0,1,3,0,,0,0,0,0,298.2,0,2,2,0.0,1,1,373.1,7.0,1,7.0,0.0,0.0
09TH_AV_E_ST,09TH AV & E ST,East Village,-117.15698,32.7141617,29.82,2,high,1.0,12.0,12.0,29.8175,60.25,10.25,5,3.0,0,True,0,243.5,0,3,12,0,,0,0,0,0,100.5,2,2,3,0.0,3,1,279.1,0.23,0,0.23,29.82,0.0
15TH_ST_IMPERIAL_AV,15TH ST & IMPERIAL AV,East Village,-117.1511004,32.7057566,28.42,3,high,1.0,12.0,12.0,28.419166666666666,62.03,19.03,17,0.0,1,True,0,538.0,0,0,5,0,,0,0,0,0,246.4,0,1,2,0.0,0,0,425.1,0.0,0,0.0,28.42,28.42
08TH_AV_E_ST,08TH AV & E ST,East Village,-117.1578739,32.7141511,27.39,4,high,1.0,12.0,12.0,27.3875,62.31,12.5,9,2.0,0,True,0,178.3,1,4,11,0,,0,0,0,0,108.9,2,2,3,0.0,4,1,213.9,0.23,0,0.23,27.39,0.0
PARK_BL_J_ST,PARK BL & J ST,East Village,-117.1540298,32.7087234,23.23,5,high,0.917,11.0,12.0,23.229166666666668,58.25,26.5,23,2.0,0,True,0,305.0,0,1,9,0,,0,0,0,0,509.4,0,0,4,23.229166666666668,1,1,208.9,7.0,1,7.0,0.0,0.0
16TH_ST_MARKET_ST,16TH ST & MARKET ST,East Village,-117.1499028,32.7109864,22.95,6,high,1.0,12.0,12.0,22.9525,43.5,15.75,7,5.0,0,True,1,54.9,2,2,3,0,,0,0,0,0,237.1,0,1,4,0.0,2,1,256.8,7.0,1,7.0,0.0,0.0
03RD_AV_A_ST,03RD AV & A ST,City Center,-117.1629391,32.7177955,21.4,7,high,0.833,10.0,12.0,21.39583333333333,65.25,64.0,64,0.0,0,True,0,274.2,0,5,8,0,,0,0,0,0,202.0,0,2,5,0.0,5,0,411.2,0.0,0,0.0,21.4,21.4
19TH_ST_MARKET_ST,19TH ST & MARKET ST,Outside Perimeter,-117.1471172,32.7109932,17.87,8,high,,,,,,17.869999999999997,1,5.0,4,False,0,185.2,1,2,2,0,,0,0,0,0,147.4,1,1,2,0.0,2,0,486.6,0.0,0,0.0,17.87,17.87
17TH_ST_ISLAND_AV,17TH ST & ISLAND AV,East Village,-117.1489889,32.7099281,17.52,9,high,1.0,12.0,12.0,17.515833333333333,39.0,5.0,5,0.0,0,True,0,114.1,2,2,3,0,,0,0,0,0,112.3,1,1,3,0.0,2,1,286.0,7.0,1,7.0,0.0,0.0
S_16TH_ST_NATIONAL_AV,S 16TH ST & NATIONAL AV,Outside Perimeter,-117.1514994,32.7044166,16.0,10,high,,,,,,16.0,2,8.0,0,False,0,625.3,0,0,3,0,,0,0,0,0,192.9,1,1,2,0.0,0,0,567.8,0.0,0,0.0,16.0,16.0
19TH_ST_I-5_SB_OFF_RA,19TH ST & I-5 SB OFF RA,Outside Perimeter,-117.1472282,32.7175296,15.25,11,high,,,,,,15.25,3,7.0,0,False,0,691.4,0,0,1,0,,0,0,0,0,862.1,0,0,0,0.0,0,0,958.0,0.0,0,0.0,15.25,15.25
02ND_AV_I-5_SB,02ND AV & I-5 SB,Cortez,-117.1634219,32.7225051,14.15,12,medium,0.75,9.0,12.0,14.153333333333334,52.03,2.0,2,0.0,0,True,0,689.7,0,0,4,0,,0,0,0,0,215.3,0,6,6,0.0,0,1,288.3,0.46,0,0.46,14.15,0.0
16TH_ST_J_ST,16TH ST & J ST,East Village,-117.1498877,32.7088871,13.27,13,medium,1.0,12.0,12.0,13.270833333333334,22.0,10.25,5,3.0,0,True,0,179.9,1,2,3,0,,0,0,0,0,220.4,0,1,3,0.0,2,1,209.3,7.0,1,7.0,0.0,0.0
22ND_ST_SR-94_EB_ON_RA,22ND ST & SR-94 EB ON RA,Outside Perimeter,-117.1461263,32.7125135,13.25,14,medium,,,,,,13.25,1,7.0,0,False,0,291.9,0,1,2,0,,0,0,0,0,340.3,0,1,2,0.0,1,0,616.1,0.0,0,0.0,13.25,13.25
14TH_ST_K_ST,14TH ST & K ST,East Village,-117.1523339,32.7078495,12.91,15,medium,0.917,11.0,12.0,12.905833333333334,58.59,3.0,3,0.0,0,True,0,367.2,0,1,8,0,,0,0,0,0,477.0,0,0,4,12.905833333333334,1,1,186.4,7.0,1,7.0,0.0,0.0
17TH_ST_MARKET_ST,17TH ST & MARKET ST,East Village,-117.1490019,32.7109934,12.59,16,medium,0.917,11.0,12.0,12.591666666666669,30.0,6.0,6,0.0,0,True,1,56.4,2,2,2,0,,0,0,0,0,174.1,1,1,3,0.0,2,1,326.3,7.0,1,7.0,0.0,0.0
Map_Border_NATIONAL_AV,Map Border & NATIONAL AV,East Village,-117.1524081,32.7055029,12.42,17,medium,0.75,9.0,12.0,12.416666666666666,57.25,4.75,3,1.0,0,True,0,489.4,0,0,9,0,,0,0,0,0,319.7,0,1,2,0.0,0,0,446.6,0.0,0,0.0,12.42,12.42
17TH_ST_J_ST,17TH ST & J ST,East Village,-117.1489996,32.708891,12.23,18,medium,1.0,12.0,12.0,12.231666666666667,19.75,10.0,10,0.0,0,True,0,202.1,0,2,3,0,,0,0,0,0,151.2,1,1,2,0.0,2,1,289.1,7.0,1,7.0,0.0,0.0
UNION_ST_W_ASH_ST,UNION ST & W ASH ST,Columbia,-117.1660488,32.7193532,11.67,19,medium,1.0,12.0,12.0,11.669166666666667,25.25,6.5,3,2.0,0,True,0,271.2,0,2,7,0,,0,0,0,0,360.9,0,1,6,0.0,2,1,352.8,0.46,0,0.46,11.67,0.0
04TH_AV_B_ST,04TH AV & B ST,City Center,-117.1615558,32.7172806,11.62,20,medium,0.667,8.0,12.0,11.625,47.75,1.0,1,0.0,0,True,0,201.0,0,5,8,0,,0,0,0,0,254.3,0,1,6,0.0,5,1,276.3,0.23,0,0.23,11.62,0.0
05TH_AV_CEDAR_ST,05TH AV & CEDAR ST,Cortez,-117.1606714,32.7214611,10.98,21,medium,0.917,11.0,12.0,10.979166666666666,22.75,13.0,13,0.0,0,True,0,595.9,0,0,6,0,,0,0,0,0,93.0,2,4,6,0.0,0,0,558.1,0.0,0,0.0,10.98,10.98
15TH_ST_J_ST,15TH ST & J ST,East Village,-117.1511125,32.7088926,10.83,22,medium,0.917,11.0,12.0,10.825833333333334,46.0,2.0,2,0.0,0,True,0,207.1,0,2,6,0,,0,0,0,0,326.3,0,1,4,0.0,2,1,107.2,7.0,1,7.0,0.0,0.0
S_16TH_ST_COMMERCIAL_ST,S 16TH ST & COMMERCIAL ST,Outside Perimeter,-117.1502989,32.7048412,10.56,23,medium,,,,,,10.56,3,2.0,2,False,0,630.6,0,0,4,0,,0,0,0,0,119.9,1,1,2,0.0,0,0,542.5,0.0,0,0.0,10.56,10.56
I-5_SB_OFF_RA_J_ST,I-5 SB OFF RA & J ST,East Village,-117.1481715,32.7089424,10.44,24,medium,0.75,9.0,12.0,10.44,31.25,31.25,5,15.0,0,True,0,243.7,0,2,2,0,,0,0,0,0,101.6,1,1,3,0.0,2,1,363.9,7.0,1,7.0,0.0,0.0
14TH_ST_IMPERIAL_AV,14TH ST & IMPERIAL AV,East Village,-117.1522731,32.705974,10.42,25,medium,0.667,8.0,12.0,10.416666666666666,38.25,0.0,0,0.0,0,True,0,478.3,0,0,9,0,,0,0,0,0,340.2,0,1,2,0.0,0,1,393.3,7.0,1,7.0,0.0,0.0
03RD_AV_I-5_SB,03RD AV & I-5 SB,Cortez,-117.1625336,32.7223266,10.13,26,medium,0.583,7.0,12.0,10.1325,36.03,0.0,0,0.0,0,True,0,715.0,0,0,5,0,,0,0,0,0,145.7,2,5,6,0.0,0,1,372.0,0.46,0,0.46,10.13,0.0
16TH_ST_G_ST,16TH ST & G ST,East Village,-117.1499191,32.7120806,10.04,27,medium,0.917,11.0,12.0,10.044166666666667,16.75,10.25,5,3.0,0,True,0,107.6,2,2,2,0,,0,0,0,0,322.3,0,1,3,0.0,2,1,347.2,7.0,1,7.0,0.0,0.0
13TH_ST_K_ST,13TH ST & K ST,East Village,-117.1532529,32.7078497,9.96,28,medium,0.667,8.0,12.0,9.958333333333334,35.5,0.0,0,0.0,0,True,0,352.1,0,1,9,0,,0,0,0,0,554.3,0,0,4,9.958333333333334,1,1,218.0,7.0,1,7.0,0.0,0.0
10TH_AV_B_ST,10TH AV & B ST,City Center,-117.1560639,32.7172883,9.23,29,medium,1.0,12.0,12.0,9.229166666666666,37.0,3.0,3,0.0,0,True,0,343.9,0,2,5,0,,0,0,0,0,458.8,0,0,5,9.229166666666666,2,1,378.4,0.23,0,0.23,9.23,0.0
09TH_AV_BROADWAY,09TH AV & BROADWAY,City Center,-117.156977,32.7151974,8.9,30,medium,0.833,10.0,12.0,8.895833333333334,22.0,0.0,0,0.0,0,True,0,208.5,0,4,8,0,,0,0,0,0,213.4,0,2,4,0.0,4,1,238.7,0.23,0,0.23,8.9,0.0
UNION_ST_W_C_ST,UNION ST & W C ST,Columbia,-117.1660445,32.7162224,8.77,31,medium,0.667,8.0,12.0,8.770833333333334,30.75,0.0,0,0.0,0,True,0,111.8,2,3,11,0,,0,0,0,0,512.6,0,0,2,8.770833333333334,3,0,618.3,0.0,0,0.0,8.77,8.77
13TH_ST_BROADWAY,13TH ST & BROADWAY,East Village,-117.1533262,32.7152197,8.75,32,medium,0.917,11.0,12.0,8.7475,30.75,3.0,3,0.0,0,True,0,550.2,0,0,6,0,,0,0,0,0,401.2,0,0,3,8.7475,0,0,579.1,0.0,0,0.0,8.75,8.75
21ST_ST_RUSS_BL,21ST ST & RUSS BL,Outside Perimeter,-117.1452507,32.7187746,8.75,32,medium,,,,,,8.75,0,5.0,0,False,0,882.7,0,0,0,0,,0,0,0,0,1027.2,0,0,0,0.0,0,0,785.7,0.0,0,0.0,8.75,8.75
05TH_AV_BROADWAY,05TH AV & BROADWAY,Gaslamp,-117.1606163,32.7151718,8.71,34,medium,1.0,12.0,12.0,8.708333333333334,20.0,6.0,6,0.0,0,True,1,25.7,4,5,10,0,,0,0,0,0,374.0,0,1,4,0.0,5,1,110.8,0.23,0,0.23,8.71,0.0
14TH_ST_L_ST,14TH ST & L ST,East Village,-117.1523303,32.7068041,8.66,35,medium,1.0,12.0,12.0,8.661666666666667,18.5,6.0,6,0.0,0,True,0,446.3,0,0,8,0,,0,0,0,0,409.5,0,0,3,8.661666666666667,0,1,301.7,7.0,1,7.0,0.0,0.0
UNION_ST_W_A_ST,UNION ST & W A ST,Columbia,-117.1660611,32.7182992,8.27,36,medium,1.0,12.0,12.0,8.270833333333334,25.75,1.0,1,0.0,0,True,0,160.3,1,3,8,0,,0,0,0,0,385.6,0,1,4,0.0,3,0,469.4,0.0,0,0.0,8.27,8.27
14TH_ST_ISLAND_AV,14TH ST & ISLAND AV,East Village,-117.1523586,32.7099402,7.43,37,medium,0.833,10.0,12.0,7.4325,25.41,2.0,2,0.0,0,True,0,229.5,0,2,8,0,,0,0,0,0,427.3,0,0,4,7.4325,2,1,59.4,7.0,1,7.0,0.0,0.0
10TH_AV_C_ST,10TH AV & C ST,City Center,-117.1560671,32.7162421,7.4,38,medium,0.667,8.0,12.0,7.395833333333333,55.5,5.0,5,0.0,0,True,0,311.6,0,2,5,0,,0,0,0,0,347.3,0,2,4,0.0,2,1,332.0,0.23,0,0.23,7.4,0.0
FRONT_ST_W_B_ST,FRONT ST & W B ST,City Center,-117.1651867,32.7172606,7.38,39,medium,0.75,9.0,12.0,7.375,20.5,0.0,0,0.0,0,True,0,153.9,1,3,8,0,,0,0,0,0,374.7,0,1,3,0.0,3,0,567.6,0.0,0,0.0,7.38,7.38
I-5_SB_OFF_RA_Map_Border,I-5 SB OFF RA & Map Border,East Village,-117.1484631,32.7080044,6.78,40,medium,0.833,10.0,12.0,6.780833333333334,15.75,15.75,0,9.0,0,True,0,312.9,0,2,2,0,,0,0,0,0,209.3,0,1,2,0.0,2,1,370.8,7.0,1,7.0,0.0,0.0
09TH_AV_C_ST,09TH AV & C ST,City Center,-117.1569898,32.7162425,6.75,41,medium,0.75,9.0,12.0,6.75,24.0,0.0,0,0.0,0,True,0,232.1,0,3,6,0,,0,0,0,0,328.8,0,2,4,0.0,3,1,249.2,0.23,0,0.23,6.75,0.0
11TH_AV_C_ST,11TH AV & C ST,City Center,-117.1551682,32.7162482,6.4,42,medium,0.917,11.0,12.0,6.395833333333333,22.75,6.75,5,1.0,0,True,0,392.1,0,1,5,0,,0,0,0,0,384.2,0,1,4,0.0,1,0,414.2,0.0,0,0.0,6.4,6.4
15TH_ST_MARKET_ST,15TH ST & MARKET ST,East Village,-117.1511361,32.7109935,6.39,43,medium,0.917,11.0,12.0,6.388333333333333,14.91,3.0,3,0.0,0,True,0,119.8,1,2,5,0,,0,0,0,0,339.5,0,1,4,0.0,2,1,184.9,7.0,1,7.0,0.0,0.0
06TH_AV_F_ST,06TH AV & F ST,Gaslamp,-117.1596933,32.713099,6.38,44,medium,0.917,11.0,12.0,6.375,20.0,4.0,4,0.0,0,True,0,235.6,0,4,14,0,,0,0,0,0,225.3,0,2,3,0.0,4,1,267.9,0.23,0,0.23,6.38,0.0
07TH_AV_ISLAND_AV,07TH AV & ISLAND AV,East Village,-117.1587482,32.7099117,6.27,45,medium,0.917,11.0,12.0,6.270833333333333,19.0,5.5,2,2.0,0,True,0,72.0,2,6,14,0,,0,0,0,0,384.3,0,1,2,0.0,6,0,626.1,0.0,0,0.0,6.27,6.27
PARK_BL_C_ST,PARK BL & C ST,City Center,-117.1542651,32.7162557,6.25,46,medium,1.0,12.0,12.0,6.25,16.0,16.0,16,0.0,0,True,0,474.3,0,0,6,0,,0,0,0,0,434.8,0,0,2,6.25,0,0,497.5,0.0,0,0.0,6.25,6.25
FRONT_ST_W_A_ST,FRONT ST & W A ST,City Center,-117.165161,32.7182965,5.98,47,medium,0.75,9.0,12.0,5.979166666666667,12.25,1.0,1,0.0,0,True,0,210.7,0,3,8,0,,0,0,0,0,308.0,0,1,4,0.0,3,0,484.5,0.0,0,0.0,5.98,5.98
16TH_ST_IMPERIAL_AV,16TH ST & IMPERIAL AV,East Village,-117.1498956,32.7057509,5.92,48,medium,0.917,11.0,12.0,5.9191666666666665,12.06,3.0,3,0.0,0,True,0,528.8,0,0,3,0,,0,0,0,0,198.4,1,1,2,0.0,0,0,461.6,0.0,0,0.0,5.92,5.92
16TH_ST_F_ST,16TH ST & F ST,East Village,-117.1499278,32.7131519,5.71,49,medium,0.75,9.0,12.0,5.710833333333333,14.0,4.5,1,2.0,0,True,0,203.4,0,2,2,0,,0,0,0,0,423.0,0,0,3,5.710833333333333,2,0,450.5,0.0,0,0.0,5.71,5.71
08TH_AV_BROADWAY,08TH AV & BROADWAY,City Center,-117.1578757,32.7151887,5.5,50,medium,0.333,4.0,12.0,5.5025,40.25,0.0,0,0.0,0,True,0,124.7,2,4,8,0,,0,0,0,0,217.1,0,2,4,0.0,4,1,156.0,0.23,0,0.23,5.5,0.0
17TH_ST_IMPERIAL_AV,17TH ST & IMPERIAL AV,East Village,-117.148974,32.7057471,5.48,51,medium,1.0,12.0,12.0,5.480833333333333,8.12,5.0,5,0.0,0,True,0,537.7,0,0,3,0,,0,0,0,0,200.6,0,1,2,0.0,0,0,504.8,0.0,0,0.0,5.48,5.48
KETTNER_BL_W_E_ST,KETTNER BL & W E ST,Marina,-117.1701433,32.7140949,5.46,52,medium,0.667,8.0,12.0,5.458333333333333,19.25,0.0,0,0.0,0,True,0,303.9,0,4,7,0,,0,0,0,0,956.9,0,0,0,5.458333333333333,4,0,995.9,0.0,0,0.0,5.46,5.46
14TH_ST_F_ST,14TH ST & F ST,East Village,-117.1523916,32.713136,5.27,53,medium,0.667,8.0,12.0,5.270833333333333,15.75,0.0,0,0.0,0,True,0,366.2,0,2,7,0,,0,0,0,0,386.6,0,1,3,0.0,2,0,406.4,0.0,0,0.0,5.27,5.27
11TH_AV_B_ST,11TH AV & B ST,City Center,-117.1551753,32.7172964,5.27,53,medium,0.917,11.0,12.0,5.270833333333333,22.75,0.0,0,0.0,0,True,0,423.1,0,0,4,0,,0,0,0,0,487.4,0,0,4,5.270833333333333,0,0,451.8,0.0,0,0.0,5.27,5.27
04TH_AV_BROADWAY,04TH AV & BROADWAY,City Center,-117.1624468,32.7140043,5.12,55,medium,0.833,10.0,12.0,5.125,27.75,3.0,3,0.0,0,True,1,189.9,1,6,12,0,,0,0,0,0,488.4,0,0,4,5.125,6,1,322.3,0.23,0,0.23,5.12,0.0
13TH_ST_MARKET_ST,13TH ST & MARKET ST,East Village,-117.1532832,32.7109913,5.0,56,low,0.917,11.0,12.0,5.005,8.03,5.0,5,0.0,0,True,0,312.3,0,1,9,0,,0,0,0,0,362.4,0,1,3,0.0,1,1,205.0,7.0,1,7.0,0.0,0.0
13TH_ST_ISLAND_AV,13TH ST & ISLAND AV,East Village,-117.1532643,32.709928,4.85,57,low,0.833,10.0,12.0,4.854166666666667,20.25,0.0,0,0.0,0,True,0,312.3,0,1,8,0,,0,0,0,0,440.5,0,0,4,4.854166666666667,1,1,127.6,7.0,1,7.0,0.0,0.0
08TH_AV_MARKET_ST,08TH AV & MARKET ST,East Village,-117.1578318,32.7109649,4.81,58,low,0.833,10.0,12.0,4.8125,11.5,4.0,4,0.0,0,True,0,195.6,1,3,15,0,,0,0,0,0,239.4,0,2,2,0.0,3,0,528.5,0.0,0,0.0,4.81,4.81
INDIA_ST_W_B_ST,INDIA ST & W B ST,Columbia,-117.1687224,32.7167409,4.75,59,low,0.75,9.0,12.0,4.7525,15.03,5.0,5,0.0,0,True,0,86.6,2,2,10,0,,0,0,0,0,683.8,0,0,1,4.7525,2,0,674.1,0.0,0,0.0,4.75,4.75
14TH_ST_MARKET_ST,14TH ST & MARKET ST,East Village,-117.1523631,32.7109961,4.69,60,low,0.75,9.0,12.0,4.6875,11.5,0.0,0,0.0,0,True,0,228.1,0,2,8,0,,0,0,0,0,436.4,0,0,3,4.6875,2,1,170.0,7.0,1,7.0,0.0,0.0
PARK_BL_B_ST,PARK BL & B ST,City Center,-117.1542247,32.7172888,4.69,60,low,0.917,11.0,12.0,4.6875,11.75,11.75,10,1.0,0,True,0,508.8,0,0,4,0,,0,0,0,0,529.3,0,0,4,4.6875,0,0,532.7,0.0,0,0.0,4.69,4.69
PARK_BL_A_ST,PARK BL & A ST,City Center,-117.1542312,32.7183468,4.67,62,low,0.75,9.0,12.0,4.671666666666667,15.03,1.0,1,0.0,0,True,0,548.3,0,0,4,0,,0,0,0,0,631.1,0,0,4,4.671666666666667,0,0,586.5,0.0,0,0.0,4.67,4.67
03RD_AV_ASH_ST,03RD AV & ASH ST,Cortez,-117.162472,32.7193651,4.61,63,low,0.917,11.0,12.0,4.609166666666667,15.0,3.0,3,0.0,0,True,0,446.5,0,0,7,0,,0,0,0,1,29.6,1,2,6,0.0,0,0,512.5,0.0,0,0.0,4.61,4.61
16TH_ST_K_ST,16TH ST & K ST,East Village,-117.1506552,32.7073213,4.54,64,low,0.917,11.0,12.0,4.5441666666666665,10.03,10.03,8,0.0,1,True,0,359.1,0,1,5,0,,0,0,0,0,384.3,0,2,2,0.0,1,1,273.3,7.0,1,7.0,0.0,0.0
10TH_AV_G_ST,10TH AV & G ST,East Village,-117.1560204,32.7120547,4.5,65,low,0.75,9.0,12.0,4.5,18.25,1.0,1,0.0,0,True,0,384.7,0,1,13,0,,0,0,0,0,94.3,2,2,2,0.0,1,0,471.9,0.0,0,0.0,4.5,4.5
03RD_AV_C_ST,03RD AV & C ST,City Center,-117.162456,32.7162277,4.5,65,low,0.833,10.0,12.0,4.5,16.75,2.0,2,0.0,0,True,0,142.8,2,5,8,0,,0,0,0,0,365.1,0,1,5,0.0,5,1,288.5,0.23,0,0.23,4.5,0.0
I-5_SB_IMPERIAL_AV,I-5 SB & IMPERIAL AV,East Village,-117.1479977,32.7057081,4.41,67,low,0.667,8.0,12.0,4.411666666666666,14.28,0.0,0,0.0,0,True,0,565.4,0,0,2,0,,0,0,0,0,236.5,0,1,2,0.0,0,0,564.5,0.0,0,0.0,4.41,4.41
06TH_AV_C_ST,06TH AV & C ST,City Center,-117.1597014,32.7162296,4.34,68,low,0.833,10.0,12.0,4.335833333333333,16.0,16.0,16,0.0,0,True,1,19.1,4,4,9,0,,0,0,0,0,396.2,0,1,5,0.0,4,1,83.4,0.23,0,0.23,4.34,0.0
05TH_AV_B_ST,05TH AV & B ST,City Center,-117.160627,32.7172852,4.31,69,low,0.75,9.0,12.0,4.3125,28.0,2.0,2,0.0,0,True,0,160.4,1,5,8,0,,0,0,0,0,287.2,0,1,6,0.0,5,1,225.0,0.23,0,0.23,4.31,0.0
04TH_AV_BEECH_ST,04TH AV & BEECH ST,Cortez,-117.1615763,32.7204154,4.29,70,low,0.667,8.0,12.0,4.291666666666667,16.0,0.0,0,0.0,0,True,0,508.0,0,0,7,0,,0,0,0,0,65.5,2,3,6,0.0,0,0,516.3,0.0,0,0.0,4.29,4.29
KETTNER_BL_W_A_ST,KETTNER BL & W A ST,Columbia,-117.1696087,32.7172597,4.27,71,low,0.833,10.0,12.0,4.270833333333333,7.75,5.0,5,0.0,0,True,0,177.0,1,2,8,0,,0,0,0,0,737.4,0,0,1,4.270833333333333,2,0,652.0,0.0,0,0.0,4.27,4.27
06TH_AV_BROADWAY,06TH AV & BROADWAY,Gaslamp,-117.1597059,32.7151784,4.25,72,low,0.917,11.0,12.0,4.25,13.0,8.0,8,0.0,0,True,0,49.3,4,4,10,0,,0,0,0,0,307.4,0,1,4,0.0,4,1,40.7,0.23,0,0.23,4.25,0.0
09TH_AV_F_ST,09TH AV & F ST,East Village,-117.1569871,32.7131219,4.19,73,low,1.0,12.0,12.0,4.1925,11.5,4.029999999999999,2,0.0,1,True,0,319.0,0,1,14,0,,0,0,0,2,35.4,2,2,2,0.0,1,1,354.2,0.23,0,0.23,4.19,0.0
03RD_AV_J_ST,03RD AV & J ST,Marina,-117.1623282,32.7084097,4.19,73,low,0.75,9.0,12.0,4.19,13.0,0.0,0,0.0,0,True,0,184.2,1,6,12,0,,0,0,0,0,719.8,0,0,2,4.19,6,0,832.6,0.0,0,0.0,4.19,4.19
17TH_ST_F_ST,17TH ST & F ST,East Village,-117.1490065,32.7131541,4.18,75,low,0.917,11.0,12.0,4.1825,23.75,1.75,0,1.0,0,True,0,184.1,1,2,2,0,,0,0,0,0,390.1,0,1,3,0.0,2,0,494.0,0.0,0,0.0,4.18,4.18
13TH_ST_J_ST,13TH ST & J ST,East Village,-117.1532612,32.7088911,3.94,76,low,0.417,5.0,12.0,3.9375,15.75,0.0,0,0.0,0,True,0,354.1,0,2,8,0,,0,0,0,0,521.4,0,0,4,3.9375,2,1,136.2,7.0,1,7.0,0.0,0.0
04TH_AV_G_ST,04TH AV & G ST,Marina,-117.1615051,32.7120166,3.92,77,low,0.917,11.0,12.0,3.9166666666666665,13.0,3.0,3,0.0,0,True,0,253.2,0,4,16,0,,0,0,0,0,419.0,0,0,2,3.9166666666666665,4,0,430.9,0.0,0,0.0,3.92,3.92
06TH_AV_K_ST,06TH AV & K ST,Gaslamp,-117.1596315,32.7077977,3.67,78,low,0.917,11.0,12.0,3.6666666666666665,6.0,2.0,2,0.0,0,True,1,33.8,5,8,9,0,,0,0,0,0,629.4,0,0,2,3.6666666666666665,8,0,739.5,0.0,0,0.0,3.67,3.67
FRONT_ST_W_ASH_ST,FRONT ST & W ASH ST,Cortez,-117.1651687,32.7193522,3.67,78,low,0.583,7.0,12.0,3.6666666666666665,11.0,1.0,1,0.0,0,True,0,303.2,0,2,7,0,,0,0,0,0,278.5,0,2,6,0.0,2,1,371.9,0.46,0,0.46,3.67,0.0
13TH_ST_IMPERIAL_AV,13TH ST & IMPERIAL AV,East Village,-117.1529333,32.7061363,3.67,78,low,0.25,3.0,12.0,3.6666666666666665,29.0,10.0,10,0.0,0,True,0,414.3,0,0,9,0,,0,0,0,0,400.0,0,1,2,0.0,0,1,384.5,7.0,1,7.0,0.0,0.0
I-5_SB_ON_RA_C_ST,I-5 SB ON RA & C ST,East Village,-117.1483469,32.7162533,3.64,81,low,0.667,8.0,12.0,3.645,21.0,21.0,0,12.0,0,True,0,532.7,0,0,2,0,,0,0,0,0,720.2,0,0,1,3.645,0,0,826.0,0.0,0,0.0,3.64,3.64
06TH_AV_MARKET_ST,06TH AV & MARKET ST,Gaslamp,-117.1596713,32.7109659,3.42,82,low,0.833,10.0,12.0,3.4166666666666665,12.0,3.0,3,0.0,0,True,0,215.5,0,4,14,0,,0,0,0,0,341.8,0,2,2,0.0,4,0,505.0,0.0,0,0.0,3.42,3.42
13TH_ST_L_ST,13TH ST & L ST,East Village,-117.1532624,32.7068048,3.35,83,low,0.833,10.0,12.0,3.3541666666666665,8.0,2.0,2,0.0,0,True,0,361.1,0,1,9,0,,0,0,0,0,470.8,0,0,3,3.3541666666666665,1,1,322.5,7.0,1,7.0,0.0,0.0
11TH_AV_BROADWAY,11TH AV & BROADWAY,City Center,-117.1551477,32.715209,3.33,84,low,0.833,10.0,12.0,3.333333333333333,13.75,1.0,1,0.0,0,True,0,379.7,0,1,8,0,,0,0,0,0,292.9,0,2,2,0.0,1,0,408.9,0.0,0,0.0,3.33,3.33
04TH_AV_A_ST,04TH AV & A ST,City Center,-117.161562,32.7183232,3.31,85,low,0.833,10.0,12.0,3.3125,7.75,2.0,2,0.0,0,True,0,305.2,0,4,8,0,,0,0,0,0,144.0,1,2,6,0.0,4,1,368.9,0.23,0,0.23,3.31,0.0
05TH_AV_ASH_ST,05TH AV & ASH ST,Cortez,-117.1606493,32.7193752,3.29,86,low,0.833,10.0,12.0,3.2916666666666665,6.0,0.0,0,0.0,0,True,0,369.5,0,1,7,0,,0,0,0,0,145.9,2,2,7,0.0,1,0,444.6,0.0,0,0.0,3.29,3.29
11TH_AV_A_ST,11TH AV & A ST,City Center,-117.1551703,32.7183485,3.15,87,low,0.917,11.0,12.0,3.145833333333333,8.0,4.75,3,1.0,0,True,0,470.8,0,0,4,0,,0,0,0,0,596.3,0,0,5,3.145833333333333,0,0,514.8,0.0,0,0.0,3.15,3.15
12TH_AV_PARK_BL,12TH AV & PARK BL,East Village,-117.1545023,32.7069832,3.12,88,low,0.667,8.0,12.0,3.125,16.5,1.0,1,0.0,0,True,0,243.8,0,2,10,0,,0,0,0,0,574.3,0,0,4,3.125,2,1,365.3,7.0,1,7.0,0.0,0.0
05TH_AV_E_ST,05TH AV & E ST,Gaslamp,-117.1606053,32.7141324,3.06,89,low,0.833,10.0,12.0,3.0625,7.0,2.0,2,0.0,0,True,0,98.3,3,6,12,0,,0,0,0,0,323.2,0,1,4,0.0,6,1,184.1,0.23,0,0.23,3.06,0.0
05TH_AV_F_ST,05TH AV & F ST,Gaslamp,-117.1605939,32.7130875,3.0,90,low,1.0,12.0,12.0,3.0,6.0,2.0,2,0.0,0,True,0,213.8,0,5,15,0,,0,0,0,0,309.4,0,2,3,0.0,5,1,287.4,0.23,0,0.23,3.0,0.0
06TH_AV_G_ST,06TH AV & G ST,Gaslamp,-117.1596875,32.7120348,2.94,91,low,1.0,12.0,12.0,2.9375,4.75,3.0,3,0.0,0,True,0,324.1,0,4,14,0,,0,0,0,0,264.3,0,2,2,0.0,4,1,386.1,0.23,0,0.23,2.94,0.0
13TH_ST_G_ST,13TH ST & G ST,East Village,-117.1533019,32.7120729,2.92,92,low,0.583,7.0,12.0,2.9166666666666665,10.0,0.0,0,0.0,0,True,0,355.4,0,1,10,0,,0,0,0,0,310.3,0,2,3,0.0,1,1,311.3,7.0,1,7.0,0.0,0.0
05TH_AV_MARKET_ST,05TH AV & MARKET ST,Gaslamp,-117.1605705,32.710951,2.88,93,low,0.917,11.0,12.0,2.8775,7.75,3.0,3,0.0,0,True,0,252.3,0,5,14,0,,0,0,0,0,402.8,0,0,2,2.8775,5,0,516.2,0.0,0,0.0,2.88,2.88
02ND_AV_ISLAND_AV,02ND AV & ISLAND AV,Marina,-117.1633191,32.7098806,2.78,94,low,0.583,7.0,12.0,2.775833333333334,13.25,0.0,0,0.0,0,True,0,271.1,0,4,16,0,,0,0,0,0,680.2,0,0,2,2.775833333333334,4,0,720.6,0.0,0,0.0,2.78,2.78
07TH_AV_BROADWAY,07TH AV & BROADWAY,City Center,-117.158807,32.7151884,2.67,95,low,0.417,5.0,12.0,2.6666666666666665,23.25,3.0,3,0.0,0,True,1,38.8,3,4,9,0,,0,0,0,0,253.2,0,2,4,0.0,4,1,73.6,0.23,0,0.23,2.67,0.0
04TH_AV_C_ST,04TH AV & C ST,City Center,-117.1615429,32.7162311,2.62,96,low,0.5,6.0,12.0,2.625,17.5,0.0,0,0.0,0,True,0,87.5,3,5,8,0,,0,0,0,0,369.1,0,1,5,0.0,5,1,207.9,0.23,0,0.23,2.62,0.0
17TH_ST_C_ST,17TH ST & C ST,East Village,-117.1490392,32.7162877,2.59,97,low,0.417,5.0,12.0,2.5908333333333333,24.0,24.0,3,12.0,0,True,0,533.0,0,0,2,0,,0,0,0,0,731.5,0,0,2,2.5908333333333333,0,0,804.9,0.0,0,0.0,2.59,2.59
04TH_AV_CEDAR_ST,04TH AV & CEDAR ST,Cortez,-117.1615802,32.7214559,2.59,97,low,0.667,8.0,12.0,2.588333333333334,8.03,6.0,6,0.0,0,True,0,616.7,0,0,7,0,,0,0,0,1,51.3,2,4,6,0.0,0,0,475.3,0.0,0,0.0,2.59,2.59
15TH_ST_F_ST,15TH ST & F ST,East Village,-117.1511605,32.7131435,2.44,99,low,0.583,7.0,12.0,2.44,17.25,0.0,0,0.0,0,True,0,272.8,0,2,3,0,,0,0,0,0,487.4,0,0,3,2.44,2,0,413.1,0.0,0,0.0,2.44,2.44
I-5_SB_ON_RA_G_ST,I-5 SB ON RA & G ST,East Village,-117.1481739,32.7120816,2.4,100,low,0.333,4.0,12.0,2.395833333333333,24.0,1.0,1,0.0,0,True,0,100.9,1,2,2,0,,0,0,0,0,256.4,0,1,3,0.0,2,0,459.4,0.0,0,0.0,2.4,2.4
06TH_AV_L_ST,06TH AV & L ST,Gaslamp,-117.1597181,32.7068019,2.33,101,low,0.917,11.0,12.0,2.333333333333333,6.0,2.0,2,0.0,0,True,0,77.7,4,8,10,0,,0,0,0,0,732.6,0,0,2,2.333333333333333,8,0,782.8,0.0,0,0.0,2.33,2.33
10TH_AV_E_ST,10TH AV & E ST,East Village,-117.1560379,32.7141601,2.25,102,low,0.5,6.0,12.0,2.25,11.5,4.0,4,0.0,0,True,0,322.2,0,2,11,0,,0,0,0,0,152.1,2,2,2,0.0,2,1,356.9,0.23,0,0.23,2.25,0.0
05TH_AV_G_ST,05TH AV & G ST,Gaslamp,-117.1605939,32.7120267,2.23,103,low,0.833,10.0,12.0,2.2291666666666665,6.75,0.0,0,0.0,0,True,0,331.6,0,6,14,0,,0,0,0,0,339.5,0,2,2,0.0,6,1,400.0,0.23,0,0.23,2.23,0.0
16TH_ST_BROADWAY,16TH ST & BROADWAY,East Village,-117.149933,32.7152315,2.02,104,low,0.417,5.0,12.0,2.020833333333333,7.0,1.0,1,0.0,0,True,0,424.5,0,0,2,0,,0,0,0,0,636.8,0,0,3,2.020833333333333,0,0,666.8,0.0,0,0.0,2.02,2.02
STATE_ST_W_ASH_ST,STATE ST & W ASH ST,Columbia,-117.1669349,32.7193487,2.02,104,low,0.417,5.0,12.0,2.020833333333333,11.75,0.0,0,0.0,0,True,0,261.8,0,2,7,0,,0,0,0,0,443.8,0,0,6,2.020833333333333,2,1,353.2,0.46,0,0.46,2.02,0.0
13TH_ST_F_ST,13TH ST & F ST,East Village,-117.1532985,32.7131305,1.98,106,low,0.583,7.0,12.0,1.9791666666666667,8.5,1.0,1,0.0,0,True,0,425.7,0,0,9,0,,0,0,0,0,302.1,0,2,3,0.0,0,0,422.1,0.0,0,0.0,1.98,1.98
05TH_AV_C_ST,05TH AV & C ST,City Center,-117.1606236,32.7162302,1.96,107,low,0.833,10.0,12.0,1.9583333333333333,5.0,1.0,1,0.0,0,True,0,97.6,4,5,9,0,,0,0,0,0,392.8,0,1,5,0.0,5,1,133.0,0.23,0,0.23,1.96,0.0
06TH_AV_CEDAR_ST,06TH AV & CEDAR ST,Cortez,-117.1597531,32.7214606,1.94,108,low,0.417,5.0,12.0,1.9375,7.0,2.0,2,0.0,0,True,0,586.1,0,0,5,0,,0,0,0,0,171.5,1,4,6,0.0,0,0,642.5,0.0,0,0.0,1.94,1.94
15TH_ST_ISLAND_AV,15TH ST & ISLAND AV,East Village,-117.1511399,32.7099405,1.94,108,low,0.417,5.0,12.0,1.9383333333333328,7.979999999999999,2.0,2,0.0,0,True,0,123.6,1,2,6,0,,0,0,0,0,313.2,0,1,4,0.0,2,1,94.3,7.0,1,7.0,0.0,0.0
06TH_AV_A_ST,06TH AV & A ST,City Center,-117.1597219,32.7183308,1.9,110,low,0.5,6.0,12.0,1.8958333333333333,9.75,1.0,1,0.0,0,True,0,238.1,0,4,7,0,,0,0,0,0,266.1,0,2,6,0.0,4,1,315.8,0.23,0,0.23,1.9,0.0
07TH_AV_E_ST,07TH AV & E ST,East Village,-117.1587996,32.7141496,1.86,111,low,0.5,6.0,12.0,1.856666666666667,9.0,0.0,0,0.0,0,True,0,133.4,1,4,11,0,,0,0,0,0,169.3,1,2,3,0.0,4,1,164.0,0.23,0,0.23,1.86,0.0
05TH_AV_ISLAND_AV,05TH AV & ISLAND AV,Gaslamp,-117.1605805,32.709901,1.83,112,low,0.667,8.0,12.0,1.8333333333333333,7.0,1.0,1,0.0,0,True,0,163.6,1,5,14,0,,0,0,0,0,487.4,0,0,2,1.8333333333333333,5,0,631.4,0.0,0,0.0,1.83,1.83
03RD_AV_G_ST,03RD AV & G ST,Marina,-117.1624121,32.7120133,1.8,113,low,0.667,8.0,12.0,1.805,4.0,0.0,0,0.0,0,True,0,168.7,1,2,17,0,,0,0,0,0,499.8,0,0,2,1.805,2,0,474.4,0.0,0,0.0,1.8,1.8
10TH_AV_BROADWAY,10TH AV & BROADWAY,City Center,-117.1560569,32.7152016,1.77,114,low,0.5,6.0,12.0,1.7708333333333333,8.0,6.5,3,2.0,0,True,0,294.6,0,2,9,0,,0,0,0,0,241.6,0,2,3,0.0,2,1,324.2,0.23,0,0.23,1.77,0.0
S_17TH_ST_COMMERCIAL_ST,S 17TH ST & COMMERCIAL ST,Outside Perimeter,-117.1488823,32.7049507,1.75,115,low,,,,,,1.75,0,1.0,0,False,0,626.6,0,0,2,0,,0,0,0,0,120.6,1,1,2,0.0,0,0,584.6,0.0,0,0.0,1.75,1.75
PARK_BL_BROADWAY,PARK BL & BROADWAY,City Center,-117.1542276,32.7152116,1.73,116,low,0.75,9.0,12.0,1.7291666666666667,7.0,1.0,1,0.0,0,True,0,465.8,0,0,7,0,,0,0,0,0,342.6,0,2,2,0.0,0,0,494.9,0.0,0,0.0,1.73,1.73
17TH_ST_G_ST,17TH ST & G ST,East Village,-117.1490078,32.7120842,1.71,117,low,0.75,9.0,12.0,1.7083333333333333,5.5,5.5,2,2.0,0,True,0,65.0,2,2,2,0,,0,0,0,0,278.3,0,1,3,0.0,2,0,401.6,0.0,0,0.0,1.71,1.71
PARK_BL_E_ST,PARK BL & E ST,East Village,-117.154232,32.7141746,1.69,118,low,0.583,7.0,12.0,1.6875,5.0,4.0,4,0.0,0,True,0,481.9,0,0,9,0,,0,0,0,0,261.8,0,2,3,0.0,0,0,515.0,0.0,0,0.0,1.69,1.69
06TH_AV_E_ST,06TH AV & E ST,Gaslamp,-117.1596919,32.7141385,1.67,119,low,0.667,8.0,12.0,1.6666666666666667,7.0,0.0,0,0.0,0,True,0,137.3,2,4,12,0,,0,0,0,0,242.7,0,2,4,0.0,4,1,152.6,0.23,0,0.23,1.67,0.0
07TH_AV_C_ST,07TH AV & C ST,City Center,-117.1588143,32.7162388,1.67,119,low,0.667,8.0,12.0,1.6666666666666667,5.0,0.0,0,0.0,0,True,0,64.4,2,4,8,0,,0,0,0,0,356.6,0,1,5,0.0,4,1,104.4,0.23,0,0.23,1.67,0.0
PARK_BL_MARKET_ST,PARK BL & MARKET ST,East Village,-117.1541961,32.7109863,1.67,119,low,0.833,10.0,12.0,1.6666666666666667,4.0,1.0,1,0.0,0,True,0,396.7,0,1,11,0,,0,0,0,0,295.5,0,2,3,0.0,1,1,264.0,7.0,1,7.0,0.0,0.0
06TH_AV_B_ST,06TH AV & B ST,City Center,-117.1597396,32.7172918,1.65,122,low,0.5,6.0,12.0,1.6458333333333333,7.0,7.0,7,0.0,0,True,0,123.6,1,4,8,0,,0,0,0,0,336.9,0,1,6,0.0,4,1,200.7,0.23,0,0.23,1.65,0.0
09TH_AV_B_ST,09TH AV & B ST,City Center,-117.1570047,32.7172966,1.6,123,low,0.5,6.0,12.0,1.596666666666667,7.0,0.0,0,0.0,0,True,0,263.7,0,2,5,0,,0,0,0,0,445.8,0,0,5,1.596666666666667,2,1,307.6,0.23,0,0.23,1.6,0.0
07TH_AV_B_ST,07TH AV & B ST,City Center,-117.1588132,32.7172886,1.58,124,low,0.583,7.0,12.0,1.5833333333333333,4.0,3.0,3,0.0,0,True,0,137.2,1,4,7,0,,0,0,0,0,401.5,0,0,5,1.5833333333333333,4,1,209.2,0.23,0,0.23,1.58,0.0
07TH_AV_G_ST,07TH AV & G ST,East Village,-117.1587796,32.7120424,1.58,124,low,0.667,8.0,12.0,1.5833333333333333,7.0,0.0,0,0.0,0,True,0,306.4,0,4,14,0,,0,0,0,0,197.0,1,2,2,0.0,4,1,390.8,0.23,0,0.23,1.58,0.0
01ST_AV_I-5_SB,01ST AV & I-5 SB,Cortez,-117.1643142,32.7227731,1.54,126,low,0.167,2.0,12.0,1.5416666666666667,17.5,0.0,0,0.0,0,True,0,683.5,0,0,2,0,,0,0,0,0,292.8,0,5,6,0.0,0,1,207.0,0.46,0,0.46,1.54,0.0
08TH_AV_F_ST,08TH AV & F ST,East Village,-117.1578741,32.7131096,1.54,126,low,0.583,7.0,12.0,1.5416666666666667,5.5,0.0,0,0.0,0,True,0,273.6,0,3,13,0,,0,0,0,0,57.8,2,2,2,0.0,3,1,306.6,0.23,0,0.23,1.54,0.0
05TH_AV_BEECH_ST,05TH AV & BEECH ST,Cortez,-117.1606585,32.7204177,1.52,128,low,0.25,3.0,12.0,1.5208333333333333,16.25,0.0,0,0.0,0,True,0,481.9,0,0,7,0,,0,0,0,0,102.0,2,3,6,0.0,0,0,558.1,0.0,0,0.0,1.52,1.52
COLUMBIA_ST_W_C_ST,COLUMBIA ST & W C ST,Columbia,-117.1678207,32.7162135,1.5,129,low,0.583,7.0,12.0,1.5,7.0,2.0,2,0.0,0,True,0,65.3,2,3,11,0,,0,0,0,0,641.1,0,0,2,1.5,3,0,710.7,0.0,0,0.0,1.5,1.5
14TH_ST_BROADWAY,14TH ST & BROADWAY,East Village,-117.1524186,32.7152244,1.48,130,low,0.25,3.0,12.0,1.4791666666666667,13.75,0.0,0,0.0,0,True,0,523.9,0,0,5,0,,0,0,0,0,467.9,0,0,3,1.4791666666666667,0,0,638.4,0.0,0,0.0,1.48,1.48
11TH_AV_G_ST,11TH AV & G ST,East Village,-117.1551275,32.7120633,1.46,131,low,0.417,5.0,12.0,1.4583333333333333,10.75,0.0,0,0.0,0,True,0,440.9,0,0,12,0,,0,0,0,0,152.5,1,2,3,0.0,0,0,408.9,0.0,0,0.0,1.46,1.46
14TH_ST_C_ST,14TH ST & C ST,East Village,-117.1523968,32.7162585,1.45,132,low,0.667,8.0,12.0,1.4508333333333334,5.25,0.0,0,0.0,0,True,0,617.9,0,0,5,0,,0,0,0,0,544.0,0,0,2,1.4508333333333334,0,0,670.7,0.0,0,0.0,1.45,1.45
09TH_AV_G_ST,09TH AV & G ST,East Village,-117.156925,32.7120459,1.44,133,low,0.5,6.0,12.0,1.4375,6.25,2.0,2,0.0,0,True,0,339.4,0,1,14,0,,0,0,0,0,92.9,2,2,2,0.0,1,0,453.9,0.0,0,0.0,1.44,1.44
10TH_AV_J_ST,10TH AV & J ST,East Village,-117.1568893,32.707721,1.42,134,low,0.5,6.0,12.0,1.4166666666666667,6.0,1.0,1,0.0,0,True,1,17.0,2,6,9,0,,0,0,0,0,566.6,0,0,2,1.4166666666666667,6,0,498.9,0.0,0,0.0,1.42,1.42
07TH_AV_ASH_ST,07TH AV & ASH ST,Cortez,-117.158832,32.7193765,1.42,134,low,0.417,5.0,12.0,1.4166666666666667,5.0,0.0,0,0.0,0,True,0,359.1,0,1,6,0,,0,0,0,0,308.4,0,2,7,0.0,1,0,436.0,0.0,0,0.0,1.42,1.42
FRONT_ST_W_C_ST,FRONT ST & W C ST,City Center,-117.1651725,32.7162289,1.4,136,low,0.333,4.0,12.0,1.3958333333333333,9.75,0.0,0,0.0,0,True,0,136.5,2,4,9,0,,0,0,0,0,458.4,0,0,2,1.3958333333333333,4,0,537.5,0.0,0,0.0,1.4,1.4
03RD_AV_CEDAR_ST,03RD AV & CEDAR ST,Cortez,-117.1624937,32.7214529,1.38,137,low,0.5,6.0,12.0,1.375,4.75,4.75,3,1.0,0,True,0,639.1,0,0,7,0,,0,0,0,0,105.9,1,4,6,0.0,0,1,392.9,0.46,0,0.46,1.38,0.0
15TH_ST_E_ST,15TH ST & E ST,East Village,-117.151182,32.7141905,1.31,138,low,0.417,5.0,12.0,1.3125,6.5,0.0,0,0.0,0,True,0,362.6,0,1,3,0,,0,0,0,0,521.6,0,0,3,1.3125,1,0,527.7,0.0,0,0.0,1.31,1.31
I-5_SB_ON_RA_Map_Border,I-5 SB ON RA & Map Border,East Village,-117.148167,32.706935,1.31,138,low,0.333,4.0,12.0,1.3125,9.5,9.5,6,2.0,0,True,0,432.4,0,0,2,0,,0,0,0,0,320.8,0,2,2,0.0,0,0,458.7,0.0,0,0.0,1.31,1.31
COLUMBIA_ST_W_G_ST,COLUMBIA ST & W G ST,Marina,-117.1682576,32.7119064,1.29,140,low,0.75,9.0,12.0,1.2916666666666667,3.0,1.0,1,0.0,0,True,0,224.3,0,2,11,0,,0,0,0,0,1018.1,0,0,0,1.2916666666666667,2,0,912.6,0.0,0,0.0,1.29,1.29
01ST_AV_W_F_ST,01ST AV & W F ST,City Center,-117.164253,32.713081,1.25,141,low,0.417,5.0,12.0,1.25,8.0,0.0,0,0.0,0,True,0,98.2,1,4,14,0,,0,0,0,0,651.7,0,0,3,1.25,4,0,520.3,0.0,0,0.0,1.25,1.25
STATE_ST_W_BROADWAY,STATE ST & W BROADWAY,Columbia,-117.1678381,32.7151604,1.25,141,low,0.583,7.0,12.0,1.25,4.0,1.0,1,0.0,0,True,0,182.6,1,3,10,0,,0,0,0,0,715.7,0,0,1,1.25,3,0,781.9,0.0,0,0.0,1.25,1.25
01ST_AV_W_B_ST,01ST AV & W B ST,City Center,-117.1642733,32.7172579,1.23,143,low,0.25,3.0,12.0,1.2291666666666667,7.0,5.75,4,1.0,0,True,0,197.4,1,4,8,0,,0,0,0,0,316.2,0,1,4,0.0,4,0,488.0,0.0,0,0.0,1.23,1.23
KETTNER_BL_W_F_ST,KETTNER BL & W F ST,Marina,-117.1701177,32.7130513,1.21,144,low,0.333,4.0,12.0,1.2083333333333333,10.5,0.0,0,0.0,0,True,0,209.2,0,3,8,0,,0,0,0,0,1032.1,0,0,0,1.2083333333333333,3,0,1031.2,0.0,0,0.0,1.21,1.21
STATE_ST_Map_Border,STATE ST & Map Border,Marina,-117.1678267,32.7135653,1.17,145,low,0.583,7.0,12.0,1.169166666666667,4.029999999999999,2.0,2,0.0,0,True,0,360.1,0,4,9,0,,0,0,0,0,845.1,0,0,0,1.169166666666667,4,0,809.1,0.0,0,0.0,1.17,1.17
06TH_AV_J_ST,06TH AV & J ST,Gaslamp,-117.159649,32.7088562,1.17,145,low,0.5,6.0,12.0,1.1666666666666667,5.0,2.0,2,0.0,0,True,1,45.0,4,7,12,0,,0,0,0,0,528.9,0,0,2,1.1666666666666667,7,0,720.0,0.0,0,0.0,1.17,1.17
07TH_AV_F_ST,07TH AV & F ST,East Village,-117.1587686,32.7130998,1.17,145,low,0.417,5.0,12.0,1.1666666666666667,5.0,4.0,4,0.0,0,True,0,248.2,0,4,12,0,,0,0,0,0,139.3,1,2,3,0.0,4,1,275.8,0.23,0,0.23,1.17,0.0
I-5_SB_ON_RA_F_ST,I-5 SB ON RA & F ST,East Village,-117.1482564,32.7131625,1.16,148,low,0.417,5.0,12.0,1.1616666666666666,4.779999999999999,1.0,1,0.0,0,True,0,197.7,1,2,2,0,,0,0,0,0,376.7,0,1,2,0.0,2,0,537.8,0.0,0,0.0,1.16,1.16
17TH_ST_E_ST,17TH ST & E ST,East Village,-117.1489562,32.7141842,1.13,149,low,0.5,6.0,12.0,1.13,4.5,3.03,1,0.0,1,True,0,298.8,0,1,2,0,,0,0,0,0,499.9,0,0,3,1.13,1,0,594.3,0.0,0,0.0,1.13,1.13
01ST_AV_W_BEECH_ST,01ST AV & W BEECH ST,Cortez,-117.1643077,32.7204067,1.1,150,low,0.25,3.0,12.0,1.1041666666666667,6.25,0.0,0,0.0,0,True,0,445.3,0,0,7,0,,0,0,0,0,221.7,0,2,6,0.0,0,1,310.6,0.46,0,0.46,1.1,0.0
01ST_AV_W_ISLAND_AV,01ST AV & W ISLAND AV,Marina,-117.1643067,32.7097153,1.1,150,low,0.583,7.0,12.0,1.1041666666666667,4.5,1.0,1,0.0,0,True,0,276.8,0,2,16,0,,0,0,0,0,768.1,0,0,1,1.1041666666666667,2,0,785.7,0.0,0,0.0,1.1,1.1
06TH_AV_ASH_ST,06TH AV & ASH ST,Cortez,-117.159752,32.7193801,1.08,152,low,0.5,6.0,12.0,1.0833333333333333,6.0,0.0,0,0.0,0,True,0,354.8,0,1,6,0,,0,0,0,0,229.7,0,2,7,0.0,1,0,432.6,0.0,0,0.0,1.08,1.08
11TH_AV_MARKET_ST,11TH AV & MARKET ST,East Village,-117.155121,32.7109849,1.08,152,low,0.417,5.0,12.0,1.0833333333333333,4.0,0.0,0,0.0,0,True,0,367.9,0,1,12,0,,0,0,0,0,239.8,0,2,3,0.0,1,1,335.8,7.0,1,7.0,0.0,0.0
04TH_AV_J_ST,04TH AV & J ST,Marina,-117.1614727,32.7088488,1.06,154,low,0.583,7.0,12.0,1.055,3.66,0.0,0,0.0,0,True,0,148.1,1,6,14,0,,0,0,0,0,631.1,0,0,2,1.055,6,0,763.1,0.0,0,0.0,1.06,1.06
08TH_AV_G_ST,08TH AV & G ST,East Village,-117.1578632,32.7120448,1.06,154,low,0.5,6.0,12.0,1.0625,3.75,0.0,0,0.0,0,True,0,311.3,0,3,15,0,,0,0,0,0,149.4,2,2,2,0.0,3,0,414.1,0.0,0,0.0,1.06,1.06
02ND_AV_CEDAR_ST,02ND AV & CEDAR ST,Cortez,-117.1634179,32.7214684,1.06,154,low,0.5,6.0,12.0,1.065,4.0,1.0,1,0.0,0,True,0,589.7,0,0,7,0,,0,0,0,0,187.1,1,4,6,0.0,0,1,310.7,0.46,0,0.46,1.06,0.0
19TH_ST_J_ST,19TH ST & J ST,Outside Perimeter,-117.1470956,32.707881,1.0,157,low,,,,,,1.0,1,0.0,0,False,0,398.8,0,1,2,0,,0,0,0,0,223.6,0,1,3,0.0,1,0,493.5,0.0,0,0.0,1.0,1.0
02ND_AV_G_ST,02ND AV & G ST,Marina,-117.1633075,32.7120049,1.0,157,low,0.5,6.0,12.0,1.0,4.0,0.0,0,0.0,0,True,0,86.4,1,2,17,0,,0,0,0,0,580.9,0,0,2,1.0,2,0,527.8,0.0,0,0.0,1.0,1.0
01ST_AV_W_C_ST,01ST AV & W C ST,City Center,-117.1642716,32.7162294,1.0,157,low,0.667,8.0,12.0,1.0,2.0,0.0,0,0.0,0,True,0,85.1,1,5,8,0,,0,0,0,0,412.6,0,0,3,1.0,5,0,454.3,0.0,0,0.0,1.0,1.0
10TH_AV_ISLAND_AV,10TH AV & ISLAND AV,East Village,-117.1559891,32.7099117,1.0,157,low,0.5,6.0,12.0,1.0,3.0,1.0,1,0.0,0,True,0,244.8,0,3,14,0,,0,0,0,0,325.1,0,2,3,0.0,3,1,376.4,7.0,1,7.0,0.0,0.0
03RD_AV_MARKET_ST,03RD AV & MARKET ST,Marina,-117.1623893,32.7109401,1.0,157,low,0.5,6.0,12.0,1.0,4.0,1.0,1,0.0,0,True,0,220.1,0,3,17,0,,0,0,0,0,544.3,0,0,2,1.0,3,0,575.2,0.0,0,0.0,1.0,1.0
07TH_AV_I-5_SB,07TH AV & I-5 SB,Cortez,-117.1588123,32.7224379,0.98,162,low,0.5,6.0,12.0,0.9791666666666666,6.0,6.0,6,0.0,0,True,0,697.4,0,0,2,0,,0,0,0,0,232.2,0,3,6,0.0,0,0,720.1,0.0,0,0.0,0.98,0.98
Map_Border_IMPERIAL_AV,Map Border & IMPERIAL AV,East Village,-117.1556292,32.7058874,0.98,162,low,0.583,7.0,12.0,0.9791666666666666,2.0,0.0,0,0.0,0,True,0,229.9,0,2,9,0,,0,0,0,0,611.3,0,0,2,0.9791666666666666,2,0,526.6,0.0,0,0.0,0.98,0.98
04TH_AV_ASH_ST,04TH AV & ASH ST,Cortez,-117.1615803,32.719375,0.98,162,low,0.333,4.0,12.0,0.9791666666666666,6.0,0.0,0,0.0,0,True,0,403.6,0,0,7,0,,0,0,0,0,59.7,2,2,7,0.0,0,0,473.3,0.0,0,0.0,0.98,0.98
07TH_AV_MARKET_ST,07TH AV & MARKET ST,East Village,-117.1587475,32.7109631,0.96,165,low,0.333,4.0,12.0,0.9583333333333334,6.5,0.0,0,0.0,0,True,0,186.6,1,4,14,0,,0,0,0,0,293.4,0,2,2,0.0,4,0,509.9,0.0,0,0.0,0.96,0.96
10TH_AV_F_ST,10TH AV & F ST,East Village,-117.1560443,32.7131208,0.96,165,low,0.417,5.0,12.0,0.9583333333333334,6.5,2.0,2,0.0,0,True,0,382.4,0,1,14,0,,0,0,0,0,55.7,2,2,2,0.0,1,0,418.2,0.0,0,0.0,0.96,0.96
11TH_AV_E_ST,11TH AV & E ST,East Village,-117.1551235,32.7141652,0.94,167,low,0.5,6.0,12.0,0.9375,4.5,2.75,1,1.0,0,True,0,402.2,0,0,9,0,,0,0,0,0,199.3,1,2,2,0.0,0,0,436.0,0.0,0,0.0,0.94,0.94
I-5_SB_MARKET_ST,I-5 SB & MARKET ST,East Village,-117.1481409,32.7109953,0.93,168,low,0.5,6.0,12.0,0.9325,2.75,0.0,0,0.0,0,True,0,98.1,2,2,2,0,,0,0,0,0,136.8,1,1,3,0.0,2,1,398.0,7.0,1,7.0,0.0,0.0
16TH_ST_E_ST,16TH ST & E ST,East Village,-117.149932,32.7141937,0.92,169,low,0.583,7.0,12.0,0.9166666666666666,3.0,2.0,2,0.0,0,True,0,312.3,0,1,2,0,,0,0,0,0,528.3,0,0,3,0.9166666666666666,1,0,557.3,0.0,0,0.0,0.92,0.92
09TH_AV_ISLAND_AV,09TH AV & ISLAND AV,East Village,-117.156932,32.7099196,0.92,169,low,0.5,6.0,12.0,0.9166666666666666,3.0,0.0,0,0.0,0,True,0,162.3,1,5,15,0,,0,0,0,0,323.2,0,2,2,0.0,5,0,464.3,0.0,0,0.0,0.92,0.92
02ND_AV_BEECH_ST,02ND AV & BEECH ST,Cortez,-117.1633936,32.7204076,0.9,171,low,0.667,8.0,12.0,0.8958333333333334,2.0,0.0,0,0.0,0,True,0,495.7,0,0,7,0,,0,0,0,0,150.7,2,3,6,0.0,0,1,372.7,0.46,0,0.46,0.9,0.0
INDIA_ST_W_A_ST,INDIA ST & W A ST,Columbia,-117.1687155,32.7182884,0.9,171,low,0.417,5.0,12.0,0.8958333333333334,5.0,1.75,0,1.0,0,True,0,186.6,1,2,8,0,,0,0,0,0,625.0,0,0,2,0.8958333333333334,2,0,512.7,0.0,0,0.0,0.9,0.9
INDIA_ST_W_ASH_ST,INDIA ST & W ASH ST,Columbia,-117.1687367,32.7193441,0.88,173,low,0.583,7.0,12.0,0.875,2.75,1.0,1,0.0,0,True,0,296.5,0,2,4,0,,0,0,0,0,612.5,0,0,3,0.875,2,0,409.0,0.0,0,0.0,0.88,0.88
05TH_AV_J_ST,05TH AV & J ST,Gaslamp,-117.160541,32.7088473,0.83,174,low,0.5,6.0,12.0,0.8333333333333334,3.0,2.0,2,0.0,0,True,0,116.6,4,8,13,0,,0,0,0,0,580.4,0,0,2,0.8333333333333334,8,0,747.0,0.0,0,0.0,0.83,0.83
07TH_AV_A_ST,07TH AV & A ST,City Center,-117.158841,32.7183422,0.83,174,low,0.417,5.0,12.0,0.8333333333333334,3.0,0.0,0,0.0,0,True,0,246.3,0,3,6,0,,0,0,0,0,340.0,0,2,6,0.0,3,1,322.4,0.23,0,0.23,0.83,0.0
14TH_ST_J_ST,14TH ST & J ST,East Village,-117.1523555,32.7089017,0.83,174,low,0.25,3.0,12.0,0.8333333333333334,7.0,0.0,0,0.0,0,True,0,283.4,0,1,8,0,,0,0,0,0,438.2,0,0,4,0.8333333333333334,1,1,74.5,7.0,1,7.0,0.0,0.0
05TH_AV_A_ST,05TH AV & A ST,City Center,-117.1606385,32.7183298,0.79,177,low,0.25,3.0,12.0,0.7916666666666666,5.5,5.5,2,2.0,0,True,0,260.0,0,4,8,0,,0,0,0,0,195.9,1,2,6,0.0,4,1,332.6,0.23,0,0.23,0.79,0.0
09TH_AV_A_ST,09TH AV & A ST,City Center,-117.1569918,32.7183434,0.77,178,low,0.167,2.0,12.0,0.7708333333333334,8.25,0.0,0,0.0,0,True,0,334.8,0,2,5,0,,0,0,0,0,504.5,0,0,6,0.7708333333333334,2,1,394.2,0.23,0,0.23,0.77,0.0
05TH_AV_K_ST,05TH AV & K ST,Gaslamp,-117.1604955,32.7077649,0.75,179,low,0.583,7.0,12.0,0.75,2.0,1.0,1,0.0,0,True,1,3.9,3,8,10,0,,0,0,0,0,674.0,0,0,2,0.75,8,0,818.8,0.0,0,0.0,0.75,0.75
16TH_ST_ISLAND_AV,16TH ST & ISLAND AV,East Village,-117.1499034,32.7099323,0.75,179,low,0.417,5.0,12.0,0.75,3.0,2.0,2,0.0,0,True,0,63.8,2,2,3,0,,0,0,0,0,197.6,1,1,4,0.0,2,1,202.2,7.0,1,7.0,0.0,0.0
14TH_ST_G_ST,14TH ST & G ST,East Village,-117.1524006,32.7120823,0.75,179,low,0.25,3.0,12.0,0.75,5.0,0.0,0,0.0,0,True,0,285.6,0,2,6,0,,0,0,0,0,392.2,0,1,3,0.0,2,1,289.9,7.0,1,7.0,0.0,0.0
08TH_AV_B_ST,08TH AV & B ST,City Center,-117.157879,32.7172848,0.75,179,low,0.5,6.0,12.0,0.75,3.0,3.0,3,0.0,0,True,0,194.0,1,4,5,0,,0,0,0,0,446.9,0,0,5,0.75,4,1,250.1,0.23,0,0.23,0.75,0.0
15TH_ST_G_ST,15TH ST & G ST,East Village,-117.1511433,32.7120768,0.75,179,low,0.25,3.0,12.0,0.75,4.0,0.0,0,0.0,0,True,0,205.6,0,2,4,0,,0,0,0,0,402.9,0,0,3,0.75,2,1,297.9,7.0,1,7.0,0.0,0.0
08TH_AV_ASH_ST,08TH AV & ASH ST,Cortez,-117.1579077,32.7193799,0.73,184,low,0.333,4.0,12.0,0.7291666666666666,5.0,1.0,1,0.0,0,True,0,384.1,0,1,5,0,,0,0,0,0,381.8,0,1,6,0.0,1,0,456.9,0.0,0,0.0,0.73,0.73
CALIFORNIA_ST_W_ASH_ST,CALIFORNIA ST & W ASH ST,Columbia,-117.1705567,32.7177515,0.73,184,low,0.667,8.0,12.0,0.7291666666666666,1.75,1.0,1,0.0,0,True,0,279.1,0,2,7,0,,0,0,0,0,806.6,0,0,0,0.7291666666666666,2,0,651.0,0.0,0,0.0,0.73,0.73
STATE_ST_W_B_ST,STATE ST & W B ST,Columbia,-117.1669394,32.7172463,0.73,184,low,0.5,6.0,12.0,0.7291666666666666,2.0,2.0,2,0.0,0,True,1,30.4,2,3,12,0,,0,0,0,0,509.9,0,0,2,0.7291666666666666,3,0,586.3,0.0,0,0.0,0.73,0.73
14TH_ST_E_ST,14TH ST & E ST,East Village,-117.1524186,32.7141857,0.73,184,low,0.333,4.0,12.0,0.7291666666666666,4.0,1.0,1,0.0,0,True,0,438.1,0,0,6,0,,0,0,0,0,412.2,0,0,3,0.7291666666666666,0,0,523.1,0.0,0,0.0,0.73,0.73
03RD_AV_ISLAND_AV,03RD AV & ISLAND AV,Marina,-117.1623956,32.7098903,0.72,188,low,0.417,5.0,12.0,0.7216666666666667,3.0,0.0,0,0.0,0,True,0,292.7,0,6,16,0,,0,0,0,0,609.8,0,0,2,0.7216666666666667,6,0,680.8,0.0,0,0.0,0.72,0.72
13TH_ST_E_ST,13TH ST & E ST,East Village,-117.1533283,32.7141815,0.7,189,low,0.333,4.0,12.0,0.7008333333333333,3.41,0.0,0,0.0,0,True,0,503.4,0,0,8,0,,0,0,0,0,334.5,0,2,3,0.0,0,0,535.8,0.0,0,0.0,0.7,0.7
11TH_AV_K_ST,11TH AV & K ST,East Village,-117.1551208,32.7080323,0.67,190,low,0.5,6.0,12.0,0.6666666666666666,3.0,1.0,1,0.0,0,True,0,182.5,1,4,10,0,,0,0,0,0,546.2,0,0,4,0.6666666666666666,4,1,334.9,7.0,1,7.0,0.0,0.0
06TH_AV_I-5_SB,06TH AV & I-5 SB,Cortez,-117.1597543,32.722368,0.67,190,low,0.25,3.0,12.0,0.6716666666666665,4.029999999999999,4.029999999999999,2,0.0,1,True,0,687.0,0,0,3,0,,0,0,0,0,152.6,1,4,6,0.0,0,0,632.0,0.0,0,0.0,0.67,0.67
07TH_AV_J_ST,07TH AV & J ST,East Village,-117.1587426,32.7088603,0.67,190,low,0.5,6.0,12.0,0.6666666666666666,2.0,0.0,0,0.0,0,True,1,45.6,3,6,12,0,,0,0,0,0,486.3,0,0,2,0.6666666666666666,6,0,635.6,0.0,0,0.0,0.67,0.67
11TH_AV_ISLAND_AV,11TH AV & ISLAND AV,East Village,-117.1551035,32.7099236,0.67,190,low,0.417,5.0,12.0,0.6666666666666666,2.0,1.0,1,0.0,0,True,0,313.8,0,3,12,0,,0,0,0,0,345.9,0,1,3,0.0,3,1,294.5,7.0,1,7.0,0.0,0.0
02ND_AV_C_ST,02ND AV & C ST,City Center,-117.163365,32.7162296,0.67,190,low,0.417,5.0,12.0,0.6666666666666666,3.0,0.0,0,0.0,0,True,0,100.7,1,5,8,0,,0,0,0,0,380.1,0,1,5,0.0,5,1,371.0,0.23,0,0.23,0.67,0.0
10TH_AV_A_ST,10TH AV & A ST,City Center,-117.1560903,32.7183488,0.67,190,low,0.333,4.0,12.0,0.6666666666666666,5.0,0.0,0,0.0,0,True,0,399.0,0,1,4,0,,0,0,0,0,573.3,0,0,5,0.6666666666666666,1,0,450.1,0.0,0,0.0,0.67,0.67
08TH_AV_BEECH_ST,08TH AV & BEECH ST,Cortez,-117.1579315,32.7204208,0.67,190,low,0.333,4.0,12.0,0.6666666666666666,3.0,0.0,0,0.0,0,True,0,492.3,0,0,5,0,,0,0,0,0,340.4,0,1,6,0.0,0,0,567.1,0.0,0,0.0,0.67,0.67
05TH_AV_I-5_SB,05TH AV & I-5 SB,Cortez,-117.1606357,32.7222727,0.65,197,low,0.333,4.0,12.0,0.6458333333333334,4.0,1.0,1,0.0,0,True,0,684.3,0,0,3,0,,0,0,0,0,96.7,2,4,6,0.0,0,0,549.9,0.0,0,0.0,0.65,0.65
06TH_AV_ISLAND_AV,06TH AV & ISLAND AV,Gaslamp,-117.1596516,32.7099052,0.58,198,low,0.5,6.0,12.0,0.5833333333333334,2.0,0.0,0,0.0,0,True,0,109.3,2,6,14,0,,0,0,0,0,437.0,0,0,2,0.5833333333333334,6,0,623.0,0.0,0,0.0,0.58,0.58
04TH_AV_ISLAND_AV,04TH AV & ISLAND AV,Marina,-117.1614691,32.7098934,0.58,198,low,0.333,4.0,12.0,0.5833333333333334,3.0,2.0,2,0.0,0,True,0,234.7,0,6,15,0,,0,0,0,0,544.3,0,0,2,0.5833333333333334,6,0,650.8,0.0,0,0.0,0.58,0.58
COLUMBIA_ST_W_B_ST,COLUMBIA ST & W B ST,Columbia,-117.167824,32.7172386,0.58,198,low,0.333,4.0,12.0,0.5833333333333334,3.0,3.0,3,0.0,0,True,1,48.9,2,2,11,0,,0,0,0,0,583.8,0,0,2,0.5833333333333334,2,0,598.7,0.0,0,0.0,0.58,0.58
08TH_AV_C_ST,08TH AV & C ST,City Center,-117.1578665,32.7162322,0.58,198,low,0.333,4.0,12.0,0.5833333333333334,2.0,2.0,2,0.0,0,True,0,153.0,2,4,7,0,,0,0,0,0,330.7,0,1,4,0.0,4,1,173.4,0.23,0,0.23,0.58,0.0
STATE_ST_W_C_ST,STATE ST & W C ST,Columbia,-117.1669388,32.7162225,0.58,198,low,0.333,4.0,12.0,0.5833333333333334,3.0,3.0,3,0.0,0,True,0,87.5,2,3,11,0,,0,0,0,0,574.6,0,0,2,0.5833333333333334,3,0,700.0,0.0,0,0.0,0.58,0.58
03RD_AV_BEECH_ST,03RD AV & BEECH ST,Cortez,-117.1624858,32.7204129,0.56,203,low,0.417,5.0,12.0,0.5625,2.0,0.0,0,0.0,0,True,0,546.0,0,0,7,0,,0,0,0,0,105.1,2,3,6,0.0,0,0,442.0,0.0,0,0.0,0.56,0.56
SR-163_NB_ON_RA_ASH_ST,SR-163 NB ON RA & ASH ST,Cortez,-117.1552592,32.7193915,0.54,204,low,0.167,2.0,12.0,0.5416666666666666,3.75,2.75,1,1.0,0,True,0,532.9,0,0,4,0,,0,0,0,0,611.3,0,0,5,0.5416666666666666,0,0,587.7,0.0,0,0.0,0.54,0.54
KETTNER_BL_W_G_ST,KETTNER BL & W G ST,Marina,-117.1701176,32.7120006,0.5,205,none,0.25,3.0,12.0,0.5,4.0,4.0,4,0.0,0,True,0,96.1,1,3,9,0,,0,0,0,0,1116.6,0,0,0,0.5,3,0,1068.1,0.0,0,0.0,0.5,0.5
10TH_AV_MARKET_ST,10TH AV & MARKET ST,East Village,-117.1560318,32.7109825,0.5,205,none,0.333,4.0,12.0,0.5025,3.03,0.0,0,0.0,0,True,0,297.5,0,3,15,0,,0,0,0,0,207.0,0,2,3,0.0,3,0,412.1,0.0,0,0.0,0.5,0.5
PARK_BL_G_ST,PARK BL & G ST,East Village,-117.1541965,32.712061,0.5,205,none,0.25,3.0,12.0,0.5,3.0,0.0,0,0.0,0,True,0,429.8,0,0,12,0,,0,0,0,0,230.9,0,2,3,0.0,0,1,351.6,7.0,1,7.0,0.0,0.0
15TH_ST_BROADWAY,15TH ST & BROADWAY,East Village,-117.151185,32.7152297,0.48,208,none,0.333,4.0,12.0,0.4791666666666667,2.0,0.0,0,0.0,0,True,0,462.9,0,0,4,0,,0,0,0,0,566.6,0,0,3,0.4791666666666667,0,0,642.4,0.0,0,0.0,0.48,0.48
STATE_ST_W_G_ST,STATE ST & W G ST,Marina,-117.1669646,32.7120126,0.48,208,none,0.417,5.0,12.0,0.4791666666666667,1.75,0.0,0,0.0,0,True,0,259.8,0,2,13,0,,0,0,0,0,916.5,0,0,0,0.4791666666666667,2,0,799.7,0.0,0,0.0,0.48,0.48
I-5_SB_ISLAND_AV,I-5 SB & ISLAND AV,East Village,-117.1481553,32.7099349,0.47,210,none,0.333,4.0,12.0,0.4716666666666667,2.66,0.0,0,0.0,0,True,0,183.9,2,2,2,0,,0,0,0,1,36.5,1,1,3,0.0,2,1,363.4,7.0,1,7.0,0.0,0.0
STATE_ST_W_A_ST,STATE ST & W A ST,Columbia,-117.1669419,32.7182948,0.44,211,none,0.167,2.0,12.0,0.4375,3.5,0.0,0,0.0,0,True,0,144.7,2,2,9,0,,0,0,0,0,464.0,0,0,3,0.4375,2,0,469.9,0.0,0,0.0,0.44,0.44
07TH_AV_BEECH_ST,07TH AV & BEECH ST,Cortez,-117.1588194,32.7204099,0.42,212,none,0.333,4.0,12.0,0.4166666666666667,2.0,0.0,0,0.0,0,True,0,473.0,0,0,5,0,,0,0,0,0,259.5,0,3,5,0.0,0,0,550.3,0.0,0,0.0,0.42,0.42
COLUMBIA_ST_W_ASH_ST,COLUMBIA ST & W ASH ST,Columbia,-117.1678351,32.7193473,0.42,212,none,0.333,4.0,12.0,0.4166666666666667,2.0,2.0,2,0.0,0,True,0,278.7,0,2,5,0,,0,0,0,0,528.1,0,0,4,0.4166666666666667,2,1,372.6,0.46,0,0.46,0.42,0.0
Map_Border_BROADWAY,Map Border & BROADWAY,City Center,-117.1624423,32.7152117,0.42,212,none,0.333,4.0,12.0,0.4166666666666667,2.0,2.0,2,0.0,0,True,0,120.7,3,6,10,0,,0,0,0,0,477.9,0,0,4,0.4166666666666667,6,1,277.5,0.23,0,0.23,0.42,0.0
15TH_ST_C_ST,15TH ST & C ST,East Village,-117.1511898,32.7162738,0.42,212,none,0.25,3.0,12.0,0.4166666666666667,3.0,0.0,0,0.0,0,True,0,569.6,0,0,4,0,,0,0,0,0,630.0,0,0,3,0.4166666666666667,0,0,757.9,0.0,0,0.0,0.42,0.42
10TH_AV_ASH_ST,10TH AV & ASH ST,Cortez,-117.156102,32.7193903,0.42,212,none,0.167,2.0,12.0,0.4166666666666667,4.0,0.0,0,0.0,0,True,0,476.9,0,0,4,0,,0,0,0,0,536.4,0,0,6,0.4166666666666667,0,0,537.4,0.0,0,0.0,0.42,0.42
04TH_AV_MARKET_ST,04TH AV & MARKET ST,Marina,-117.1614943,32.7109505,0.42,212,none,0.333,4.0,12.0,0.4166666666666667,2.0,0.0,0,0.0,0,True,0,289.1,0,4,14,0,,0,0,0,0,472.0,0,0,2,0.4166666666666667,4,0,539.8,0.0,0,0.0,0.42,0.42
UNION_ST_W_B_ST,UNION ST & W B ST,Columbia,-117.1660315,32.7172451,0.33,218,none,0.333,4.0,12.0,0.3333333333333333,1.0,1.0,1,0.0,0,True,0,77.0,2,3,9,0,,0,0,0,0,437.9,0,0,3,0.3333333333333333,3,0,586.6,0.0,0,0.0,0.33,0.33
11TH_AV_J_ST,11TH AV & J ST,East Village,-117.1551036,32.7088789,0.33,218,none,0.25,3.0,12.0,0.3333333333333333,2.0,0.0,0,0.0,0,True,0,227.6,0,4,10,0,,0,0,0,0,455.7,0,0,4,0.3333333333333333,4,1,298.8,7.0,1,7.0,0.0,0.0
FRONT_ST_W_MARKET_ST,FRONT ST & W MARKET ST,Marina,-117.1662764,32.7106324,0.33,218,none,0.25,3.0,12.0,0.3333333333333333,2.0,1.0,1,0.0,0,True,0,261.3,0,1,17,0,,0,0,0,0,891.7,0,0,0,0.3333333333333333,1,0,834.6,0.0,0,0.0,0.33,0.33
01ST_AV_W_A_ST,01ST AV & W A ST,City Center,-117.1642723,32.7182995,0.33,218,none,0.167,2.0,12.0,0.3333333333333333,3.0,3.0,3,0.0,0,True,0,277.5,0,3,8,0,,0,0,0,0,235.7,0,2,4,0.0,3,0,512.0,0.0,0,0.0,0.33,0.33
02ND_AV_ASH_ST,02ND AV & ASH ST,Cortez,-117.1634028,32.7193655,0.33,218,none,0.333,4.0,12.0,0.3333333333333333,1.0,0.0,0,0.0,0,True,0,413.0,0,0,7,0,,0,0,0,0,113.6,1,2,6,0.0,0,0,453.8,0.0,0,0.0,0.33,0.33
PARK_BL_ISLAND_AV,PARK BL & ISLAND AV,East Village,-117.1541784,32.7099239,0.33,218,none,0.25,3.0,12.0,0.3333333333333333,2.0,0.0,0,0.0,0,True,0,369.8,0,2,10,0,,0,0,0,0,387.0,0,1,4,0.0,2,1,209.4,7.0,1,7.0,0.0,0.0
11TH_AV_F_ST,11TH AV & F ST,East Village,-117.1551366,32.7131258,0.33,218,none,0.167,2.0,12.0,0.3333333333333333,3.0,0.0,0,0.0,0,True,0,451.0,0,0,12,0,,0,0,0,0,132.8,1,2,3,0.0,0,0,486.7,0.0,0,0.0,0.33,0.33
04TH_AV_I-5_SB,04TH AV & I-5 SB,Cortez,-117.1616025,32.7222703,0.32,225,none,0.083,1.0,12.0,0.315,3.78,0.0,0,0.0,0,True,0,703.9,0,0,4,0,,0,0,0,0,89.6,2,5,6,0.0,0,0,459.4,0.0,0,0.0,0.32,0.32
KETTNER_BL_W_BROADWAY,KETTNER BL & W BROADWAY,Columbia,-117.169627,32.7151597,0.31,226,none,0.167,2.0,12.0,0.3125,2.0,0.0,0,0.0,0,True,0,250.3,0,2,9,0,,0,0,0,0,847.0,0,0,0,0.3125,2,0,868.0,0.0,0,0.0,0.31,0.31
17TH_ST_BROADWAY,17TH ST & BROADWAY,East Village,-117.1490277,32.7152345,0.29,227,none,0.167,2.0,12.0,0.2916666666666667,1.75,0.0,0,0.0,0,True,0,415.7,0,0,2,0,,0,0,0,0,615.8,0,0,2,0.2916666666666667,0,0,696.4,0.0,0,0.0,0.29,0.29
I-5_SB_ON_RA_E_ST,I-5 SB ON RA & E ST,East Village,-117.1484371,32.7141444,0.29,227,none,0.083,1.0,12.0,0.2916666666666667,3.5,3.5,0,2.0,0,True,0,299.1,0,1,2,0,,0,0,0,0,487.3,0,0,2,0.2916666666666667,1,0,615.4,0.0,0,0.0,0.29,0.29
07TH_AV_CEDAR_ST,07TH AV & CEDAR ST,Cortez,-117.1588533,32.7214614,0.25,229,none,0.167,2.0,12.0,0.25,2.0,2.0,2,0.0,0,True,0,588.8,0,0,4,0,,0,0,0,0,253.2,0,3,6,0.0,0,0,666.4,0.0,0,0.0,0.25,0.25
10TH_AV_DATE_ST,10TH AV & DATE ST,Cortez,-117.1561138,32.7224867,0.25,229,none,0.167,2.0,12.0,0.2525,2.03,0.0,0,0.0,0,True,0,768.4,0,0,1,0,,0,0,0,0,479.8,0,0,5,0.2525,0,0,839.9,0.0,0,0.0,0.25,0.25
FRONT_ST_W_F_ST,FRONT ST & W F ST,Marina,-117.1651209,32.713051,0.25,229,none,0.167,2.0,12.0,0.25,2.0,1.0,1,0.0,0,True,0,128.1,1,2,16,0,,0,0,0,0,733.1,0,0,2,0.25,2,0,592.9,0.0,0,0.0,0.25,0.25
TONY_GWYNN_DR_K_ST,TONY GWYNN DR & K ST,East Village,-117.1587374,32.7078133,0.25,229,none,0.25,3.0,12.0,0.25,1.0,0.0,0,0.0,0,True,0,96.7,6,8,9,0,,0,0,0,0,593.4,0,0,2,0.25,8,0,658.4,0.0,0,0.0,0.25,0.25
06TH_AV_BEECH_ST,06TH AV & BEECH ST,Cortez,-117.1597464,32.7204162,0.25,229,none,0.167,2.0,12.0,0.25,2.0,0.0,0,0.0,0,True,0,469.9,0,0,6,0,,0,0,0,0,176.6,1,3,6,0.0,0,0,547.8,0.0,0,0.0,0.25,0.25
FRONT_ST_W_BROADWAY,FRONT ST & W BROADWAY,City Center,-117.1651688,32.7151745,0.25,229,none,0.25,3.0,12.0,0.25,1.0,0.0,0,0.0,0,True,0,115.3,1,5,11,0,,0,0,0,0,556.0,0,0,3,0.25,5,0,532.2,0.0,0,0.0,0.25,0.25
UNION_ST_W_F_ST,UNION ST & W F ST,Marina,-117.1660505,32.7130574,0.25,229,none,0.167,2.0,12.0,0.2525,2.03,0.0,0,0.0,0,True,0,197.9,1,2,13,0,,0,0,0,0,802.8,0,0,0,0.2525,2,0,671.1,0.0,0,0.0,0.25,0.25
13TH_ST_C_ST,13TH ST & C ST,East Village,-117.1533446,32.716262,0.25,229,none,0.167,2.0,12.0,0.25,2.0,0.0,0,0.0,0,True,0,558.8,0,0,6,0,,0,0,0,0,485.7,0,0,2,0.25,0,0,582.8,0.0,0,0.0,0.25,0.25
08TH_AV_DATE_ST,08TH AV & DATE ST,Cortez,-117.1579578,32.7224837,0.25,229,none,0.167,2.0,12.0,0.2525,2.03,0.0,0,0.0,0,True,0,714.3,0,0,1,0,,0,0,0,0,309.1,0,3,6,0.0,0,0,790.7,0.0,0,0.0,0.25,0.25
KETTNER_BL_W_ASH_ST,KETTNER BL & W ASH ST,Columbia,-117.169622,32.7193394,0.23,238,none,0.167,2.0,12.0,0.2291666666666666,1.75,0.0,0,0.0,0,True,0,330.2,0,2,5,0,,0,0,0,0,695.4,0,0,2,0.2291666666666666,2,0,457.5,0.0,0,0.0,0.23,0.23
10TH_AV_CEDAR_ST,10TH AV & CEDAR ST,Cortez,-117.1561651,32.7214876,0.23,238,none,0.167,2.0,12.0,0.2291666666666666,1.75,0.0,0,0.0,0,True,0,666.4,0,0,2,0,,0,0,0,0,500.7,0,0,5,0.2291666666666666,0,0,736.1,0.0,0,0.0,0.23,0.23
PARK_BL_F_ST,PARK BL & F ST,East Village,-117.1542287,32.7131312,0.17,240,none,0.167,2.0,12.0,0.1666666666666666,1.0,0.0,0,0.0,0,True,0,492.6,0,0,9,0,,0,0,0,0,215.9,0,2,3,0.0,0,0,454.9,0.0,0,0.0,0.17,0.17
01ST_AV_W_BROADWAY,01ST AV & W BROADWAY,City Center,-117.1642381,32.7151717,0.17,240,none,0.167,2.0,12.0,0.1666666666666666,1.0,0.0,0,0.0,0,True,1,42.8,1,6,9,0,,0,0,0,0,518.3,0,0,4,0.1666666666666666,6,0,445.3,0.0,0,0.0,0.17,0.17
08TH_AV_ISLAND_AV,08TH AV & ISLAND AV,East Village,-117.1578277,32.7099063,0.17,240,none,0.167,2.0,12.0,0.1666666666666666,1.0,1.0,1,0.0,0,True,0,92.3,2,6,14,0,,0,0,0,0,345.3,0,2,2,0.0,6,0,547.7,0.0,0,0.0,0.17,0.17
09TH_AV_ASH_ST,09TH AV & ASH ST,Cortez,-117.1569963,32.7193836,0.17,240,none,0.167,2.0,12.0,0.1666666666666666,1.0,0.0,0,0.0,0,True,0,425.0,0,0,5,0,,0,0,0,0,458.6,0,0,6,0.1666666666666666,0,0,491.8,0.0,0,0.0,0.17,0.17
02ND_AV_MARKET_ST,02ND AV & MARKET ST,Marina,-117.1633132,32.7109377,0.17,240,none,0.167,2.0,12.0,0.1666666666666666,1.0,1.0,1,0.0,0,True,0,163.2,1,1,18,0,,0,0,0,0,621.6,0,0,2,0.1666666666666666,1,0,620.9,0.0,0,0.0,0.17,0.17
COLUMBIA_ST_W_A_ST,COLUMBIA ST & W A ST,Columbia,-117.1678202,32.7182872,0.17,240,none,0.167,2.0,12.0,0.1666666666666666,1.0,1.0,1,0.0,0,True,0,165.6,2,2,9,0,,0,0,0,0,543.4,0,0,2,0.1666666666666666,2,0,485.0,0.0,0,0.0,0.17,0.17
FRONT_ST_W_G_ST,FRONT ST & W G ST,Marina,-117.1651522,32.7120098,0.17,240,none,0.083,1.0,12.0,0.1666666666666666,2.0,0.0,0,0.0,0,True,0,91.7,1,1,17,0,,0,0,0,0,749.4,0,0,1,0.1666666666666666,1,0,656.7,0.0,0,0.0,0.17,0.17
NATIONAL_AV_IMPERIAL_AV,NATIONAL AV & IMPERIAL AV,East Village,-117.1537259,32.7057792,0.17,240,none,0.167,2.0,12.0,0.1666666666666666,1.0,0.0,0,0.0,0,True,0,367.6,0,1,9,0,,0,0,0,0,442.6,0,0,2,0.1666666666666666,1,0,444.6,0.0,0,0.0,0.17,0.17
09TH_AV_DATE_ST,09TH AV & DATE ST,Cortez,-117.1570188,32.722482,0.17,240,none,0.083,1.0,12.0,0.1666666666666666,2.0,0.0,0,0.0,0,True,0,736.9,0,0,1,0,,0,0,0,0,395.8,0,1,5,0.0,0,0,811.2,0.0,0,0.0,0.17,0.17
01ST_AV_W_ASH_ST,01ST AV & W ASH ST,Cortez,-117.1642985,32.7193598,0.17,240,none,0.167,2.0,12.0,0.1666666666666666,1.0,0.0,0,0.0,0,True,0,352.0,0,1,8,0,,0,0,0,0,197.2,1,2,6,0.0,1,0,405.9,0.0,0,0.0,0.17,0.17
I-5_SB_ON_RA_BROADWAY,I-5 SB ON RA & BROADWAY,East Village,-117.1481113,32.7148705,0.15,250,none,0.083,1.0,12.0,0.1458333333333333,1.75,0.0,0,0.0,0,True,0,384.3,0,1,2,0,,0,0,0,0,565.2,0,0,1,0.1458333333333333,1,0,700.1,0.0,0,0.0,0.15,0.15
01ST_AV_W_CEDAR_ST,01ST AV & W CEDAR ST,Cortez,-117.1643624,32.7214641,0.08,251,none,0.083,1.0,12.0,0.0833333333333333,1.0,0.0,0,0.0,0,True,0,546.9,0,0,6,0,,0,0,0,0,273.0,0,3,6,0.0,0,1,231.1,0.46,0,0.46,0.08,0.0
08TH_AV_CEDAR_ST,08TH AV & CEDAR ST,Cortez,-117.1579206,32.7214624,0.08,251,none,0.083,1.0,12.0,0.0833333333333333,1.0,0.0,0,0.0,0,True,0,604.2,0,0,4,0,,0,0,0,0,339.2,0,2,5,0.0,0,0,680.0,0.0,0,0.0,0.08,0.08
09TH_AV_BEECH_ST,09TH AV & BEECH ST,Cortez,-117.1570225,32.7204252,0.08,251,none,0.083,1.0,12.0,0.0833333333333333,1.0,0.0,0,0.0,0,True,0,524.5,0,0,4,0,,0,0,0,0,424.2,0,0,6,0.0833333333333333,0,0,595.4,0.0,0,0.0,0.08,0.08
10TH_AV_BEECH_ST,10TH AV & BEECH ST,Cortez,-117.1561276,32.7204857,0.08,251,none,0.083,1.0,12.0,0.0833333333333333,1.0,0.0,0,0.0,0,True,0,572.2,0,0,4,0,,0,0,0,0,506.4,0,0,4,0.0833333333333333,0,0,638.6,0.0,0,0.0,0.08,0.08
09TH_AV_MARKET_ST,09TH AV & MARKET ST,East Village,-117.1569277,32.7109735,0.08,251,none,0.083,1.0,12.0,0.0833333333333333,1.0,0.0,0,0.0,0,True,0,237.5,0,3,15,0,,0,0,0,0,207.2,0,2,2,0.0,3,0,489.8,0.0,0,0.0,0.08,0.08
FRONT_ST_W_E_ST,FRONT ST & W E ST,City Center,-117.1651413,32.7140973,0.08,251,none,0.083,1.0,12.0,0.0833333333333333,1.0,0.0,0,0.0,0,True,0,189.2,1,4,12,0,,0,0,0,0,661.5,0,0,2,0.0833333333333333,4,0,551.0,0.0,0,0.0,0.08,0.08
08TH_AV_A_ST,08TH AV & A ST,City Center,-117.1579005,32.718341,0.08,251,none,0.083,1.0,12.0,0.0833333333333333,1.0,0.0,0,0.0,0,True,0,281.5,0,2,5,0,,0,0,0,0,422.9,0,0,6,0.0833333333333333,2,1,350.0,0.23,0,0.23,0.08,0.0
UNION_ST_W_BROADWAY,UNION ST & W BROADWAY,Columbia,-117.1660291,32.715158,0.08,251,none,0.083,1.0,12.0,0.0833333333333333,1.0,0.0,0,0.0,0,True,0,193.8,1,4,11,0,,0,0,0,0,601.9,0,0,2,0.0833333333333333,4,0,612.7,0.0,0,0.0,0.08,0.08
CALIFORNIA_ST_W_BROADWAY,CALIFORNIA ST & W BROADWAY,Columbia,-117.1705741,32.715156,0.08,251,none,0.083,1.0,12.0,0.0833333333333333,1.0,0.0,0,0.0,0,True,0,317.8,0,3,8,0,,0,0,0,0,921.4,0,0,0,0.0833333333333333,3,0,902.2,0.0,0,0.0,0.08,0.08
PARK_BL_RUSS_BL,PARK BL & RUSS BL,City Center,-117.1542576,32.7191273,0.08,251,none,0.083,1.0,12.0,0.0833333333333333,1.0,0.0,0,0.0,0,True,0,589.3,0,0,4,0,,0,0,0,0,708.5,0,0,5,0.0833333333333333,0,0,635.7,0.0,0,0.0,0.08,0.08
UNION_ST_W_G_ST,UNION ST & W G ST,Marina,-117.1660415,32.7120019,0.08,251,none,0.083,1.0,12.0,0.0833333333333333,1.0,0.0,0,0.0,0,True,0,173.9,1,1,18,0,,0,0,0,0,831.4,0,0,0,0.0833333333333333,1,0,726.0,0.0,0,0.0,0.08,0.08
CESAR_E_CHAVEZ_PY_I-5_SB,CESAR E CHAVEZ PY & I-5 SB,Outside Perimeter,-117.1465217,32.7035033,0.0,262,none,,,,,,0.0,0,0.0,0,False,0,844.3,0,0,0,0,,0,0,0,0,284.4,0,1,2,0.0,0,0,842.0,0.0,0,0.0,0.0,0.0
25TH_ST_ISLAND_AV,25TH ST & ISLAND AV,Outside Perimeter,-117.1413337,32.7099983,0.0,262,none,,,,,,0.0,0,0.0,0,False,0,737.3,0,0,1,0,,0,0,0,0,136.8,1,1,4,0.0,0,1,136.8,0.23,0,0.23,0.0,0.0
20TH_ST_K_ST,20TH ST & K ST,Outside Perimeter,-117.1462333,32.7078318,0.0,262,none,,,,,,0.0,0,0.0,0,False,0,461.2,0,0,2,0,,0,0,0,0,263.7,0,1,3,0.0,0,0,571.2,0.0,0,0.0,0.0,0.0
22ND_ST_K_ST,22ND ST & K ST,Outside Perimeter,-117.1444354,32.7078447,0.0,262,none,,,,,,0.0,0,0.0,0,False,0,590.2,0,0,2,0,,0,0,0,0,383.0,0,1,4,0.0,0,0,509.9,0.0,0,0.0,0.0,0.0
22ND_ST_G_ST,22ND ST & G ST,Outside Perimeter,-117.1444422,32.7121,0.0,262,none,,,,,,0.0,0,0.0,0,False,0,432.1,0,0,2,0,,0,0,0,0,405.5,0,0,2,0.0,0,0,452.6,0.0,0,0.0,0.0,0.0
22ND_ST_ISLAND_AV,22ND ST & ISLAND AV,Outside Perimeter,-117.1444268,32.7099351,0.0,262,none,,,,,,0.0,0,0.0,0,False,0,462.4,0,0,2,0,,0,0,0,0,316.3,0,1,3,0.0,0,0,419.4,0.0,0,0.0,0.0,0.0
20TH_ST_MARKET_ST,20TH ST & MARKET ST,Outside Perimeter,-117.1462566,32.7109976,0.0,262,none,,,,,,0.0,0,0.0,0,False,0,263.0,0,2,2,0,,0,0,0,0,196.6,1,1,2,0.0,2,0,563.2,0.0,0,0.0,0.0,0.0
25TH_ST_J_ST,25TH ST & J ST,Outside Perimeter,-117.1413245,32.7089464,0.0,262,none,,,,,,0.0,0,0.0,0,False,0,773.1,0,0,1,0,,0,0,0,0,212.8,0,1,4,0.0,0,1,212.8,0.23,0,0.23,0.0,0.0
20TH_ST_G_ST,20TH ST & G ST,Outside Perimeter,-117.1463384,32.7120933,0.0,262,none,,,,,,0.0,0,0.0,0,False,0,257.9,0,2,2,0,,0,0,0,0,289.7,0,1,2,0.0,2,0,603.8,0.0,0,0.0,0.0,0.0
24TH_ST_ISLAND_AV,24TH ST & ISLAND AV,Outside Perimeter,-117.1432088,32.7094203,0.0,262,none,,,,,,0.0,0,0.0,0,False,0,589.8,0,0,2,0,,0,0,0,0,323.7,0,1,3,0.0,0,1,323.7,0.23,0,0.23,0.0,0.0
25TH_ST_K_ST,25TH ST & K ST,Outside Perimeter,-117.1413004,32.7078924,0.0,262,none,,,,,,0.0,0,0.0,0,False,0,825.5,0,0,0,0,,0,0,0,0,314.8,0,1,4,0.0,0,1,314.8,0.23,0,0.23,0.0,0.0
25TH_ST_G_ST,25TH ST & G ST,Outside Perimeter,-117.1413559,32.7121302,0.0,262,none,,,,,,0.0,0,0.0,0,False,0,719.4,0,0,1,0,,0,0,0,0,221.5,0,1,4,0.0,0,1,221.5,0.23,0,0.23,0.0,0.0
BEARDSLEY_ST_MAIN_ST,BEARDSLEY ST & MAIN ST,Outside Perimeter,-117.1495408,32.7003924,0.0,262,none,,,,,,0.0,0,0.0,0,False,0,900.9,0,0,0,0,,0,0,0,0,401.6,0,0,1,0.0,0,0,949.9,0.0,0,0.0,0.0,0.0
Map_Border_Map_Border,Map Border & Map Border,Outside Perimeter,-117.1511516,32.7015111,0.0,262,none,,,,,,0.0,0,0.0,0,False,0,871.5,0,0,0,0,,0,0,0,0,317.3,0,1,1,0.0,0,0,892.9,0.0,0,0.0,0.0,0.0
NEWTON_AV_Map_Border,NEWTON AV & Map Border,Outside Perimeter,-117.150364,32.7023431,0.0,262,none,,,,,,0.0,0,0.0,0,False,0,853.7,0,0,0,0,,0,0,0,0,201.4,0,1,1,0.0,0,0,811.3,0.0,0,0.0,0.0,0.0
24TH_ST_K_ST,24TH ST & K ST,Outside Perimeter,-117.143186,32.7078535,0.0,262,none,,,,,,0.0,0,0.0,0,False,0,679.2,0,0,2,0,,0,0,0,0,419.3,0,0,4,0.0,0,0,419.3,0.0,0,0.0,0.0,0.0
22ND_ST_J_ST,22ND ST & J ST,Outside Perimeter,-117.1444379,32.7088943,0.0,262,none,,,,,,0.0,0,0.0,0,False,0,516.5,0,0,2,0,,0,0,0,0,330.7,0,1,4,0.0,0,0,452.5,0.0,0,0.0,0.0,0.0
BEARDSLEY_ST_NEWTON_AV,BEARDSLEY ST & NEWTON AV,Outside Perimeter,-117.148737,32.7011838,0.0,262,none,,,,,,0.0,0,0.0,0,False,0,942.9,0,0,0,0,,0,0,0,0,321.5,0,1,1,0.0,0,0,915.4,0.0,0,0.0,0.0,0.0
CESAR_E_CHAVEZ_PY_CROSBY_RD,CESAR E CHAVEZ PY & CROSBY RD,Outside Perimeter,-117.1502346,32.6968752,0.0,262,none,,,,,,0.0,0,0.0,0,False,0,655.5,0,0,1,0,,0,0,0,0,796.1,0,0,1,0.0,0,0,961.2,0.0,0,0.0,0.0,0.0
NEWTON_AV_PARK_BL,NEWTON AV & PARK BL,Outside Perimeter,-117.1539584,32.7039294,0.0,262,none,,,,,,0.0,0,0.0,0,False,0,498.1,0,0,7,0,,0,0,0,0,417.7,0,0,1,0.0,0,0,646.7,0.0,0,0.0,0.0,0.0
16TH_ST_C_ST,16TH ST & C ST,East Village,-117.1499595,32.7162861,0.0,262,none,0.0,0.0,12.0,0.0,0.0,0.0,0,0.0,0,True,0,540.3,0,0,2,0,,0,0,0,0,725.2,0,0,3,0.0,0,0,779.2,0.0,0,0.0,0.0,0.0
09TH_AV_CEDAR_ST,09TH AV & CEDAR ST,Cortez,-117.1570136,32.7214682,0.0,262,none,0.0,0.0,12.0,0.0,0.0,0.0,0,0.0,0,True,0,631.0,0,0,3,0,,0,0,0,0,423.4,0,0,5,0.0,0,0,704.0,0.0,0,0.0,0.0,0.0
21ST_ST_K_ST,21ST ST & K ST,Outside Perimeter,-117.1453286,32.7078362,0.0,262,none,,,,,,0.0,0,0.0,0,False,0,528.6,0,0,2,0,,0,0,0,0,318.4,0,1,4,0.0,0,0,580.6,0.0,0,0.0,0.0,0.0
21ST_ST_G_ST,21ST ST & G ST,Outside Perimeter,-117.145372,32.7120866,0.0,262,none,,,,,,0.0,0,0.0,0,False,0,346.0,0,1,2,0,,0,0,0,0,341.3,0,1,2,0.0,1,0,533.3,0.0,0,0.0,0.0,0.0
25TH_ST_MARKET_ST,25TH ST & MARKET ST,Outside Perimeter,-117.1413415,32.7110545,0.0,262,none,,,,,,0.0,0,0.0,0,False,0,719.0,0,0,1,0,,0,0,0,0,140.0,1,1,4,0.0,0,1,140.0,0.23,0,0.23,0.0,0.0
21ST_ST_L_ST,21ST ST & L ST,Outside Perimeter,-117.1453186,32.7067905,0.0,262,none,,,,,,0.0,0,0.0,0,False,0,602.3,0,0,2,0,,0,0,0,0,407.7,0,0,4,0.0,0,0,647.1,0.0,0,0.0,0.0,0.0
S_EVANS_ST_LOGAN_AV,S EVANS ST & LOGAN AV,Outside Perimeter,-117.1430314,32.6999216,0.0,262,none,,,,,,0.0,0,0.0,0,False,0,728.0,0,0,1,0,,0,0,0,0,757.1,0,0,1,0.0,0,1,391.5,0.23,0,0.23,0.0,0.0
CESAR_E_CHAVEZ_PY_LOGAN_AV,CESAR E CHAVEZ PY & LOGAN AV,Outside Perimeter,-117.1455189,32.7016458,0.0,262,none,,,,,,0.0,0,0.0,0,False,0,911.8,0,0,0,0,,0,0,0,0,455.8,0,0,1,0.0,0,0,693.0,0.0,0,0.0,0.0,0.0
S_EVANS_ST_I-5_SB,S EVANS ST & I-5 SB,Outside Perimeter,-117.1423963,32.7005212,0.0,262,none,,,,,,0.0,0,0.0,0,False,0,806.1,0,0,0,0,,0,0,0,0,769.9,0,0,2,0.0,0,0,404.3,0.0,0,0.0,0.0,0.0
21ST_ST_E_ST,21ST ST & E ST,Outside Perimeter,-117.1453569,32.7142517,0.0,262,none,,,,,,0.0,0,0.0,0,False,0,458.5,0,0,2,0,,0,0,0,0,545.8,0,0,2,0.0,0,0,652.8,0.0,0,0.0,0.0,0.0
22ND_ST_E_ST,22ND ST & E ST,Outside Perimeter,-117.1444639,32.7142172,0.0,262,none,,,,,,0.0,0,0.0,0,False,0,521.5,0,0,2,0,,0,0,0,0,582.6,0,0,2,0.0,0,0,588.3,0.0,0,0.0,0.0,0.0
22ND_ST_BROADWAY,22ND ST & BROADWAY,Outside Perimeter,-117.1464733,32.7142189,0.0,262,none,,,,,,0.0,0,0.0,0,False,0,384.2,0,1,2,0,,0,0,0,0,507.4,0,0,2,0.0,1,0,734.2,0.0,0,0.0,0.0,0.0
25TH_ST_SR-94_WB,25TH ST & SR-94 WB,Outside Perimeter,-117.1419995,32.713132,0.0,262,none,,,,,,0.0,0,0.0,0,False,0,680.4,0,0,1,0,,0,0,0,0,347.7,0,1,3,0.0,0,1,347.7,0.23,0,0.23,0.0,0.0
27TH_ST_B_ST,27TH ST & B ST,Outside Perimeter,-117.1371217,32.7173875,0.0,262,none,,,,,,0.0,0,0.0,0,False,0,1291.3,0,0,0,0,,0,0,0,0,668.7,0,0,1,0.0,0,1,16.9,0.23,0,0.23,0.0,0.0
23RD_ST_E_ST,23RD ST & E ST,Outside Perimeter,-117.1435701,32.7142204,0.0,262,none,,,,,,0.0,0,0.0,0,False,0,591.9,0,0,2,0,,0,0,0,0,532.3,0,0,2,0.0,0,0,532.3,0.0,0,0.0,0.0,0.0
20TH_ST_L_ST,20TH ST & L ST,Outside Perimeter,-117.1462508,32.7067948,0.0,262,none,,,,,,0.0,0,0.0,0,False,0,541.7,0,0,2,0,,0,0,0,0,364.7,0,1,3,0.0,0,0,617.0,0.0,0,0.0,0.0,0.0
BEARDSLEY_ST_LOGAN_AV,BEARDSLEY ST & LOGAN AV,Outside Perimeter,-117.1471732,32.7027984,0.0,262,none,,,,,,0.0,0,0.0,0,False,0,897.3,0,0,0,0,,0,0,0,0,255.7,0,1,2,0.0,0,0,872.3,0.0,0,0.0,0.0,0.0
22ND_ST_L_ST,22ND ST & L ST,Outside Perimeter,-117.1444237,32.7067979,0.0,262,none,,,,,,0.0,0,0.0,0,False,0,665.3,0,0,2,0,,0,0,0,0,460.1,0,0,4,0.0,0,0,584.4,0.0,0,0.0,0.0,0.0
25TH_ST_L_ST,25TH ST & L ST,Outside Perimeter,-117.141315,32.7068596,0.0,262,none,,,,,,0.0,0,0.0,0,False,0,886.0,0,0,0,0,,0,0,0,0,364.8,0,1,3,0.0,0,0,423.6,0.0,0,0.0,0.0,0.0
BEARDSLEY_ST_NATIONAL_AV,BEARDSLEY ST & NATIONAL AV,Outside Perimeter,-117.1479629,32.7019938,0.0,262,none,,,,,,0.0,0,0.0,0,False,0,965.9,0,0,0,0,,0,0,0,0,265.7,0,1,1,0.0,0,0,898.1,0.0,0,0.0,0.0,0.0
24TH_ST_L_ST,24TH ST & L ST,Outside Perimeter,-117.1431857,32.7067995,0.0,262,none,,,,,,0.0,0,0.0,0,False,0,755.2,0,0,2,0,,0,0,0,0,508.7,0,0,4,0.0,0,0,508.7,0.0,0,0.0,0.0,0.0
21ST_ST_ISLAND_AV,21ST ST & ISLAND AV,Outside Perimeter,-117.1453325,32.709933,0.0,262,none,,,,,,0.0,0,0.0,0,False,0,385.3,0,1,2,0,,0,0,0,0,231.6,0,1,3,0.0,1,0,503.4,0.0,0,0.0,0.0,0.0
20TH_ST_ISLAND_AV,20TH ST & ISLAND AV,Outside Perimeter,-117.1462789,32.7099376,0.0,262,none,,,,,,0.0,0,0.0,0,False,0,308.6,0,2,2,0,,0,0,0,0,143.3,1,1,3,0.0,2,0,538.1,0.0,0,0.0,0.0,0.0
20TH_ST_J_ST,20TH ST & J ST,Outside Perimeter,-117.1462467,32.7088883,0.0,262,none,,,,,,0.0,0,0.0,0,False,0,388.6,0,2,2,0,,0,0,0,0,177.4,1,1,3,0.0,2,0,543.2,0.0,0,0.0,0.0,0.0
22ND_ST_MARKET_ST,22ND ST & MARKET ST,Outside Perimeter,-117.1444428,32.7110048,0.0,262,none,,,,,,0.0,0,0.0,0,False,0,430.4,0,0,2,0,,0,0,0,0,341.9,0,1,2,0.0,0,0,419.9,0.0,0,0.0,0.0,0.0
21ST_ST_MARKET_ST,21ST ST & MARKET ST,Outside Perimeter,-117.1453454,32.7109963,0.0,262,none,,,,,,0.0,0,0.0,0,False,0,346.9,0,1,2,0,,0,0,0,0,265.7,0,1,2,0.0,1,0,503.7,0.0,0,0.0,0.0,0.0
19TH_ST_ISLAND_AV,19TH ST & ISLAND AV,Outside Perimeter,-117.147112,32.7099383,0.0,262,none,,,,,,0.0,0,0.0,0,False,0,248.0,0,2,2,0,,0,0,0,0,66.3,1,1,3,0.0,2,0,460.4,0.0,0,0.0,0.0,0.0
Map_Border_BAY_FRONT_ST,Map Border & BAY FRONT ST,Outside Perimeter,-117.1484226,32.6960745,0.0,262,none,,,,,,0.0,0,0.0,0,False,0,466.0,0,0,1,0,,0,0,0,0,888.0,0,0,0,0.0,0,0,804.7,0.0,0,0.0,0.0,0.0
Map_Border_HARBOR_DR,Map Border & HARBOR DR,Outside Perimeter,-117.1456167,32.6961166,0.0,262,none,,,,,,0.0,0,0.0,0,False,0,309.5,0,1,1,0,,0,0,0,0,950.0,0,0,0,0.0,1,0,548.2,0.0,0,0.0,0.0,0.0
SAMPSON_ST_LOGAN_AV,SAMPSON ST & LOGAN AV,Outside Perimeter,-117.1405284,32.6981952,0.0,262,none,,,,,,0.0,0,0.0,0,False,0,641.5,0,0,1,0,,0,0,0,0,935.2,0,0,0,0.0,0,1,91.9,0.23,0,0.23,0.0,0.0
S_EVANS_ST_NATIONAL_AV,S EVANS ST & NATIONAL AV,Outside Perimeter,-117.1429736,32.6985376,0.0,262,none,,,,,,0.0,0,0.0,0,False,0,578.7,0,0,1,0,,0,0,0,0,862.2,0,0,0,0.0,0,1,301.5,0.23,0,0.23,0.0,0.0
SAMPSON_ST_NATIONAL_AV,SAMPSON ST & NATIONAL AV,Outside Perimeter,-117.1413145,32.6973907,0.0,262,none,,,,,,0.0,0,0.0,0,False,0,525.9,0,0,1,0,,0,0,0,0,1043.7,0,0,0,0.0,0,1,123.7,0.23,0,0.23,0.0,0.0
SAMPSON_ST_I-5_SB,SAMPSON ST & I-5 SB,Outside Perimeter,-117.1399161,32.6988236,0.0,262,none,,,,,,0.0,0,0.0,0,False,0,731.8,0,0,1,0,,0,0,0,0,851.8,0,0,0,0.0,0,1,147.6,0.23,0,0.23,0.0,0.0
S_EVANS_ST_NEWTON_AV,S EVANS ST & NEWTON AV,Outside Perimeter,-117.1438153,32.697763,0.0,262,none,,,,,,0.0,0,0.0,0,False,0,478.9,0,0,1,0,,0,0,0,0,875.0,0,0,0,0.0,0,1,358.6,0.23,0,0.23,0.0,0.0
SAMPSON_ST_NEWTON_AV,SAMPSON ST & NEWTON AV,Outside Perimeter,-117.1420955,32.6965799,0.0,262,none,,,,,,0.0,0,0.0,0,False,0,410.2,0,0,1,0,,0,0,0,0,1078.6,0,0,0,0.0,0,1,221.4,0.23,0,0.23,0.0,0.0
S_EVANS_ST_MAIN_ST,S EVANS ST & MAIN ST,Outside Perimeter,-117.1446167,32.6969947,0.0,262,none,,,,,,0.0,0,0.0,0,False,0,389.2,0,1,1,0,,0,0,0,0,904.1,0,0,0,0.0,1,0,436.1,0.0,0,0.0,0.0,0.0
SAMPSON_ST_MAIN_ST,SAMPSON ST & MAIN ST,Outside Perimeter,-117.1429084,32.6958054,0.0,262,none,,,,,,0.0,0,0.0,0,False,0,296.8,0,1,1,0,,0,0,0,0,1101.5,0,0,0,0.0,1,1,331.4,0.23,0,0.23,0.0,0.0
UNION_ST_W_E_ST,UNION ST & W E ST,Marina,-117.1660529,32.7140915,0.0,262,none,0.0,0.0,12.0,0.0,0.0,0.0,0,0.0,0,True,0,248.1,0,4,11,0,,0,0,0,0,701.9,0,0,1,0.0,4,0,633.5,0.0,0,0.0,0.0,0.0
23RD_ST_BROADWAY,23RD ST & BROADWAY,Outside Perimeter,-117.1435962,32.7152689,0.0,262,none,,,,,,0.0,0,0.0,0,False,0,657.4,0,0,1,0,,0,0,0,0,628.7,0,0,2,0.0,0,0,628.7,0.0,0,0.0,0.0,0.0
01ST_AV_W_G_ST,01ST AV & W G ST,Marina,-117.164258,32.7120086,0.0,262,none,0.0,0.0,12.0,0.0,0.0,0.0,0,0.0,0,True,1,22.0,1,2,16,0,,0,0,0,0,667.4,0,0,2,0.0,2,0,591.3,0.0,0,0.0,0.0,0.0
26TH_ST_RUSS_BL,26TH ST & RUSS BL,Outside Perimeter,-117.1392609,32.7192067,0.0,262,none,,,,,,0.0,0,0.0,0,False,0,1252.2,0,0,0,0,,0,0,0,0,937.4,0,0,0,0.0,0,1,284.5,0.23,0,0.23,0.0,0.0
28TH_ST_E_ST,28TH ST & E ST,Outside Perimeter,-117.1349129,32.714698,0.0,262,none,,,,,,0.0,0,0.0,0,False,0,1366.6,0,0,0,0,,0,0,0,0,324.9,0,1,2,0.0,0,2,180.5,3.23,0,3.23,0.0,0.0
01ST_AV_W_E_ST,01ST AV & W E ST,City Center,-117.1642743,32.7141304,0.0,262,none,0.0,0.0,12.0,0.0,0.0,0.0,0,0.0,0,True,0,154.6,1,5,12,0,,0,0,0,0,628.5,0,0,3,0.0,5,0,472.5,0.0,0,0.0,0.0,0.0
22ND_ST_C_ST,22ND ST & C ST,Outside Perimeter,-117.1444968,32.7163093,0.0,262,none,,,,,,0.0,0,0.0,0,False,0,681.6,0,0,1,0,,0,0,0,0,771.8,0,0,2,0.0,0,0,714.6,0.0,0,0.0,0.0,0.0
21ST_ST_C_ST,21ST ST & C ST,Outside Perimeter,-117.1453954,32.7162995,0.0,262,none,,,,,,0.0,0,0.0,0,False,0,632.0,0,0,2,0,,0,0,0,0,757.8,0,0,1,0.0,0,0,797.6,0.0,0,0.0,0.0,0.0
20TH_ST_C_ST,20TH ST & C ST,Outside Perimeter,-117.1462957,32.7162925,0.0,262,none,,,,,,0.0,0,0.0,0,False,0,590.6,0,0,2,0,,0,0,0,0,736.4,0,0,1,0.0,0,0,873.8,0.0,0,0.0,0.0,0.0
20TH_ST_B_ST,20TH ST & B ST,Outside Perimeter,-117.1463063,32.7173415,0.0,262,none,,,,,,0.0,0,0.0,0,False,0,697.5,0,0,1,0,,0,0,0,0,851.1,0,0,0,0.0,0,0,871.9,0.0,0,0.0,0.0,0.0
20TH_ST_BROADWAY,20TH ST & BROADWAY,Outside Perimeter,-117.1462671,32.7152465,0.0,262,none,,,,,,0.0,0,0.0,0,False,0,489.3,0,0,2,0,,0,0,0,0,623.1,0,0,2,0.0,0,0,789.8,0.0,0,0.0,0.0,0.0
24TH_ST_E_ST,24TH ST & E ST,Outside Perimeter,-117.1428047,32.7142245,0.0,262,none,,,,,,0.0,0,0.0,0,False,0,654.8,0,0,2,0,,0,0,0,0,490.8,0,0,2,0.0,0,0,490.8,0.0,0,0.0,0.0,0.0
26TH_ST_E_ST,26TH ST & E ST,Outside Perimeter,-117.139224,32.7142467,0.0,262,none,,,,,,0.0,0,0.0,0,False,0,965.4,0,0,0,0,,0,0,0,0,423.4,0,0,2,0.0,0,0,417.8,0.0,0,0.0,0.0,0.0
25TH_ST_E_ST,25TH ST & E ST,Outside Perimeter,-117.14136,32.7142315,0.0,262,none,,,,,,0.0,0,0.0,0,False,0,777.5,0,0,1,0,,0,0,0,0,434.5,0,0,3,0.0,0,0,434.5,0.0,0,0.0,0.0,0.0
27TH_ST_E_ST,27TH ST & E ST,Outside Perimeter,-117.1370976,32.7142269,0.0,262,none,,,,,,0.0,0,0.0,0,False,0,1155.4,0,0,0,0,,0,0,0,0,363.6,0,1,2,0.0,0,2,364.5,3.23,0,3.23,0.0,0.0
27TH_ST_BROADWAY,27TH ST & BROADWAY,Outside Perimeter,-117.1371187,32.7152998,0.0,262,none,,,,,,0.0,0,0.0,0,False,0,1190.5,0,0,0,0,,0,0,0,0,460.4,0,0,2,0.0,0,2,245.2,3.23,0,3.23,0.0,0.0
28TH_ST_RUSS_BL,28TH ST & RUSS BL,Outside Perimeter,-117.134985,32.7192082,0.0,262,none,,,,,,0.0,0,0.0,0,False,0,1568.3,0,0,0,0,,0,0,0,0,825.9,0,0,0,0.0,0,1,267.9,0.23,0,0.23,0.0,0.0
28TH_ST_A_ST,28TH ST & A ST,Outside Perimeter,-117.1349655,32.7184471,0.0,262,none,,,,,,0.0,0,0.0,0,False,0,1525.1,0,0,0,0,,0,0,0,0,741.2,0,0,1,0.0,0,1,217.8,0.23,0,0.23,0.0,0.0
21ST_ST_B_ST,21ST ST & B ST,Outside Perimeter,-117.1453824,32.7173432,0.0,262,none,,,,,,0.0,0,0.0,0,False,0,733.4,0,0,1,0,,0,0,0,0,869.7,0,0,0,0.0,0,0,785.3,0.0,0,0.0,0.0,0.0
22ND_ST_B_ST,22ND ST & B ST,Outside Perimeter,-117.1444915,32.7173511,0.0,262,none,,,,,,0.0,0,0.0,0,False,0,776.3,0,0,1,0,,0,0,0,0,871.0,0,0,0,0.0,0,0,701.9,0.0,0,0.0,0.0,0.0
28TH_ST_B_ST,28TH ST & B ST,Outside Perimeter,-117.1349323,32.7173994,0.0,262,none,,,,,,0.0,0,0.0,0,False,0,1472.2,0,0,0,0,,0,0,0,0,624.6,0,0,1,0.0,0,2,194.0,3.23,0,3.23,0.0,0.0
27TH_ST_A_ST,27TH ST & A ST,Outside Perimeter,-117.1371302,32.7184356,0.0,262,none,,,,,,0.0,0,0.0,0,False,0,1353.6,0,0,0,0,,0,0,0,0,778.7,0,0,1,0.0,0,1,104.9,0.23,0,0.23,0.0,0.0
25TH_ST_SR-94_EB,25TH ST & SR-94 EB,Outside Perimeter,-117.1421398,32.7128513,0.0,262,none,,,,,,0.0,0,0.0,0,False,0,659.9,0,0,2,0,,0,0,0,0,329.7,0,1,3,0.0,0,1,329.7,0.23,0,0.23,0.0,0.0
24TH_ST_MARKET_ST,24TH ST & MARKET ST,Outside Perimeter,-117.1432164,32.7110029,0.0,262,none,,,,,,0.0,0,0.0,0,False,0,544.5,0,0,2,0,,0,0,0,0,306.4,0,1,3,0.0,0,1,306.4,0.23,0,0.23,0.0,0.0
24TH_ST_G_ST,24TH ST & G ST,Outside Perimeter,-117.143221,32.7121115,0.0,262,none,,,,,,0.0,0,0.0,0,False,0,545.5,0,0,2,0,,0,0,0,0,351.0,0,1,2,0.0,0,1,351.0,0.23,0,0.23,0.0,0.0
21ST_ST_J_ST,21ST ST & J ST,Outside Perimeter,-117.1453383,32.708886,0.0,262,none,,,,,,0.0,0,0.0,0,False,0,449.8,0,0,2,0,,0,0,0,0,252.0,0,1,4,0.0,0,0,531.3,0.0,0,0.0,0.0,0.0
SR-75_NB_HARBOR_DR,SR-75 NB & HARBOR DR,Outside Perimeter,-117.1471959,32.6971758,0.0,262,none,,,,,,0.0,0,0.0,0,False,0,480.8,0,0,1,0,,0,0,0,0,789.7,0,0,1,0.0,0,0,675.0,0.0,0,0.0,0.0,0.0
CESAR_E_CHAVEZ_PY_NATIONAL_AV,CESAR E CHAVEZ PY & NATIONAL AV,Outside Perimeter,-117.1462929,32.7008405,0.0,262,none,,,,,,0.0,0,0.0,0,False,0,834.2,0,0,0,0,,0,0,0,0,462.5,0,0,1,0.0,0,0,696.9,0.0,0,0.0,0.0,0.0
CESAR_E_CHAVEZ_PY_HARBOR_DR,CESAR E CHAVEZ PY & HARBOR DR,Outside Perimeter,-117.1499601,32.6986333,0.0,262,none,,,,,,0.0,0,0.0,0,False,0,766.9,0,0,1,0,,0,0,0,0,599.0,0,0,1,0.0,0,0,941.4,0.0,0,0.0,0.0,0.0
SR-75_NB_NEWTON_AV,SR-75 NB & NEWTON AV,Outside Perimeter,-117.145457,32.6989139,0.0,262,none,,,,,,0.0,0,0.0,0,False,0,609.3,0,0,1,0,,0,0,0,0,681.1,0,0,1,0.0,0,0,534.8,0.0,0,0.0,0.0,0.0
CESAR_E_CHAVEZ_PY_NEWTON_AV,CESAR E CHAVEZ PY & NEWTON AV,Outside Perimeter,-117.1470844,32.7000337,0.0,262,none,,,,,,0.0,0,0.0,0,False,0,766.6,0,0,1,0,,0,0,0,0,496.1,0,0,1,0.0,0,0,721.0,0.0,0,0.0,0.0,0.0
SR-75_NB_MAIN_ST,SR-75 NB & MAIN ST,Outside Perimeter,-117.1462473,32.698123,0.0,262,none,,,,,,0.0,0,0.0,0,False,0,540.0,0,0,1,0,,0,0,0,0,721.7,0,0,1,0.0,0,0,589.3,0.0,0,0.0,0.0,0.0
23RD_ST_B_ST,23RD ST & B ST,Outside Perimeter,-117.143609,32.7173586,0.0,262,none,,,,,,0.0,0,0.0,0,False,0,824.8,0,0,0,0,,0,0,0,0,835.0,0,0,0,0.0,0,0,619.2,0.0,0,0.0,0.0,0.0
25TH_ST_RUSS_BL,25TH ST & RUSS BL,Outside Perimeter,-117.1413996,32.7191888,0.0,262,none,,,,,,0.0,0,0.0,0,False,0,1113.3,0,0,0,0,,0,0,0,0,976.1,0,0,0,0.0,0,0,453.0,0.0,0,0.0,0.0,0.0
28TH_ST_C_ST,28TH ST & C ST,Outside Perimeter,-117.1349234,32.7163562,0.0,262,none,,,,,,0.0,0,0.0,0,False,0,1425.0,0,0,0,0,,0,0,0,0,508.7,0,0,1,0.0,0,2,232.5,3.23,0,3.23,0.0,0.0
26TH_ST_B_ST,26TH ST & B ST,Outside Perimeter,-117.1392518,32.7173841,0.0,262,none,,,,,,0.0,0,0.0,0,False,0,1123.7,0,0,0,0,,0,0,0,0,764.5,0,0,2,0.0,0,1,211.3,0.23,0,0.23,0.0,0.0
24TH_ST_C_ST,24TH ST & C ST,Outside Perimeter,-117.1428216,32.7163136,0.0,262,none,,,,,,0.0,0,0.0,0,False,0,788.7,0,0,1,0,,0,0,0,0,699.1,0,0,1,0.0,0,0,561.1,0.0,0,0.0,0.0,0.0
25TH_ST_B_ST,25TH ST & B ST,Outside Perimeter,-117.1413911,32.7173685,0.0,262,none,,,,,,0.0,0,0.0,0,False,0,966.8,0,0,0,0,,0,0,0,0,775.6,0,0,1,0.0,0,0,411.6,0.0,0,0.0,0.0,0.0
24TH_ST_A_ST,24TH ST & A ST,Outside Perimeter,-117.1428447,32.7184077,0.0,262,none,,,,,,0.0,0,0.0,0,False,0,961.1,0,0,0,0,,0,0,0,0,919.7,0,0,0,0.0,0,0,556.7,0.0,0,0.0,0.0,0.0
24TH_ST_B_ST,24TH ST & B ST,Outside Perimeter,-117.142808,32.7173536,0.0,262,none,,,,,,0.0,0,0.0,0,False,0,872.3,0,0,0,0,,0,0,0,0,807.0,0,0,0,0.0,0,0,544.3,0.0,0,0.0,0.0,0.0
23RD_ST_C_ST,23RD ST & C ST,Outside Perimeter,-117.1435955,32.7163112,0.0,262,none,,,,,,0.0,0,0.0,0,False,0,736.9,0,0,1,0,,0,0,0,0,729.3,0,0,1,0.0,0,0,631.8,0.0,0,0.0,0.0,0.0
SIGSBEE_ST_LOGAN_AV,SIGSBEE ST & LOGAN AV,Outside Perimeter,-117.1488413,32.7039621,0.0,262,none,,,,,,0.0,0,0.0,0,False,0,735.8,0,0,1,0,,0,0,0,1,61.8,1,1,2,0.0,0,0,683.8,0.0,0,0.0,0.0,0.0
CESAR_E_CHAVEZ_PY_MAIN_ST,CESAR E CHAVEZ PY & MAIN ST,Outside Perimeter,-117.1478554,32.6992415,0.0,262,none,,,,,,0.0,0,0.0,0,False,0,712.2,0,0,1,0,,0,0,0,0,551.7,0,0,1,0.0,0,0,760.9,0.0,0,0.0,0.0,0.0
DEWEY_ST_NATIONAL_AV,DEWEY ST & NATIONAL AV,Outside Perimeter,-117.1446388,32.6996946,0.0,262,none,,,,,,0.0,0,0.0,0,False,0,689.7,0,0,1,0,,0,0,0,0,661.1,0,0,1,0.0,0,0,498.5,0.0,0,0.0,0.0,0.0
23RD_ST_A_ST,23RD ST & A ST,Outside Perimeter,-117.1436063,32.7184017,0.0,262,none,,,,,,0.0,0,0.0,0,False,0,919.5,0,0,0,0,,0,0,0,0,942.2,0,0,0,0.0,0,0,626.9,0.0,0,0.0,0.0,0.0
22ND_ST_A_ST,22ND ST & A ST,Outside Perimeter,-117.1444777,32.7184044,0.0,262,none,,,,,,0.0,0,0.0,0,False,0,877.6,0,0,0,0,,0,0,0,0,974.8,0,0,0,0.0,0,0,707.6,0.0,0,0.0,0.0,0.0
25TH_ST_A_ST,25TH ST & A ST,Outside Perimeter,-117.1413938,32.7184121,0.0,262,none,,,,,,0.0,0,0.0,0,False,0,1048.6,0,0,0,0,,0,0,0,0,890.4,0,0,0,0.0,0,0,423.9,0.0,0,0.0,0.0,0.0
26TH_ST_A_ST,26TH ST & A ST,Outside Perimeter,-117.1392537,32.7184275,0.0,262,none,,,,,,0.0,0,0.0,0,False,0,1195.0,0,0,0,0,,0,0,0,0,861.7,0,0,0,0.0,0,1,235.0,0.23,0,0.23,0.0,0.0
20TH_ST_E_ST,20TH ST & E ST,Outside Perimeter,-117.1462531,32.7144027,0.0,262,none,,,,,,0.0,0,0.0,0,False,0,413.0,0,0,2,0,,0,0,0,0,532.5,0,0,2,0.0,0,0,729.2,0.0,0,0.0,0.0,0.0
27TH_ST_C_ST,27TH ST & C ST,Outside Perimeter,-117.1371181,32.7163436,0.0,262,none,,,,,,0.0,0,0.0,0,False,0,1236.6,0,0,0,0,,0,0,0,0,562.1,0,0,2,0.0,0,1,129.2,0.23,0,0.23,0.0,0.0
28TH_ST_BROADWAY,28TH ST & BROADWAY,Outside Perimeter,-117.1349019,32.7154434,0.0,262,none,,,,,,0.0,0,0.0,0,False,0,1391.5,0,0,0,0,,0,0,0,0,407.3,0,0,2,0.0,0,2,206.8,3.23,0,3.23,0.0,0.0
22ND_ST_BROADWAY__2,22ND ST & BROADWAY,Outside Perimeter,-117.144457,32.7152563,0.0,262,none,,,,,,0.0,0,0.0,0,False,0,596.6,0,0,2,0,,0,0,0,0,674.2,0,0,2,0.0,0,0,674.3,0.0,0,0.0,0.0,0.0
24TH_ST_BROADWAY,24TH ST & BROADWAY,Outside Perimeter,-117.1428252,32.7152716,0.0,262,none,,,,,,0.0,0,0.0,0,False,0,714.7,0,0,1,0,,0,0,0,0,593.4,0,0,2,0.0,0,0,593.4,0.0,0,0.0,0.0,0.0
25TH_ST_BROADWAY,25TH ST & BROADWAY,Outside Perimeter,-117.1413767,32.7152792,0.0,262,none,,,,,,0.0,0,0.0,0,False,0,828.7,0,0,0,0,,0,0,0,0,547.4,0,0,2,0.0,0,0,478.7,0.0,0,0.0,0.0,0.0
27TH_ST_RUSS_BL,27TH ST & RUSS BL,Outside Perimeter,-117.1371398,32.7192057,0.0,262,none,,,,,,0.0,0,0.0,0,False,0,1403.5,0,0,0,0,,0,0,0,0,860.7,0,0,0,0.0,0,1,190.3,0.23,0,0.23,0.0,0.0
28TH_ST_TREAT_ST,28TH ST & TREAT ST,Outside Perimeter,-117.1349019,32.7138216,0.0,262,none,,,,,,0.0,0,0.0,0,False,0,1345.5,0,0,0,0,,0,0,0,0,228.2,0,1,2,0.0,0,1,193.5,3.0,0,3.0,0.0,0.0
21ST_ST_BROADWAY,21ST ST & BROADWAY,Outside Perimeter,-117.145393,32.715256,0.0,262,none,,,,,,0.0,0,0.0,0,False,0,537.6,0,0,2,0,,0,0,0,0,647.9,0,0,2,0.0,0,0,731.8,0.0,0,0.0,0.0,0.0
26TH_ST_C_ST,26TH ST & C ST,Outside Perimeter,-117.1392365,32.7163365,0.0,262,none,,,,,,0.0,0,0.0,0,False,0,1061.2,0,0,0,0,,0,0,0,0,653.6,0,0,2,0.0,0,1,246.3,0.23,0,0.23,0.0,0.0
26TH_ST_BROADWAY,26TH ST & BROADWAY,Outside Perimeter,-117.1392374,32.7152924,0.0,262,none,,,,,,0.0,0,0.0,0,False,0,1007.2,0,0,0,0,,0,0,0,0,538.3,0,0,2,0.0,0,1,323.0,0.23,0,0.23,0.0,0.0
25TH_ST_C_ST,25TH ST & C ST,Outside Perimeter,-117.1413835,32.7163238,0.0,262,none,,,,,,0.0,0,0.0,0,False,0,892.9,0,0,0,0,,0,0,0,0,661.1,0,0,1,0.0,0,0,431.0,0.0,0,0.0,0.0,0.0
SIGSBEE_ST_NATIONAL_AV,SIGSBEE ST & NATIONAL AV,Outside Perimeter,-117.1496165,32.7031432,0.0,262,none,,,,,,0.0,0,0.0,0,False,0,819.7,0,0,0,0,,0,0,0,0,96.0,1,1,2,0.0,0,0,742.0,0.0,0,0.0,0.0,0.0
TONY_GWYNN_DR_L_ST,TONY GWYNN DR & L ST,East Village,-117.1583317,32.7061663,0.0,262,none,0.0,0.0,12.0,0.0,0.0,0.0,0,0.0,0,True,1,72.3,2,8,8,0,,0,0,0,0,758.1,0,0,2,0.0,8,0,699.6,0.0,0,0.0,0.0,0.0
01ST_AV_W_MARKET_ST,01ST AV & W MARKET ST,Marina,-117.164209,32.7109322,0.0,262,none,0.0,0.0,12.0,0.0,0.0,0.0,0,0.0,0,True,0,141.1,1,1,18,0,,0,0,0,0,698.7,0,0,2,0.0,1,0,673.1,0.0,0,0.0,0.0,0.0
FRONT_ST_W_MARKET_ST__2,FRONT ST & W MARKET ST,Marina,-117.1651491,32.7109428,0.0,262,none,0.0,0.0,12.0,0.0,0.0,0.0,0,0.0,0,True,0,165.8,1,1,20,0,,0,0,0,0,780.6,0,0,1,0.0,1,0,733.0,0.0,0,0.0,0.0,0.0
