name,street,city,state,zip,days,distribution_type,hours,holiday_changes,food_provided,eligibility,tips,source
Aguilas del Poderoso Dios,5901 Rancho Hills Drive,San Diego,CA,92139,Thursday,NEIGHBORHOOD DISTRIBUTION (PRODUCE),1st and 3rd Thursday of the month 10:00am until food runs out,"Reschedules: January 8 and January 22, 2026. Cancellations: May 7, July 2, and September 3, 2026.",25-30 pounds of fresh produce; occasional dry goods.,All are welcome,,https://www.sandiegofoodbank.org/get-food/
All Saint Episcopal Church,651 Eucalyptus Avenue,Vista,CA,92084,Saturday,FOOD TO NONPROFIT/ ASSORTED ITEMS,3rd and 4th Saturday of each month; 11 AM - 12 PM. For further information please email dorispayne3247@gmail.com or call (559) 299 - 0146,,Nonperishable dry goods and fresh produce,All are welcome,,https://www.sandiegofoodbank.org/get-food/
Apostolic Assembly Church,1717 East Lincoln Avenue,Escondido,CA,92027,Saturday,NEIGHBORHOOD DISTRIBUTION (PRODUCE),3rd Saturday of the month from 9:30 am to 10:30 am,"January 10, 2026",25-30 pounds of fresh produce; occasional dry goods.,,,https://www.sandiegofoodbank.org/get-food/
Apostolic Assembly First Church San Diego,611 South 35th St,San Diego,CA,92113,Thursday,EFAP (DRY/FROZEN ITEMS),2nd Thursday of each month from 10:00 am - 12:00 pm,No holiday reschedules for 2026,"Food menu changes monthly. Typical food package include: shelf-stable food items plus occasional fresh produce, dairy items, and frozen meat.",Emergency Food Assistance Program Income Guidelines Apply (click below map for chart),,https://www.sandiegofoodbank.org/get-food/
Armed Services YMCA Camp Pendleton,Building 200090 Ash Road and Wire Mountain Road,Oceanside,CA,92058,Friday,EFAP (DRY/FROZEN ITEMS),4th Friday of the month from 9:15 am - 11:45 am,"Rescheduled to: May 29, Nov 20, Dec 11","Food menu changes monthly. Typical food package include: shelf-stable food items plus occasional fresh produce, dairy items, and frozen meat.",Emergency Food Assistance Program Income Guidelines Apply (click below map for chart),,https://www.sandiegofoodbank.org/get-food/
Ascension Evangelical Lutheran Church,5106 Zion Avenue,San Diego,CA,92120,Tuesday; Saturday,EFAP (DRY/FROZEN ITEMS),Tuesdays & Saturdays from 8:30 am - 10:30 am,No holiday closures or reschedules in 2026,"Food menu changes monthly. Typical food package include: shelf-stable food items plus occasional fresh produce, dairy items, and frozen meat.",Emergency Food Assistance Program Income Guidelines Apply (click below map for chart),,https://www.sandiegofoodbank.org/get-food/
Ascension Evangelical Lutheran Church,6767 51st Street,San Diego,CA,92120,Friday,EFAP (DRY/FROZEN ITEMS),1st Friday of the month 8:30 am - 10:30 am,"Rescheduled to Jul 10, 2026","Food menu changes monthly. Typical food package include: shelf-stable food items plus occasional fresh produce, dairy items, and frozen meat.",Emergency Food Assistance Program Income Guidelines Apply (click below map for chart),,https://www.sandiegofoodbank.org/get-food/
Backcountry Resource Center,39919 Ribbonwood Road,Boulevard,CA,91905,Monday,SENIORS ONLY (60+),2nd Monday of each month from 10:00 am - 11:30 am,Rescheduled Dates due to Holidays: October 19,"A 30 pound box of food every month that is filled with a variety of nutritious food items. The box usually contains the following items: reduced-fat milk, instant non-fat milk, canned meats, peanut butter, canned fruits and vegetables, cheese, rice, pasta, fruit juice and cereal.",Senior (60+) only; Senior Food Program Income Guidelines Apply (click below map for chart),,https://www.sandiegofoodbank.org/get-food/
Buckheart Ranch,16881 Old Survey Road,Escondido,CA,92025,,FOOD TO NONPROFIT/ ASSORTED ITEMS,Call (760) 802-6769 or email buckheartjulie@gmail.com for current days and hours of operation.,,Nonperishable dry goods and fresh produce,All are welcome,,https://www.sandiegofoodbank.org/get-food/
Calexico - Metropolitan Calexico 10 Movie Theatre,2441 Scaroni Avenue,Calexico,CA,92231,Thursday,SENIORS ONLY (60+),3rd Thursday of each month from 6:30 am to 10:00 am,No holiday reschedules,"A 30 pound box of food every month that is filled with a variety of nutritious food items. The box usually contains the following items: reduced-fat milk, instant non-fat milk, canned meats, peanut butter, canned fruits and vegetables, cheese, rice, pasta, fruit juice and cereal.",Senior (60+) only; Senior Food Program Income Guidelines Apply (click below map for chart),,https://www.sandiegofoodbank.org/get-food/
Calvary Chapel Ramona - SOWED,114 14th Street Suite D,Ramona,CA,92065,,FOOD TO NONPROFIT/ ASSORTED ITEMS,visit www.ccramona.com/ministries/sowed or Call (760) 789-6031 for current days and hours,,Nonperishable dry goods and fresh produce,All are welcome,,https://www.sandiegofoodbank.org/get-food/
Calvary Evangelical Lutheran Church,3060 54th Street,San Diego,CA,92105,Monday; Wednesday,EFAP (DRY/FROZEN ITEMS),Mondays & Wednesdays from 11:00 am - 2:00 pm,"Closed in 2026 on: Jan 19, Feb 16, May 25, Jul 15, Sep 7, Oct 12, Nov 11, Dec 28, Dec 30","Food menu changes monthly. Typical food package include: shelf-stable food items plus occasional fresh produce, dairy items, and frozen meat.",Emergency Food Assistance Program Income Guidelines Apply (click below map for chart),,https://www.sandiegofoodbank.org/get-food/
Carlsbad City Library - Learning Center,3368 Eureka Place,Carlsbad,CA,92008,Monday,SENIORS ONLY (60+),2nd Monday of each month from 1:00 pm to 2:00 pm,Rescheduled Dates due to Holidays: October 19,"A 30 pound box of food every month that is filled with a variety of nutritious food items. The box usually contains the following items: reduced-fat milk, instant non-fat milk, canned meats, peanut butter, canned fruits and vegetables, cheese, rice, pasta, fruit juice and cereal.",Senior (60+) only; Senior Food Program Income Guidelines Apply (click below map for chart),,https://www.sandiegofoodbank.org/get-food/
Casa Familiar,3604 Beyer Blvd,San Ysidro,CA,92173,Monday,NEIGHBORHOOD DISTRIBUTION (PRODUCE),4th Monday of the month from 2:00pm - 4:00pm,,Rescheduled for December 14th,All are welcome,,https://www.sandiegofoodbank.org/get-food/
Christ the King Lutheran Church at Vallecitos Elementary School,5211 Fifth Street,Fallbrook,CA,92028,Friday,NEIGHBORHOOD DISTRIBUTION (PRODUCE),3rd Friday of the month from 1:30 pm until food is gone,"June 12, 2026",25-30 pounds of fresh produce; occasional dry goods.,All are welcome,,https://www.sandiegofoodbank.org/get-food/
Christian Church of Lemon Grove,3295 Meade Avenue,San Diego,CA,92116,Tuesday,EFAP (DRY/FROZEN ITEMS),4th Tuesday of the month from 3:00pm-5:00pm,No reschedules for 2026,"Food menu changes monthly. Typical food package include: shelf-stable food items plus occasional fresh produce, dairy items, and frozen meat.",Emergency Food Assistance Program Income Guidelines Apply (click below map for chart),,https://www.sandiegofoodbank.org/get-food/
CMC Good Neighbor Center (Nestor Site),1120 Nestor Way,Nestor,CA,92154,Tuesday,EFAP (DRY/FROZEN ITEMS),Tuesdays from 8:30 am - 10:30 am,"Closed in 2026 on: Mar 31, Jul 7, Aug 18, Aug 25","Food menu changes monthly. Typical food package include: shelf-stable food items plus occasional fresh produce, dairy items, and frozen meat.",Emergency Food Assistance Program Income Guidelines Apply (click below map for chart),,https://www.sandiegofoodbank.org/get-food/
Colina Del Sol Park Recreation Center - South Parking Lot,5319 Orange Avenue,San Diego,CA,92115,Wednesday,SENIORS ONLY (60+),4th Wednesday of each month from 9:00 am - 11:00 am,Rescheduled Dates due to Holidays: December 2,"A 30 pound box of food every month that is filled with a variety of nutritious food items. The box usually contains the following items: reduced-fat milk, instant non-fat milk, canned meats, peanut butter, canned fruits and vegetables, cheese, rice, pasta, fruit juice and cereal.",Senior (60+) only; Senior Food Program Income Guidelines Apply (click below map for chart),,https://www.sandiegofoodbank.org/get-food/
Community Christian Service Agency,4167 Rappahannock Avenue,San Diego,CA,92117,Monday; Tuesday; Wednesday; Thursday; Friday,EFAP (DRY/FROZEN ITEMS),Monday - Friday from 9:30 am - 3:30 pm,"Closed in 2026 on: Jan 1, Jan 19, Feb 16, May 25, Jul 3, Sep 7, Nov 11, Nov 26, Nov 27, Dec 25","Food menu changes monthly. Typical food package include: shelf-stable food items plus occasional fresh produce, dairy items, and frozen meat.",Emergency Food Assistance Program Income Guidelines Apply (click below map for chart),,https://www.sandiegofoodbank.org/get-food/
Community Resource Center,650 Second Street,Encinitas,CA,92024,Monday; Tuesday; Wednesday; Thursday; Friday,EFAP (DRY/FROZEN ITEMS),Monday-Thursday from 8:30-4:30 and Fridays from 8:30am-2:00pm,"Closed in 2026 on: Jan 1, Jan 5, Jan 19, Feb 2, Feb 16, Mar 2, Mar 31, Apr 6, May 4, May 25, Jun 1, Jun 19, Jul 3, Jul 6, Aug 3, Sep 7, Oct 5, Nov 2, Nov 11, Nov 26, Dec 7, Dec 25","Food menu changes monthly. Typical food package include: shelf-stable food items plus occasional fresh produce, dairy items, and frozen meat.",Emergency Food Assistance Program Income Guidelines Apply (click below map for chart),,https://www.sandiegofoodbank.org/get-food/
El Cajon New Season's Church,990 Naranca Avenue,El Cajon,CA,92021,Thursday,SENIORS ONLY (60+),2nd Thursday of each month from 9:30 am - 12:00 pm,No holiday reschedules,"A 30 pound box of food every month that is filled with a variety of nutritious food items. The box usually contains the following items: reduced-fat milk, instant non-fat milk, canned meats, peanut butter, canned fruits and vegetables, cheese, rice, pasta, fruit juice and cereal.",Senior (60+) only; Senior Food Program Income Guidelines Apply (click below map for chart),,https://www.sandiegofoodbank.org/get-food/
El Centro - Catholic Charities,250 W Orange Avenue,El Centro,CA,92243,Thursday,SENIORS ONLY (60+),1st Thursday of each month from 7:30 am - 11:00 am,Rescheduled Dates due to Holidays: January 5,"A 30 pound box of food every month that is filled with a variety of nutritious food items. The box usually contains the following items: reduced-fat milk, instant non-fat milk, canned meats, peanut butter, canned fruits and vegetables, cheese, rice, pasta, fruit juice and cereal.",Senior (60+) only; Senior Food Program Income Guidelines Apply (click below map for chart),,https://www.sandiegofoodbank.org/get-food/
Encanto Southern Baptist Church,6020 Akins Ave,San Diego,CA,92114,Thursday,EFAP (DRY/FROZEN ITEMS),1st Thursday of the month from 11:00 am to 12:30 pm,Rescheduled in 2026 to: Jan 8,"Food menu changes monthly. Typical food package include: shelf-stable food items plus occasional fresh produce, dairy items, and frozen meat.",Emergency Food Assistance Program Income Guidelines Apply (click below map for chart),,https://www.sandiegofoodbank.org/get-food/
Faith Chapel,9400 Campo Road,Spring Valley,CA,91977,Monday,NEIGHBORHOOD DISTRIBUTION (PRODUCE),3rd Monday of the month from 10:00 am until food is gone,"January 26, 2026 and February 23, 2026",25-30 pounds of fresh produce; occasional dry goods.,All are welcome,,https://www.sandiegofoodbank.org/get-food/
Fallbrook Food Pantry,140 N Brandon Road,Fallbrook,CA,92028,Wednesday,NEIGHBORHOOD DISTRIBUTION (PRODUCE),Last Wednesday of the month from 9:00 am until food is gone,All distributions will be held on regularly scheduled days,25-30 pounds of fresh produce; occasional dry goods.,All are welcome,,https://www.sandiegofoodbank.org/get-food/
Fallbrook Food Pantry,140 N Brandon Road,Fallbrook,CA,92028,Monday; Tuesday; Wednesday; Thursday; Friday,EFAP (DRY/FROZEN ITEMS),3rd week of the Month (Monday - Friday) from 9:30 am - 12:30 pm; Friday 4:00pm - 6:00pm or till food runs out,"Closed in 2026 on: Feb 16, Jun 19, Dec 24, Dec 25","Food menu changes monthly. Typical food package include: shelf-stable food items plus occasional fresh produce, dairy items, and frozen meat.",Emergency Food Assistance Program Income Guidelines Apply (click below map for chart),,https://www.sandiegofoodbank.org/get-food/
Fallbrook Spanish Seventh-Day Adventist Church,439 Iowa Street,Fallbrook,CA,92028,Friday,NEIGHBORHOOD DISTRIBUTION (PRODUCE),1st Friday of the month from 6:00pm - 7:00pm,All distributions will be held on regularly scheduled days,25-30 pounds of fresh produce; occasional dry goods.,All are welcome,,https://www.sandiegofoodbank.org/get-food/
Feeding the Flock,8118 University Avenue,La Mesa,CA,91942,Wednesday,NEIGHBORHOOD DISTRIBUTION (PRODUCE),4th Wednesday of the month from 4:00pm - 6:00pm,Reschedules: December 16th,25-30 pounds of fresh produce; occasional dry goods.,All are welcome,,https://www.sandiegofoodbank.org/get-food/
Food Pantry at Chollas View Church,904 47th street,San Diego,CA,92102,Saturday,EFAP (DRY/FROZEN ITEMS),Saturdays from 10:00 am - 12:00 pm,No Closures in 2026,"Food menu changes monthly. Typical food package include: shelf-stable food items plus occasional fresh produce, dairy items, and frozen meat.",Emergency Food Assistance Program Income Guidelines Apply (click below map for chart),,https://www.sandiegofoodbank.org/get-food/
Gloria McClellan Adult Activity & Resource Center,1400 Vale Terrace Drive,Vista,CA,92084,Tuesday,SENIORS ONLY (60+),3rd Tuesday of each month from 11:00 am - 12:00 pm,No holiday reschedules,"A 30 pound box of food every month that is filled with a variety of nutritious food items. The box usually contains the following items: reduced-fat milk, instant non-fat milk, canned meats, peanut butter, canned fruits and vegetables, cheese, rice, pasta, fruit juice and cereal.",Senior (60+) only; Senior Food Program Income Guidelines Apply (click below map for chart),,https://www.sandiegofoodbank.org/get-food/
Good News Baptist Church,4106 Swift Avenue,San Diego,CA,92104,Friday,EFAP (DRY/FROZEN ITEMS),1st Friday of the month from 9:00 am - 11:00 am,Rescheduled in 2026 to: Jul 10,"Food menu changes monthly. Typical food package include: shelf-stable food items plus occasional fresh produce, dairy items, and frozen meat.",Emergency Food Assistance Program Income Guidelines Apply (click below map for chart),,https://www.sandiegofoodbank.org/get-food/
Good News Missionary Baptist Church,4106 Swift Avenue,San Diego,CA,92104,Wednesday,SENIORS ONLY (60+),2nd Wednesday of each month from 1:30 pm - 2:30 pm,Rescheduled Dates due to Holidays: November 16,"A 30 pound box of food every month that is filled with a variety of nutritious food items. The box usually contains the following items: reduced-fat milk, instant non-fat milk, canned meats, peanut butter, canned fruits and vegetables, cheese, rice, pasta, fruit juice and cereal.",Senior (60+) only; Senior Food Program Income Guidelines Apply (click below map for chart),,https://www.sandiegofoodbank.org/get-food/
Grace Church - San Marcos,855 E Barham Drive,San Marcos,CA,92078,Wednesday,NEIGHBORHOOD DISTRIBUTION (PRODUCE),1st Wednesday of the month from 5:30 pm to 6:30 pm,All distributions will be held on regularly scheduled days,25-30 pounds of fresh produce; occasional dry goods.,All are welcome,,https://www.sandiegofoodbank.org/get-food/
Grandon Village,1607 Grandon Avenue,San Marcos,CA,92078,Tuesday,SENIORS ONLY (60+),2nd Tuesday of each month from 11:00 am - 12:00 pm,No holiday reschedules,"A 30 pound box of food every month that is filled with a variety of nutritious food items. The box usually contains the following items: reduced-fat milk, instant non-fat milk, canned meats, peanut butter, canned fruits and vegetables, cheese, rice, pasta, fruit juice and cereal.",Senior (60+) only; Senior Food Program Income Guidelines Apply (click below map for chart),,https://www.sandiegofoodbank.org/get-food/
Harvest Ridge Apartments,1388 E Palomar Street,Chula Vista,CA,91913,Tuesday,SENIORS ONLY (60+),2nd Tuesday of each month from 1:30 pm - 3:00 pm,No holiday reschedules,"A 30 pound box of food every month that is filled with a variety of nutritious food items. The box usually contains the following items: reduced-fat milk, instant non-fat milk, canned meats, peanut butter, canned fruits and vegetables, cheese, rice, pasta, fruit juice and cereal.",Senior (60+) only; Senior Food Program Income Guidelines Apply (click below map for chart),,https://www.sandiegofoodbank.org/get-food/
Hearts & Hands Working Together,4235 Beyer Blvd.,San Ysidro,CA,92173,Tuesday,NEIGHBORHOOD DISTRIBUTION (PRODUCE),1st Tuesday of the month from 8:00 am until food is gone,All distributions will be held on regularly scheduled days,25-30 pounds of fresh produce; occasional dry goods.,All are welcome,,https://www.sandiegofoodbank.org/get-food/
Hearts & Hands Working Together,4211 Camino De La Plaza,San Diego,CA,92173,Friday,EFAP (DRY/FROZEN ITEMS),3rd Friday of the month from 8:00 am - 11:00 am,Rescheduled to: Jun 12,"Food menu changes monthly. Typical food package include: shelf-stable food items plus occasional fresh produce, dairy items, and frozen meat.",Emergency Food Assistance Program Income Guidelines Apply (click below map for chart),,https://www.sandiegofoodbank.org/get-food/
Hearts & Hands Working Together,663 E San Ysidro Boulevard,San Ysdiro,CA,92173,Monday; Tuesday; Wednesday; Thursday; Friday,EFAP (DRY/FROZEN ITEMS),Monday - Friday from 3:00 pm - 5:30 pm,"Closed in 2026 on: Jan 1, Jan 2, Jan 6, Jan 16, Jan 19, Feb 3, Feb 16, Feb 20, Mar 3, Mar 20, Mar 31, Apr 7, Apr 17, May 5, May 15, May 25, Jun 2, Jun 12, Jun 19, Jul 3, Jul 7, Jul 17, Aug 4, Aug 21, Sep 1, Sep 7, Sep 18, Oct 6, Oct 12, Oct 16, Nov 3, Nov 11, Nov 20, Nov 26, Nov 27, Dec 1, Dec 18, Dec 24, Dec 25, Dec 31","Food menu changes monthly. Typical food package include: shelf-stable food items plus occasional fresh produce, dairy items, and frozen meat.",Emergency Food Assistance Program Income Guidelines Apply (click below map for chart),,https://www.sandiegofoodbank.org/get-food/
Heaven's Windows,8848 Troy Street,Spring Valley,CA,91977,Tuesday; Wednesday; Thursday; Friday,EFAP (DRY/FROZEN ITEMS),Tuesday - Friday from 9:00 am - 12:00 pm,"Closed in 2026 on: Jan 1, Jan 2, Jun 19, Jul 3, Nov 11, Nov 26, Nov 27, Dec 25, Dec 28, Dec 29, Dec 30, Dec 31","Food menu changes monthly. Typical food package include: shelf-stable food items plus occasional fresh produce, dairy items, and frozen meat.",Emergency Food Assistance Program Income Guidelines Apply (click below map for chart),,https://www.sandiegofoodbank.org/get-food/
ICNA Relief USA,833 Broadway,El Cajon,CA,92021,Thursday,EFAP (DRY/FROZEN ITEMS),1st Thursday of the month 9 am - 11 am,Rescheduled on: Jan 8; No Distribution in August,"Food menu changes monthly. Typical food package include: shelf-stable food items plus occasional fresh produce, dairy items, and frozen meat.",Emergency Food Assistance Program Income Guidelines Apply (click below map for chart),,https://www.sandiegofoodbank.org/get-food/
Iglesia Casa de Alabanza,3055 Beyer Boulevard Ste #C101,San Diego,CA,92154,Monday,NEIGHBORHOOD DISTRIBUTION (PRODUCE),Every Monday from 3:30 pm to 6:00 pm,"2026 Rescheduled days: February 19, May 28, September 10 and October 15, 2026.",25-30 pounds of fresh produce; occasional dry goods.,All are welcome,,https://www.sandiegofoodbank.org/get-food/
Immaculate Heart of Mary Church,537 E St,Ramona,CA,92065,Tuesday,SENIORS ONLY (60+),1st Tuesday of each month from 8:30 am - 10:00 am,No holiday reschedules,"A 30 pound box of food every month that is filled with a variety of nutritious food items. The box usually contains the following items: reduced-fat milk, instant non-fat milk, canned meats, peanut butter, canned fruits and vegetables, cheese, rice, pasta, fruit juice and cereal.",Senior (60+) only; Senior Food Program Income Guidelines Apply (click below map for chart),,https://www.sandiegofoodbank.org/get-food/
Imperial Beach Neighborhood Center,9850 Distribution Avenue,San Diego,CA,92121,Thursday,EFAP (DRY/FROZEN ITEMS),3rd Thursday of the month from 9:00 am - 10:30 am,No reschedules in 2026.,"Food menu changes monthly. Typical food package include: shelf-stable food items plus occasional fresh produce, dairy items, and frozen meat.",Emergency Food Assistance Program Income Guidelines Apply (click below map for chart),,https://www.sandiegofoodbank.org/get-food/
Jacumba - Highland Senior Center,44681 Old Hwy 80,Jacumba,CA,91934,Monday,SENIORS ONLY (60+),2nd Monday of each month from 12:30 pm - 1:30 pm,Rescheduled Dates due to Holidays: October 19,"A 30 pound box of food every month that is filled with a variety of nutritious food items. The box usually contains the following items: reduced-fat milk, instant non-fat milk, canned meats, peanut butter, canned fruits and vegetables, cheese, rice, pasta, fruit juice and cereal.",Senior (60+) only; Senior Food Program Income Guidelines Apply (click below map for chart),,https://www.sandiegofoodbank.org/get-food/
Jamul Community Church,14866 Lyons Valley Road,Jamul,CA,91935,,,,,Nonperishable dry goods and fresh produce,All are welcome,,https://www.sandiegofoodbank.org/get-food/
Jewish Family Services of SD,8804 Balboa Avenue,San Diego,CA,92123,Sunday,EFAP (DRY/FROZEN ITEMS),"2nd Sunday of the Month, 4:00 pm - 5:30 pm",Rescheduled: May 3; No distribution in September 2026,"Food menu changes. Typical food package include: shelf-stable food items plus occasional fresh produce, dairy items, and frozen meat.",Emergency Food Assistance Program Income Guidelines Apply (click below map for chart),,https://www.sandiegofoodbank.org/get-food/
Journey Community Church,8363 Center Drive Suite 6C,La Mesa,CA,91942,Friday,NEIGHBORHOOD DISTRIBUTION (PRODUCE),2nd Friday of the month from 9:00 am until food is gone,All distributions will be held on regularly scheduled days,25-30 pounds of fresh produce; occasional dry goods.,All are welcome,,https://www.sandiegofoodbank.org/get-food/
La Mesa Springs Apartments,8070 Orange Avenue,La Mesa,CA,91941,Wednesday,SENIORS ONLY (60+),2nd Wednesday of each month from 1:30 pm - 2:30 pm,Rescheduled Dates due to Holidays: November 16,"A 30 pound box of food every month that is filled with a variety of nutritious food items. The box usually contains the following items: reduced-fat milk, instant non-fat milk, canned meats, peanut butter, canned fruits and vegetables, cheese, rice, pasta, fruit juice and cereal.",Senior (60+) only; Senior Food Program Income Guidelines Apply (click below map for chart),,https://www.sandiegofoodbank.org/get-food/
Lakeside Christian Helps Center,9931 Channel Road,Lakeside,CA,92040,Monday; Tuesday; Wednesday; Thursday,EFAP (DRY/FROZEN ITEMS),Monday - Thursday from 10:00 am - 12:00 pm,"Closed in 2026 on: Jan 1, Jan 19, Feb 16, May 25, Sep 7, Nov 11, Nov 26, Dec 21, Dec 22, Dec 23, Dec 24","Food menu changes monthly. Typical food package include: shelf-stable food items plus occasional fresh produce, dairy items, and frozen meat.",Emergency Food Assistance Program Income Guidelines Apply (click below map for chart),,https://www.sandiegofoodbank.org/get-food/
Lakeside Gardens Inc.,12219 Roberts Way,Lakeside,CA,92040,Monday,SENIORS ONLY (60+),4th Monday of each month from 9:00 am - 10:00 am,Rescheduled Dates due to Holidays: May 29 and December 23,"A 30 pound box of food every month that is filled with a variety of nutritious food items. The box usually contains the following items: reduced-fat milk, instant non-fat milk, canned meats, peanut butter, canned fruits and vegetables, cheese, rice, pasta, fruit juice and cereal.",Senior (60+) only; Senior Food Program Income Guidelines Apply (click below map for chart),,https://www.sandiegofoodbank.org/get-food/
Las Americas Premium Outlets,Intersection of E 20th St & Newell St,National City,CA,91950,Wednesday,SENIORS ONLY (60+),1st Wednesday of each month from 7:00 am - 10:00 am,No holiday reschedules,"A 30 pound box of food every month that is filled with a variety of nutritious food items. The box usually contains the following items: reduced-fat milk, instant non-fat milk, canned meats, peanut butter, canned fruits and vegetables, cheese, rice, pasta, fruit juice and cereal.",Senior (60+) only; Senior Food Program Income Guidelines Apply (click below map for chart),,https://www.sandiegofoodbank.org/get-food/
Laurel Park Apartments,10122 Buena Vista Avenue,Santee,CA,92071,Monday,SENIORS ONLY (60+),4th Monday of each month from 10:30 am - 11:30 am,Rescheduled Dates due to Holidays: May 29 and December 23,"A 30 pound box of food every month that is filled with a variety of nutritious food items. The box usually contains the following items: reduced-fat milk, instant non-fat milk, canned meats, peanut butter, canned fruits and vegetables, cheese, rice, pasta, fruit juice and cereal.",Senior (60+) only; Senior Food Program Income Guidelines Apply (click below map for chart),,https://www.sandiegofoodbank.org/get-food/
LGBT Community Center,3909 Centre Street,San Diego,CA,92103,Tuesday,NEIGHBORHOOD DISTRIBUTION (PRODUCE),1st Tuesday of the month from 8:00 am to 10:00 am,"November 10th, 2026",25-30 pounds of fresh produce; occasional dry goods.,All are welcome,,https://www.sandiegofoodbank.org/get-food/
LGBT Community Center,3909 Centre Street,San Diego,CA,92103,Tuesday,SENIORS ONLY (60+),4th Tuesday of each month from 1:00 pm - 3:00 pm,No holiday reschedules,"A 30 pound box of food every month that is filled with a variety of nutritious food items. The box usually contains the following items: reduced-fat milk, instant non-fat milk, canned meats, peanut butter, canned fruits and vegetables, cheese, rice, pasta, fruit juice and cereal.",Senior (60+) only; Senior Food Program Income Guidelines Apply (click below map for chart),,https://www.sandiegofoodbank.org/get-food/
Lutheran Social Services of SoCal Project Hand,580 Hilltop Drive,Chula Vista,CA,91910,Monday; Wednesday; Friday,EFAP (DRY/FROZEN ITEMS),"Mondays, Wednesdays, & Fridays from 9:00 am - 2:00 pm","Closed in 2026 on: Jan 9, Jan 19, Feb 13, Feb 16, Mar 13, Apr 3, Apr 10, May 8, May 25, Jun 12, Jun 19, Jul 10, Aug 14, Sep 7, Sep 11, Oct 9, Nov 11, Nov 13, Dec 11, Dec 25","Food menu changes monthly. Typical food package include: shelf-stable food items plus occasional fresh produce, dairy items, and frozen meat.",Emergency Food Assistance Program Income Guidelines Apply (click below map for chart),,https://www.sandiegofoodbank.org/get-food/
Lutheran Social Services of SoCal Project Hand,580 Hilltop Drive,Chula Vista,CA,91910,Friday,EFAP (DRY/FROZEN ITEMS),2nd Friday of the month from 9:00 am until food is gone,No reschedules in 2026,"Food menu changes monthly. Typical food package include: shelf-stable food items plus occasional fresh produce, dairy items, and frozen meat.",Emergency Food Assistance Program Income Guidelines Apply (click below map for chart),,https://www.sandiegofoodbank.org/get-food/
MAAC Project at Chula Vista,1385 Third Avenue,Chula Vista,CA,91911,Thursday,EFAP (DRY/FROZEN ITEMS),3rd Thursday of each month from 8:30 am to 10:30 am,No reschedules for 2026,"Food menu changes monthly. Typical food package include: shelf-stable food items plus occasional fresh produce, dairy items, and frozen meat.",Emergency Food Assistance Program Income Guidelines Apply (click below map for chart),,https://www.sandiegofoodbank.org/get-food/
MAAC Project at Laurel Tree Apartments,1307 Laurel Tree Lane,Carlsbad,CA,92011,Tuesday,EFAP (DRY/FROZEN ITEMS),3rd Tuesday of the month from 1:30 pm until food is gone,No reschedules for 2026,"Food menu changes monthly. Typical food package include: shelf-stable food items plus occasional fresh produce, dairy items, and frozen meat.",Emergency Food Assistance Program Income Guidelines Apply (click below map for chart),,https://www.sandiegofoodbank.org/get-food/
MAAC Project at Mercado Apartments,2001 Newton Avenue,San Diego,CA,92113,Thursday,EFAP (DRY/FROZEN ITEMS),1st Thursday of the month from 9:00 am - 11:00 am,Rescheduled to: Jan 8,"Food menu changes monthly. Typical food package include: shelf-stable food items plus occasional fresh produce, dairy items, and frozen meat.",Emergency Food Assistance Program Income Guidelines Apply (click below map for chart),,https://www.sandiegofoodbank.org/get-food/
MAAC Project at San Martin de Porres Apartments,9140 Akard Street,Spring Valley,CA,91977,Tuesday,EFAP (DRY/FROZEN ITEMS),3rd Tuesday of the month from 10:00 am - 1:00 pm,No reschedules for 2026,"Food menu changes monthly. Typical food package include: shelf-stable food items plus occasional fresh produce, dairy items, and frozen meat.",Emergency Food Assistance Program Income Guidelines Apply (click below map for chart),,https://www.sandiegofoodbank.org/get-food/
MAAC Project Community Center,1387 3rd Avenue,Chula Vista,CA,91911,Friday,SENIORS ONLY (60+),4th Friday of each month from 9:00 am - 3:00 pm,Rescheduled Dates due to Holidays: November 20 and December 18,"A 30 pound box of food every month that is filled with a variety of nutritious food items. The box usually contains the following items: reduced-fat milk, instant non-fat milk, canned meats, peanut butter, canned fruits and vegetables, cheese, rice, pasta, fruit juice and cereal.",Senior (60+) only; Senior Food Program Income Guidelines Apply (click below map for chart),,https://www.sandiegofoodbank.org/get-food/
MAAC Project Villa Lakeshore Apartments,12606 Lakeshore Drive,Lakeside,CA,92040,Tuesday,EFAP (DRY/FROZEN ITEMS),2nd Tuesday of the month from 9:00 am until food is gone,No reschedules for 2026,"Food menu changes monthly. Typical food package include: shelf-stable food items plus occasional fresh produce, dairy items, and frozen meat.",Emergency Food Assistance Program Income Guidelines Apply (click below map for chart),,https://www.sandiegofoodbank.org/get-food/
Meridian Baptist Church,660 S 3rd Street,El Cajon,CA,92019,Friday,SENIORS ONLY (60+),2nd Friday of each month from 1:00 pm - 3:00 pm,No reschedules for holidays.,"A 30 pound box of food every month that is filled with a variety of nutritious food items. The box usually contains the following items: reduced-fat milk, instant non-fat milk, canned meats, peanut butter, canned fruits and vegetables, cheese, rice, pasta, fruit juice and cereal.",Senior (60+) only; Senior Food Program Income Guidelines Apply (click below map for chart),,https://www.sandiegofoodbank.org/get-food/
Mesa View Baptist Church,13230 Pomerado Road,Poway,CA,92064,Wednesday,SENIORS ONLY (60+),3rd Wednesday of each month from 1:30 pm - 3:00 pm,No holiday reschedules,"A 30 pound box of food every month that is filled with a variety of nutritious food items. The box usually contains the following items: reduced-fat milk, instant non-fat milk, canned meats, peanut butter, canned fruits and vegetables, cheese, rice, pasta, fruit juice and cereal.",Senior (60+) only; Senior Food Program Income Guidelines Apply (click below map for chart),,https://www.sandiegofoodbank.org/get-food/
Mesa View Baptist Church,13230 Pomerado Road,Poway,CA,92064,Saturday,EFAP (DRY/FROZEN ITEMS),Saturdays from 8:00 am - 11:00 am,"Closed in 2026 on: Jan 3, May 23, Jul 4, Nov 28, Dec 26","Food menu changes monthly. Typical food package include: shelf-stable food items plus occasional fresh produce, dairy items, and frozen meat.",Emergency Food Assistance Program Income Guidelines Apply (click below map for chart),,https://www.sandiegofoodbank.org/get-food/
Mid-City Church of the Nazarene,4101 University Avenue,San Diego,CA,92105,Wednesday,SENIORS ONLY (60+),3rd Wednesday of each month from 1:30 pm - 3:00 pm,No holiday reschedules,"A 30 pound box of food every month that is filled with a variety of nutritious food items. The box usually contains the following items: reduced-fat milk, instant non-fat milk, canned meats, peanut butter, canned fruits and vegetables, cheese, rice, pasta, fruit juice and cereal.",Senior (60+) only; Senior Food Program Income Guidelines Apply (click below map for chart),,https://www.sandiegofoodbank.org/get-food/
Mid-City Church of the Nazarene,4101 University Avenue,San Diego,CA,92105,Saturday,EFAP (DRY/FROZEN ITEMS),1st Saturday of the month from 9:00 am - 11:00 am,"Rescheduled in 2026 to: Jul 11, Sep 12","Food menu changes monthly. Typical food package include: shelf-stable food items plus occasional fresh produce, dairy items, and frozen meat.",Emergency Food Assistance Program Income Guidelines Apply (click below map for chart),,https://www.sandiegofoodbank.org/get-food/
Ministerio Tiempo Nuevo,1703 E. Valley Pkwy,Escondido,CA,92027,Tuesday,NEIGHBORHOOD DISTRIBUTION (PRODUCE),"Every other Tuesday from 2:00 PM to 6:00 PM; 2026 Dates: 1/6, 1/20, 2/3, 2/27, 3/3, 3/17, 3/30, 4/14, 4/28, 5/12, 5/26, 6/9, 6/30, 7/14, 7/28, 8/11, 8/25, 9/8, 9/22, 10/6, 10/20, 11/3, 11/17, 12/1, 12/15, 12/29.","Alternating Tuesdays, beginning on January 6, 2026 and ending on June 9th, 2026. Alternating Tuesday's restart on June 30th. Rescheduled for March 30, 2026.",25-30 pounds of fresh produce; occasional dry goods.,All are welcome,,https://www.sandiegofoodbank.org/get-food/
Ministerio Tiempo Nuevo - Alpine @ Bethel Assembly of God,1929 E. Arnold Way,Alpine,CA,91901,Thursday,EFAP (DRY/FROZEN ITEMS),Thursdays from 10:00 am - 12:00 pm,"Closed in 2026 on: Jan 1, May 21, May 28, Jun 4, Jun 11, Jun 18, Nov 26, Dec 24, Dec 31","Food menu changes monthly. Typical food package includes: shelf-stable food items plus occasional fresh produce, dairy items, and frozen meat.",Emergency Food Assistance Program Income Guidelines Apply (Click Below Map For Chart),,https://www.sandiegofoodbank.org/get-food/
Ministerio Tiempo Nuevo - El Cajon,885 East Vista Way,Vista,CA,92084,Monday; Tuesday; Wednesday; Thursday,EFAP (DRY/FROZEN ITEMS),Monday-Thursday from 8-11 am,"Closed in 2026 on: Jan 1, Jan 19, Feb 16, Mar 31, May 25, Sep 7, Oct 12, Nov 11, Nov 26, Dec 24, Dec 31","Food menu changes monthly. Typical food package includes: shelf-stable food items plus occasional fresh produce, dairy items, and frozen meat.",Emergency Food Assistance Program Income Guidelines Apply (Click Below Map For Chart),,https://www.sandiegofoodbank.org/get-food/
Mission San Luis Rey Parish,4070 Mission Avenue,Oceanside,CA,92029,Saturday,NEIGHBORHOOD DISTRIBUTION (PRODUCE),3rd Saturday of the month from 8:00am to 9:00am,Cancelled January 2026,25-30 pounds of fresh produce; occasional dry goods,All are welcome,,https://www.sandiegofoodbank.org/get-food/
Mountain Empire Route: Barrett Mobile Home Park (Dulzura),1250 Barrett Lake Road,Dulzura,CA,91917,Thursday,SENIORS ONLY (60+),4th Thursday of each month from 9:30 am - 10:00 am,Rescheduled Dates due to Holidays: November 2 & December 7,"A 30 pound box of food every month that is filled with a variety of nutritious food items. The box usually contains the following items: reduced-fat milk, instant non-fat milk, canned meats, peanut butter, canned fruits and vegetables, cheese, rice, pasta, fruit juice and cereal.",Senior (60+) only; Senior Food Program Income Guidelines Apply (click below map for chart),,https://www.sandiegofoodbank.org/get-food/
