date,source_dataset,category,subcategory_problem,address,city,postal_code,latitude,longitude,council_district,in_downtown_cpa,status_disposition,responding_units,master_incident_id,narrative_comment
2021-01-01,HomelessEncampments_CY2021 (SDFD likely-homeless-related fire/hazard calls),HAZARD,Smoke Check,7625 Mesa College Dr,SAN DIEGO,92111,32.800766,-117.157768,7,False,1-CALL COMPLETE,E27; E28,FS21000289,PER RP - POSS TRANSIENT BURNING SOMETHING IFO ADRESS - UNK IF WEAPONS
2021-01-01,HomelessEncampments_CY2021 (SDFD likely-homeless-related fire/hazard calls),HAZARD,Smoke Check,650 GATEWAY CENTER DR,SAN DIEGO,92102,32.713194,-117.11417,9,False,1-CALL COMPLETE,E19,FS21000309,homeless encampment
2021-01-02,HomelessEncampments_CY2021 (SDFD likely-homeless-related fire/hazard calls),HAZARD,Smoke Check,Sr-94 Wb Off Ramp,SAN DIEGO,92102,32.713608,-117.146462,8,False,1-CALL COMPLETE,E11,FS21000737,"E11 - ATS, SMALL HOMELESS ENCAMPMENT FIRE, INVESTIGATING"
2021-01-02,HomelessEncampments_CY2021 (SDFD likely-homeless-related fire/hazard calls),FIRE,Rubbish Fire,University Ave & Highland Ave,SAN DIEGO,92105,32.749595,-117.098734,9,False,1-CALL COMPLETE,E17,FS21000745,TRANSIENT MALE BURING RUBBISH
2021-01-02,HomelessEncampments_CY2021 (SDFD likely-homeless-related fire/hazard calls),HAZARD,Smoke Check,Sr-163 Ramp,SAN DIEGO,92108,32.771076,-117.161719,7,False,1-CALL COMPLETE,E28,FS21000765,"E28 WILL INV A FEW MORE MINUTES UNDERNEATH BRIDGE AT HOMELESS CAMP,"
2021-01-02,HomelessEncampments_CY2021 (SDFD likely-homeless-related fire/hazard calls),HAZARD,Smoke Check,JAMACHA RD,S.D. COUNTY,0,32.70465,-117.010652,,False,1-CALL COMPLETE,AM414; HB3; He10; SMB6; SME14; SMT15,FMSC210019,"Comment from CAHTL: [28] RP WAS COMING OFF THE OFF RAMP AND SAW THE SMOKE, NO LONGER IN THE AREA,  ITS IN THE HOMELESS AREA, IF YOUR LOOKING SOUTH WHEN COMING OFF THE RAMP"
2021-01-02,HomelessEncampments_CY2021 (SDFD likely-homeless-related fire/hazard calls),HAZARD,Smoke Check,6333 College Grove Way,SAN DIEGO,92115,32.737923,-117.057915,4,False,1-CALL COMPLETE,E26,FS21001057,Smoke from a homeless encampment.  PD Responding
2021-01-02,HomelessEncampments_CY2021 (SDFD likely-homeless-related fire/hazard calls),FIRE,Rubbish Fire,197 Palm Ave,IMPERIAL BEACH,91932,32.583925,-117.129567,,False,1-CALL COMPLETE,IBE239,IB21000018,TRANSIENT HAS STARTED RUBBISH FIRE ON SIDEWALK ACROSS FROM 7-11
2021-01-02,HomelessEncampments_CY2021 (SDFD likely-homeless-related fire/hazard calls),FIRE,Rubbish Fire,Sr-94 Wb Off Ramp,SAN DIEGO,92102,32.713608,-117.146462,8,False,1-CALL COMPLETE,E11,FS21001105,8582091191 ADD RP - TRANSIENT STARTING RUBBISH FIRE
2021-01-02,HomelessEncampments_CY2021 (SDFD likely-homeless-related fire/hazard calls),FIRE,Rubbish Fire,4481 EL CAJON BLVD,SAN DIEGO,92115,32.75527,-117.097988,9,False,1-CALL COMPLETE,E17; Inv67; Inv69; INVK9,FS21001112,"E17 ATS OF 10X10 RUBBISH FIRE AGAINST A BUILDING, E17 PULLING A LINE, KNOWN HOMELESS ENCAMPMENT. E17 CAN HANDLE; E17 REQ PD FOR KNOWN TRANSIENTS AND TO HAVE MAST COME UP ON TAC FOR E17"
2021-01-03,HomelessEncampments_CY2021 (SDFD likely-homeless-related fire/hazard calls),FIRE,Vegetation Initial Attack,543 Hotel Circle South,SAN DIEGO,92108,32.76057,-117.167585,7,False,1-CALL COMPLETE,E5; E8,FS21001190,"add/l rp 6195694117 states poss homeless encampment; E8- CONF HOMELESS ENCAMPMENT FIRE, 20X20, NO FURTHER RATE OF SPREAD, E8 AND E5 CAN HANDLE; Homeless encampment"
2021-01-03,HomelessEncampments_CY2021 (SDFD likely-homeless-related fire/hazard calls),FIRE,Illegal Burn,1755 Euclid Ave,SAN DIEGO,92105,32.723792,-117.084941,4,False,1-CALL COMPLETE,E26,FS21001230,homeless encapment fire...E26 extinguished; homeless fire; possible homeless has heating fire
2021-01-03,HomelessEncampments_CY2021 (SDFD likely-homeless-related fire/hazard calls),FIRE,Illegal Burn,805 W CEDAR ST,SAN DIEGO,92101,32.721945,-117.170108,3,True,1-CALL COMPLETE,E2; Inv67; Inv69; INVK9,FS21001286,HOMELESS PERSON TRIED TO START THE BLDG NEXT DOOR ON FIRE
2021-01-03,HomelessEncampments_CY2021 (SDFD likely-homeless-related fire/hazard calls),FIRE,Illegal Burn,3026 Midway Dr,SAN DIEGO,92110,32.749932,-117.206606,2,False,1-CALL COMPLETE,E8,FS21001352,"Homeless person sat near building, no signs of any burnt material. Cancel PD; Report of homeless burning trash in parking lot. Person eloped, no signs of burnt materials; TRANSIENT SETTING MULTIPEL SMALL FIRES IN PARKING LOT"
2021-01-03,HomelessEncampments_CY2021 (SDFD likely-homeless-related fire/hazard calls),HAZARD,Smoke Check,10990 San Diego Mission Rd,SAN DIEGO,92108,32.785022,-117.101767,7,False,1-CALL COMPLETE,E18,FS21001436,"E18 ATS, LIGHT SMOKE IN AREA, POSS HOMELESS ENCAMPMENT, INV,  REQ PD; RP DOES NOT SEE FLAMES, POSSIBLE HOMELESS ENCAMPMENT; SMALL HOMELESS ENCAMPMENT FIRE. EXTUINGUISHED"
2021-01-03,HomelessEncampments_CY2021 (SDFD likely-homeless-related fire/hazard calls),FIRE,Illegal Burn,Cardiff St & San Felipe St,SAN DIEGO,92114,32.709571,-117.023657,4,False,1-CALL COMPLETE,E51,FS21001612,e51: cancel the squad.. no burning here.. did see a homeless gale but no fire no danger e51 avail; transient female burning debri in the street
2021-01-03,HomelessEncampments_CY2021 (SDFD likely-homeless-related fire/hazard calls),FIRE,Illegal Burn,4222 Eta St,SAN DIEGO,92113,32.686685,-117.103385,8,False,1-CALL COMPLETE,NCE34,FS21001654,nce34: in the alley behind church. on 4222 eta street.. no fire.. it was a transient with a candle. candle is out. nce34 avail
2021-01-04,HomelessEncampments_CY2021 (SDFD likely-homeless-related fire/hazard calls),FIRE,Illegal Burn,West Point Loma Blvd & Sunset Cliffs Blvd,SAN DIEGO,92107,32.750946,-117.242242,2,False,1-CALL COMPLETE,E15,FS21001738,homeless camp of 10 people built a bon fire in a pathway. small.
2021-01-04,HomelessEncampments_CY2021 (SDFD likely-homeless-related fire/hazard calls),FIRE,Vegetation Initial Attack,1202 Camino Del Rio North,SAN DIEGO,92108,32.766888,-117.153353,7,False,1-CALL COMPLETE,E45; E5,FS21001853,Homeless encampment. UTL
2021-01-04,HomelessEncampments_CY2021 (SDFD likely-homeless-related fire/hazard calls),FIRE,Vegetation Initial Attack,17th St & J St,SAN DIEGO,92101,32.709411,-117.148552,3,True,1-CALL COMPLETE,E11; E7,FS21002050,E11 ADV HOMELESS ENCAMPMENT FIRE
2021-01-04,HomelessEncampments_CY2021 (SDFD likely-homeless-related fire/hazard calls),FIRE,Tree,10990 San Diego Mission Rd,SAN DIEGO,92108,32.785022,-117.101767,7,False,1-CALL COMPLETE,E45,FS21002113,homeless encampment fire. extinguished by fire personnel sdpd to handle; HOMELESS INDIVIDULAS ARE GRILLING AND A TREE IS ON FIRE NEXT TO IT
2021-01-04,HomelessEncampments_CY2021 (SDFD likely-homeless-related fire/hazard calls),HAZARD,Smoke Check,BONITA RD & INTERSTATE 805 NB,CHULA VISTA,91910,32.648032,-117.060864,,False,1-CALL COMPLETE,CVE52,CV21000301,"e52 ats homeless camp with smk showing , chp ats"
2021-01-04,HomelessEncampments_CY2021 (SDFD likely-homeless-related fire/hazard calls),FIRE,Vegetation Initial Attack,5048 Wightman St,SAN DIEGO,92105,32.747142,-117.085625,9,False,1-CALL COMPLETE,E10; E26,FS21002179,Homeless encampment; poss homeless camp
2021-01-05,HomelessEncampments_CY2021 (SDFD likely-homeless-related fire/hazard calls),FIRE,Rubbish Fire,321 Rancho Dr,CHULA VISTA,91911,32.591463,-117.037933,,False,1-CALL COMPLETE,E6,CV21000352,CB TO RP.....ADVISED OF LINE 8....NO HAZARDSFOUND...LEGAL ENCAMPMENT BBQ; E6 - CONTAINED BBQ HOMELESS ENCAMPMENT NO HAZARD AVAIL IN ABOUT 5 MIN
2021-01-05,HomelessEncampments_CY2021 (SDFD likely-homeless-related fire/hazard calls),FIRE,Rubbish Fire,706 F St,CHULA VISTA,91910,32.636661,-117.096419,,False,1-CALL COMPLETE,NCE34,CV21000390,POSSIBLE TRANSIENT STARTING A FIRE - RP SAW FLAMES
2021-01-05,HomelessEncampments_CY2021 (SDFD likely-homeless-related fire/hazard calls),FIRE,Rubbish Fire,3108 05th Ave,SAN DIEGO,92103,32.737749,-117.160337,3,False,1-CALL COMPLETE,E5,FS21002554,PRK LOT behind bldg - Transient behind bldg starting afire - RP sees smoke
2021-01-05,HomelessEncampments_CY2021 (SDFD likely-homeless-related fire/hazard calls),HAZARD,Smoke Check,Sr-163 Sb Off Ramp,SAN DIEGO,92101,32.725278,-117.156389,3,False,1-CALL COMPLETE,E5,FS21002631,Homeless encampment fire in enclosed fire pit. Extinguished.; STATES SHE SAW SMOKE FROM A HOMELESS ENCAMPMENT
2021-01-05,HomelessEncampments_CY2021 (SDFD likely-homeless-related fire/hazard calls),FIRE,Rubbish Fire,05th Ave & E St,SAN DIEGO,92101,32.71465,-117.160153,3,True,1-CALL COMPLETE,E201,FS21002736,HOMELESS MALE STARTING A PILE OF TRASH ON FIRE ON THE GROUND
2021-01-06,HomelessEncampments_CY2021 (SDFD likely-homeless-related fire/hazard calls),FIRE,Rubbish Fire,National Ave & Interstate 15 Nb On Ramp,SAN DIEGO,92113,32.695986,-117.120383,9,False,1-CALL COMPLETE,E19,FS21003028,homeless encampment fire
2021-01-06,HomelessEncampments_CY2021 (SDFD likely-homeless-related fire/hazard calls),HAZARD,Smoke Check,AVENIDA DEL RIO & CAMINO DE LA REINA,SAN DIEGO,92108,32.765836,-117.16415,7,False,1-CALL COMPLETE,E8,FS21003038,COOKING ENCAMPMENT FIRE. NO DAMAGE TO BUILDINGS. FIRE EXTINGUISHED
2021-01-06,HomelessEncampments_CY2021 (SDFD likely-homeless-related fire/hazard calls),FIRE,Vegetation Initial Attack,I-8 EB,SAN DIEGO,92108,32.760805,-117.168125,7,False,1-CALL COMPLETE,E20; E5; E8,FS21003058,E8 ats - light smoke showing from underspass - possle cooking fore - encampment [homeless encampment] E8 Investigating; E8 Update - mattress - encampment - E8 ats with E20; ENCAMPMENT FIRE UNDER 8 FREEWAY. NO STRUCTURES DAMAGED. ZERO PROPERTY LOSS
2021-01-06,HomelessEncampments_CY2021 (SDFD likely-homeless-related fire/hazard calls),FIRE,Rubbish Fire,15th St & Market St,SAN DIEGO,92101,32.711525,-117.150361,3,True,1-CALL COMPLETE,E11,FS21003293,"per rp, possible encampment fire - per rp, the people here carry weapons and are violent"
2021-01-07,HomelessEncampments_CY2021 (SDFD likely-homeless-related fire/hazard calls),FIRE,Vegetation Initial Attack,I-5 SB OFF RAMP,SAN DIEGO,92101,32.722833,-117.149728,3,False,1-CALL COMPLETE,E11,FS21003441,PD RESP - POSS HOMELESS ENCAMPMENT FIRE
2021-01-07,HomelessEncampments_CY2021 (SDFD likely-homeless-related fire/hazard calls),FIRE,Rubbish Fire,3064 NATIONAL AVE,SAN DIEGO,92113,32.695955,-117.128041,8,False,1-CALL COMPLETE,E19; Inv67; Inv69,FS21003698,"PER CHP - TRANSIENT STARTING FIRE, NFI"
2021-01-02,HomelessEncampments_CY2021 (SDFD likely-homeless-related fire/hazard calls),FIRE,Rubbish Fire,17th St & Island Ave,SAN DIEGO,92101,32.710455,-117.148549,3,True,1-CALL COMPLETE,E11,FS21004274,homeless encampment; TRASH  NEAR HOMELESS ENCAMPMENT  ON FIRE
2021-01-02,HomelessEncampments_CY2021 (SDFD likely-homeless-related fire/hazard calls),FIRE,Rubbish Fire,Camino De La Reina & Qualcomm Way,SAN DIEGO,92108,32.771866,-117.140138,7,False,1-CALL COMPLETE,E45,FS21004430,HOMELESS MAN APPEARS TO BE LIGHTING PAPER ON FIRE; RP SEES HOMELESS MAN STARTING A FIRE ON THE SIDE WALK NEAR THE CORNER
2021-01-02,HomelessEncampments_CY2021 (SDFD likely-homeless-related fire/hazard calls),FIRE,Illegal Burn,4494 Calle De Vida,SAN DIEGO,92124,32.826404,-117.086039,7,False,1-CALL COMPLETE,E28,FS21004688,RP SEES  HOMELESS ENCAMPMENT -POSS ILLEGAL BURN
2021-01-02,HomelessEncampments_CY2021 (SDFD likely-homeless-related fire/hazard calls),FIRE,Illegal Burn,1703 Via Encantadoras,SAN DIEGO,92173,32.56503,-117.061425,8,False,1-CALL COMPLETE,E30,FS21004808,"EMPTY LOT NEXT TO HOUSE, HOMELESS WOMAN STARTING A WARMING FIRE BURNIG WOOD."
2021-01-02,HomelessEncampments_CY2021 (SDFD likely-homeless-related fire/hazard calls),FIRE,Illegal Burn,575 28th St,SAN DIEGO,92102,32.711389,-117.133889,8,False,1-CALL COMPLETE,E11,FS21004874,RP REPORTING A HOMELESS MALE SITTING ON A COUCH WITH A POSSIBLE WARMING FIRE NEXT TO HIM
2021-01-02,HomelessEncampments_CY2021 (SDFD likely-homeless-related fire/hazard calls),HAZARD,Smoke Check,I-805 Nb,CHULA VISTA,91910,32.648305,-117.061186,,False,1-CALL COMPLETE,CVE51,CV21000785,"CVE51 NO OBVIOUS SMOKE IN AREA , LIGHHT HAZE OR FOG, HOMELESS ENCAMPMENT IN THE AREA , CONT RESPONSE"
